episode_id,area_name,start_utc,end_utc,duration_h,source,peak_mmh,peak_source,peak_utc,arpa_max_mm,arpa_mean_mm,arpa_cov_pct,sri_max_mm,sri_mean_mm,sri_cov_pct,sri_peak_mmh,cum3_max_mm,cum3_mean_mm,cum3_blocks,gauge_name,gauge_mm,gauge_type,n_alerts,n_storm,n_nowcast,n_monitor,n_forecast,first_alert_utc,alert_lead_min,forecast_lead_h,status
panna_20261005T0910,panna,2026-10-05T09:10:00Z,2026-10-05T11:35:00Z,2.4,SRI,1.0,SRI,2026-10-05T09:25:00Z,,,,1.7,1.1,100,1.0,0.0,0.0,1,Monte di Fò,,,0,0,0,0,0,,,,in corso
cepina_20261005T0700,cepina,2026-10-05T07:00:00Z,2026-10-05T07:25:00Z,0.4,ARPA + SRI,0.6,ARPA,2026-10-05T07:05:00Z,0.2,0.1,100,4.1,2.0,100,15.9,2.9,2.5,1,Oga S.Colombano,,,1,1,0,0,0,2026-10-05T06:46:03Z,19,,chiuso
panna_20260918T1505,panna,2026-09-18T15:05:00Z,2026-09-18T16:40:00Z,1.6,SRI,3.6,SRI,2026-09-18T16:15:00Z,,,,1.3,0.2,100,3.6,2.7,1.3,1,Monte di Fò,0.0,giornaliero 9→9 (1 g),0,0,0,0,0,,,,chiuso
ruspino_20260918T1200,ruspino,2026-09-18T12:00:00Z,2026-09-18T13:50:00Z,1.8,ARPA + SRI,8.6,ARPA,2026-09-18T13:20:00Z,2.2,0.2,95,1.6,0.6,100,3.1,2.4,1.8,1,Cornalita,,,0,0,0,0,0,,,,chiuso
cepina_20260918T1105,cepina,2026-09-18T11:05:00Z,2026-09-18T14:10:00Z,3.1,ARPA + SRI,0.7,ARPA,2026-09-18T13:10:00Z,0.7,0.2,92,20.1,7.2,100,36.9,10.3,7.5,2,Oga S.Colombano,7.6,10min,1,1,0,0,0,2026-09-18T13:02:14Z,8,,chiuso
ruspino_20260918T0620,ruspino,2026-09-18T06:20:00Z,2026-09-18T08:30:00Z,2.2,ARPA + SRI,3.4,ARPA,2026-09-18T07:10:00Z,2.8,0.7,96,4.0,2.7,100,4.4,8.0,6.3,1,Cornalita,,,0,0,0,0,0,,,,chiuso
panna_20260917T0800,panna,2026-09-17T08:00:00Z,2026-09-17T12:45:00Z,4.8,SRI,12.8,SRI,2026-09-17T11:15:00Z,,,,18.0,12.6,100,12.8,3.5,2.6,3,Monte di Fò,1.8,giornaliero 9→9 (1 g),2,2,0,0,0,2026-09-17T10:28:38Z,46,,chiuso
ruspino_20260916T2015,ruspino,2026-09-16T20:15:00Z,2026-09-17T06:35:00Z,10.3,ARPA + SRI,56.2,ARPA,2026-09-16T21:30:00Z,58.8,11.7,100,104.5,68.1,100,67.6,68.9,57.8,5,Cornalita,57.0,10min,6,5,0,1,0,2026-09-16T21:36:36Z,-7,,chiuso
cepina_20260916T1755,cepina,2026-09-16T17:55:00Z,2026-09-16T23:00:00Z,5.1,ARPA + SRI,4.2,ARPA,2026-09-16T18:25:00Z,3.5,1.1,98,30.7,18.3,100,33.4,24.8,20.6,3,Oga S.Colombano,15.4,10min,4,2,0,2,0,2026-09-16T18:26:28Z,-1,,chiuso
panna_20260910T1930,panna,2026-09-10T19:30:00Z,2026-09-11T02:10:00Z,6.7,SRI,15.3,SRI,2026-09-10T21:15:00Z,,,,21.7,13.6,100,15.3,32.5,22.7,3,Monte di Fò,48.0,"giornaliero 9→9 (1 g), condiviso con altri 1 episodi",6,3,0,3,0,2026-09-10T20:05:27Z,70,,chiuso
cepina_20260910T1300,cepina,2026-09-10T13:00:00Z,2026-09-10T13:35:00Z,0.6,ARPA + SRI,0.7,ARPA,2026-09-10T13:25:00Z,0.3,0.1,100,13.3,9.4,100,38.4,2.5,1.9,1,Oga S.Colombano,0.2,10min,2,1,0,1,0,2026-09-10T12:51:01Z,34,,chiuso
panna_20260910T1050,panna,2026-09-10T10:50:00Z,2026-09-10T14:45:00Z,3.9,SRI,11.7,SRI,2026-09-10T11:25:00Z,,,,16.9,13.6,100,11.7,23.0,19.3,2,Monte di Fò,48.0,"giornaliero 9→9 (1 g), condiviso con altri 1 episodi",5,2,0,2,1,2026-09-10T11:20:57Z,4,3.6,chiuso
ruspino_20260910T0500,ruspino,2026-09-10T05:00:00Z,2026-09-10T11:15:00Z,6.2,ARPA + SRI,7.0,ARPA,2026-09-10T06:40:00Z,8.2,1.4,99,13.7,6.1,100,17.2,9.7,7.5,3,Cornalita,9.4,10min,3,3,0,0,0,2026-09-10T07:05:45Z,-26,,chiuso
panna_20260910T0240,panna,2026-09-10T02:40:00Z,2026-09-10T04:20:00Z,1.7,SRI,7.2,SRI,2026-09-10T02:55:00Z,,,,5.1,3.7,100,7.2,3.3,2.4,2,Monte di Fò,17.3,"giornaliero 9→9 (1 g), condiviso con altri 1 episodi",2,2,0,0,0,2026-09-10T03:10:46Z,-16,,chiuso
cepina_20260909T1315,cepina,2026-09-09T13:15:00Z,2026-09-09T14:10:00Z,0.9,ARPA + SRI,0.8,ARPA,2026-09-09T13:15:00Z,0.5,0.2,91,8.3,5.9,100,19.5,14.6,14.0,1,Oga S.Colombano,11.0,10min,2,1,0,1,0,2026-09-09T12:41:10Z,34,,chiuso
ruspino_20260909T0955,ruspino,2026-09-09T09:55:00Z,2026-09-10T01:30:00Z,15.6,ARPA + SRI,92.9,ARPA,2026-09-09T10:25:00Z,89.7,17.5,99,166.9,97.6,100,91.9,99.6,87.3,6,Cornalita,87.4,10min,9,4,0,3,2,2026-09-09T10:25:56Z,-1,-14.2,chiuso
panna_20260909T0635,panna,2026-09-09T06:35:00Z,2026-09-09T19:25:00Z,12.8,SRI,40.5,SRI,2026-09-09T13:20:00Z,,,,48.4,30.0,97,40.5,23.0,18.6,5,Monte di Fò,17.3,"giornaliero 9→9 (2 g), condiviso con altri 1 episodi",4,3,0,1,0,2026-09-09T10:25:56Z,174,,chiuso
cepina_20260909T0255,cepina,2026-09-09T02:55:00Z,2026-09-09T07:25:00Z,4.5,ARPA + SRI,0.9,ARPA,2026-09-09T03:20:00Z,2.5,0.8,100,22.7,19.6,100,6.9,21.5,18.3,3,Oga S.Colombano,20.8,10min,2,1,0,1,0,2026-09-09T03:11:02Z,9,,chiuso
ruspino_20260909T0120,ruspino,2026-09-09T01:20:00Z,2026-09-09T05:50:00Z,4.5,ARPA + SRI,80.5,ARPA,2026-09-09T03:15:00Z,32.6,6.1,100,53.3,24.3,100,112.1,25.2,21.5,2,Cornalita,23.4,10min,2,1,0,1,0,2026-09-09T03:11:02Z,4,,chiuso
cepina_20260908T2155,cepina,2026-09-08T21:55:00Z,2026-09-08T22:00:00Z,0.1,ARPA + SRI,0.5,ARPA,2026-09-08T21:55:00Z,0.0,0.0,100,0.4,0.4,100,5.2,4.4,4.1,1,Oga S.Colombano,0.2,10min,1,1,0,0,0,2026-09-08T21:48:58Z,6,,chiuso
panna_20260902T1400,panna,2026-09-02T14:00:00Z,2026-09-02T18:00:00Z,4.0,SRI,19.0,SRI,2026-09-02T14:35:00Z,,,,17.7,8.0,100,19.0,2.1,1.0,2,Monte di Fò,0.4,giornaliero 9→9 (1 g),1,1,0,0,0,2026-09-02T14:36:02Z,-1,,chiuso
cepina_20260828T2135,cepina,2026-08-28T21:35:00Z,2026-08-28T22:05:00Z,0.5,ARPA + SRI,2.0,ARPA,2026-08-28T21:55:00Z,0.5,0.1,100,5.6,2.3,100,24.4,2.0,1.6,1,Oga S.Colombano,0.0,10min,2,2,0,0,0,2026-08-28T22:10:48Z,-16,,chiuso
ruspino_20260828T1525,ruspino,2026-08-28T15:25:00Z,2026-08-28T17:00:00Z,1.6,ARPA + SRI,42.1,ARPA,2026-08-28T15:55:00Z,9.2,2.2,100,27.2,16.8,100,147.7,8.2,5.5,1,Cornalita,5.8,10min,3,3,0,0,0,2026-08-28T16:01:15Z,-6,,chiuso
cepina_20260828T1520,cepina,2026-08-28T15:20:00Z,2026-08-28T17:35:00Z,2.2,ARPA + SRI,3.4,ARPA,2026-08-28T15:35:00Z,1.5,0.4,100,12.4,8.9,100,24.2,8.9,8.3,1,Oga S.Colombano,8.0,10min,4,4,0,0,0,2026-08-28T15:41:17Z,-6,,chiuso
cepina_20260828T0340,cepina,2026-08-28T03:40:00Z,2026-08-28T04:30:00Z,0.8,ARPA + SRI,0.9,ARPA,2026-08-28T04:05:00Z,0.6,0.1,100,5.6,4.6,100,12.2,0.7,0.6,1,Oga S.Colombano,0.4,10min,1,1,0,0,0,2026-08-28T03:46:06Z,19,,chiuso
ruspino_20260828T0245,ruspino,2026-08-28T02:45:00Z,2026-08-28T07:10:00Z,4.4,ARPA + SRI,9.3,ARPA,2026-08-28T03:40:00Z,4.6,1.1,100,14.8,10.2,100,29.3,2.2,1.7,3,Cornalita,1.6,10min,4,4,0,0,0,2026-08-28T03:46:06Z,-6,,chiuso
panna_20260825T0610,panna,2026-08-25T06:10:00Z,2026-08-25T07:10:00Z,1.0,SRI,7.7,SRI,2026-08-25T06:35:00Z,,,,3.8,2.1,100,7.7,1.0,0.7,1,Monte di Fò,7.7,"giornaliero 9→9 (2 g), condiviso con altri 1 episodi",3,3,0,0,0,2026-08-25T06:41:05Z,-6,,chiuso
cepina_20260825T0420,cepina,2026-08-25T04:20:00Z,2026-08-25T04:25:00Z,0.1,ARPA + SRI,0.6,ARPA,2026-08-25T04:20:00Z,0.0,0.0,100,0.3,0.2,100,3.6,4.6,3.7,1,Oga S.Colombano,3.2,10min,1,1,0,0,0,2026-08-25T04:31:04Z,-11,,chiuso
cepina_20260824T2350,cepina,2026-08-24T23:50:00Z,2026-08-24T23:55:00Z,0.1,ARPA + SRI,0.9,ARPA,2026-08-24T23:50:00Z,0.1,0.0,100,0.6,0.4,100,6.6,2.1,1.6,1,Oga S.Colombano,1.6,10min,1,1,0,0,0,2026-08-25T00:06:12Z,-16,,chiuso
panna_20260824T2335,panna,2026-08-24T23:35:00Z,2026-08-25T02:20:00Z,2.8,SRI,54.6,SRI,2026-08-25T01:10:00Z,,,,40.1,29.3,100,54.6,10.2,8.2,2,Monte di Fò,7.7,"giornaliero 9→9 (1 g), condiviso con altri 1 episodi",1,1,0,0,0,2026-08-24T23:47:18Z,83,,chiuso
ruspino_20260824T2035,ruspino,2026-08-24T20:35:00Z,2026-08-25T09:40:00Z,13.1,ARPA + SRI,10.7,ARPA,2026-08-24T22:30:00Z,19.8,4.8,100,55.4,37.9,100,31.2,38.0,34.7,6,Cornalita,36.0,10min,6,5,0,1,0,2026-08-24T22:40:54Z,-11,,chiuso
ruspino_20260823T0715,ruspino,2026-08-23T07:15:00Z,2026-08-23T08:20:00Z,1.1,ARPA + SRI,2.2,ARPA,2026-08-23T07:25:00Z,1.1,0.2,100,2.5,1.6,100,3.7,1.0,0.5,1,Cornalita,0.4,10min,0,0,0,0,0,,,,chiuso
cepina_20260821T1445,cepina,2026-08-21T14:45:00Z,2026-08-21T14:50:00Z,0.1,ARPA + SRI,0.6,ARPA,2026-08-21T14:45:00Z,0.0,0.0,100,3.3,1.6,100,39.8,8.0,7.6,1,Oga S.Colombano,3.4,10min,3,1,0,0,2,2026-08-21T14:36:04Z,9,6.2,chiuso
ruspino_20260821T0540,ruspino,2026-08-21T05:40:00Z,2026-08-21T14:30:00Z,8.8,ARPA + SRI,10.7,ARPA,2026-08-21T06:50:00Z,25.2,7.2,100,77.4,58.6,100,30.8,60.8,55.7,4,Cornalita,59.8,10min,3,2,0,1,0,2026-08-21T07:00:53Z,-11,,chiuso
panna_20260821T0515,panna,2026-08-21T05:15:00Z,2026-08-21T17:35:00Z,12.3,SRI,71.7,SRI,2026-08-21T11:30:00Z,,,,58.1,33.9,100,71.7,44.4,32.5,5,Monte di Fò,46.1,"giornaliero 9→9 (2 g), condiviso con altri 1 episodi",9,6,0,3,0,2026-08-21T07:00:53Z,269,,chiuso
panna_20260820T1530,panna,2026-08-20T15:30:00Z,2026-08-20T21:15:00Z,5.8,SRI,46.5,SRI,2026-08-20T19:25:00Z,,,,21.4,15.4,100,46.5,18.7,15.0,3,Monte di Fò,20.7,"giornaliero 9→9 (1 g), condiviso con altri 1 episodi",5,3,0,2,0,2026-08-20T19:30:57Z,-6,,chiuso
cepina_20260820T0645,cepina,2026-08-20T06:45:00Z,2026-08-20T17:05:00Z,10.3,ARPA + SRI,1.1,ARPA,2026-08-20T13:45:00Z,3.6,1.2,100,58.0,38.6,100,38.4,42.0,39.2,4,Oga S.Colombano,42.8,10min,10,8,0,2,0,2026-08-20T07:21:03Z,384,,chiuso
ruspino_20260820T0010,ruspino,2026-08-20T00:10:00Z,2026-08-20T21:30:00Z,21.3,ARPA + SRI,48.6,ARPA,2026-08-20T01:10:00Z,54.2,9.2,100,96.1,46.4,100,84.5,62.4,48.7,8,Cornalita,48.2,10min,12,9,0,1,2,2026-08-20T01:20:55Z,-11,-6.3,chiuso
panna_20260817T1015,panna,2026-08-17T10:15:00Z,2026-08-17T11:25:00Z,1.2,SRI,12.9,SRI,2026-08-17T10:50:00Z,,,,4.0,2.1,100,12.9,1.8,1.1,1,Monte di Fò,1.8,giornaliero 9→9 (1 g),1,1,0,0,0,2026-08-17T11:06:00Z,-16,,chiuso
panna_20260816T1400,panna,2026-08-16T14:00:00Z,2026-08-16T17:05:00Z,3.1,SRI,14.4,SRI,2026-08-16T14:10:00Z,,,,4.1,1.1,100,14.4,0.5,0.3,2,Monte di Fò,0.0,giornaliero 9→9 (1 g),2,2,0,0,0,2026-08-16T14:21:01Z,-11,,chiuso
ruspino_20260816T1305,ruspino,2026-08-16T13:05:00Z,2026-08-16T23:55:00Z,10.8,ARPA + SRI,33.9,ARPA,2026-08-16T14:45:00Z,39.0,9.0,99,54.1,35.2,100,34.7,19.3,15.6,4,Cornalita,17.0,10min,2,2,0,0,0,2026-08-16T14:56:01Z,-11,,chiuso
cepina_20260816T1120,cepina,2026-08-16T11:20:00Z,2026-08-16T17:35:00Z,6.2,ARPA + SRI,2.5,ARPA,2026-08-16T11:35:00Z,2.7,0.7,99,11.1,7.6,100,5.2,10.7,8.8,3,Oga S.Colombano,7.2,10min,0,0,0,0,0,,,,chiuso
cepina_20260815T1235,cepina,2026-08-15T12:35:00Z,2026-08-15T18:10:00Z,5.6,ARPA + SRI,25.4,ARPA,2026-08-15T16:10:00Z,18.5,3.2,94,44.1,22.4,100,30.8,13.9,11.0,3,Oga S.Colombano,13.0,10min,3,3,0,0,0,2026-08-15T14:56:00Z,74,,chiuso
ruspino_20260812T1520,ruspino,2026-08-12T15:20:00Z,2026-08-12T18:35:00Z,3.2,ARPA + SRI,2.5,ARPA,2026-08-12T17:05:00Z,4.5,1.5,100,9.2,5.8,100,5.5,1.1,0.4,2,Cornalita,0.0,10min,0,0,0,0,0,,,,chiuso
cepina_20260812T1205,cepina,2026-08-12T12:05:00Z,2026-08-12T17:40:00Z,5.6,ARPA + SRI,33.9,ARPA,2026-08-12T12:20:00Z,9.7,1.8,97,27.9,14.1,100,52.7,11.9,7.7,2,Oga S.Colombano,5.0,10min,2,2,0,0,0,2026-08-12T12:31:24Z,-11,,chiuso
cepina_20260810T2100,cepina,2026-08-10T21:00:00Z,2026-08-10T21:15:00Z,0.2,ARPA + SRI,1.0,ARPA,2026-08-10T21:00:00Z,0.1,0.0,67,1.4,0.5,100,5.8,2.0,1.3,1,Oga S.Colombano,0.8,10min,0,0,0,0,0,,,,chiuso
cepina_20260810T1350,cepina,2026-08-10T13:50:00Z,2026-08-10T14:10:00Z,0.3,ARPA + SRI,1.1,ARPA,2026-08-10T13:50:00Z,0.2,0.0,75,1.8,1.0,100,6.0,1.2,0.9,1,Oga S.Colombano,0.6,10min,1,1,0,0,0,2026-08-10T14:25:38Z,-36,,chiuso
cepina_20260809T1715,cepina,2026-08-09T17:15:00Z,2026-08-09T19:45:00Z,2.5,ARPA + SRI,7.0,ARPA,2026-08-09T17:50:00Z,4.9,1.0,100,20.4,12.7,100,35.1,13.5,10.1,2,Oga S.Colombano,13.0,10min,2,1,0,1,0,2026-08-09T18:05:40Z,-16,,chiuso
cepina_20260808T1850,cepina,2026-08-08T18:50:00Z,2026-08-08T19:15:00Z,0.4,ARPA + SRI,4.9,ARPA,2026-08-08T18:55:00Z,0.9,0.1,100,2.4,0.8,100,7.4,2.7,1.1,1,Oga S.Colombano,0.0,10min,1,1,0,0,0,2026-08-08T19:08:32Z,-14,,chiuso
panna_20260808T1150,panna,2026-08-08T11:50:00Z,2026-08-08T15:35:00Z,3.8,SRI,33.0,SRI,2026-08-08T13:45:00Z,,,,18.0,8.6,100,33.0,1.7,0.7,3,Monte di Fò,1.0,giornaliero 9→9 (1 g),3,2,1,0,0,2026-08-08T13:30:36Z,14,,chiuso
ruspino_20260807T0840,ruspino,2026-08-07T08:40:00Z,2026-08-07T10:15:00Z,1.6,ARPA + SRI,36.5,ARPA,2026-08-07T09:10:00Z,17.9,2.4,100,27.8,10.5,100,56.2,27.7,19.4,2,Cornalita,26.8,10min,2,1,0,1,0,2026-08-07T09:13:45Z,-4,,chiuso
cepina_20260807T0725,cepina,2026-08-07T07:25:00Z,2026-08-07T10:10:00Z,2.8,ARPA + SRI,0.9,ARPA,2026-08-07T07:25:00Z,0.4,0.1,100,3.2,2.0,91,4.7,1.0,0.3,2,Oga S.Colombano,,,0,0,0,0,0,,,,chiuso
cepina_20260806T1935,cepina,2026-08-06T19:35:00Z,2026-08-06T21:50:00Z,2.2,ARPA + SRI,4.5,ARPA,2026-08-06T19:50:00Z,4.2,0.9,100,16.4,9.1,100,17.6,7.7,5.4,2,Oga S.Colombano,6.2,10min,2,2,0,0,0,2026-08-06T21:49:11Z,-119,,chiuso
cepina_20260806T1445,cepina,2026-08-06T14:45:00Z,2026-08-06T16:05:00Z,1.3,ARPA + SRI,5.6,ARPA,2026-08-06T15:15:00Z,2.7,0.6,100,7.9,4.8,100,10.9,2.5,2.1,2,Oga S.Colombano,1.2,10min,2,2,0,0,0,2026-08-06T15:16:10Z,-1,,chiuso
ruspino_20260802T0750,ruspino,2026-08-02T07:50:00Z,2026-08-02T11:35:00Z,3.8,ARPA + SRI,42.1,ARPA,2026-08-02T08:55:00Z,27.1,5.3,100,24.2,12.4,100,31.0,19.2,12.3,2,Cornalita,11.8,10min,1,1,0,0,0,2026-08-02T09:01:09Z,-6,,chiuso
cepina_20260801T1650,cepina,2026-08-01T16:50:00Z,2026-08-01T18:20:00Z,1.5,ARPA + SRI,1.1,ARPA,2026-08-01T16:55:00Z,1.1,0.3,100,11.3,8.5,100,14.2,13.4,10.6,2,Oga S.Colombano,10.0,10min,2,1,0,1,0,2026-08-01T16:51:06Z,4,,chiuso
cepina_20260731T1300,cepina,2026-07-31T13:00:00Z,2026-07-31T15:35:00Z,2.6,ARPA + SRI,16.5,ARPA,2026-07-31T14:30:00Z,4.6,1.0,100,17.2,11.2,100,31.9,3.1,2.4,2,Oga S.Colombano,0.6,10min,2,2,0,0,0,2026-07-31T14:06:13Z,24,,chiuso
cepina_20260729T1620,cepina,2026-07-29T16:20:00Z,2026-07-29T17:50:00Z,1.5,ARPA + SRI,11.5,ARPA,2026-07-29T17:35:00Z,4.2,0.8,100,20.9,11.8,100,29.6,6.3,5.6,1,Oga S.Colombano,5.2,10min,2,1,1,0,0,2026-07-29T16:35:26Z,60,,chiuso
ruspino_20260726T1320,ruspino,2026-07-26T13:20:00Z,2026-07-26T15:10:00Z,1.8,ARPA + SRI,42.1,ARPA,2026-07-26T14:40:00Z,24.3,3.9,100,11.5,6.1,100,22.2,13.2,7.1,2,Cornalita,2.4,10min,7,7,0,0,0,2026-07-26T14:05:00Z,35,,chiuso
panna_20260726T0310,panna,2026-07-26T03:10:00Z,2026-07-26T06:10:00Z,3.0,SRI,28.2,SRI,2026-07-26T03:25:00Z,,,,33.1,19.4,100,28.2,23.1,19.7,2,Monte di Fò,23.1,giornaliero 9→9 (1 g),29,24,3,2,0,2026-07-26T03:45:32Z,-21,,chiuso
cepina_20260725T2230,cepina,2026-07-25T22:30:00Z,2026-07-25T23:15:00Z,0.8,ARPA + SRI,4.2,ARPA,2026-07-25T23:00:00Z,1.3,0.3,100,5.5,3.7,100,12.8,2.5,2.0,1,Oga S.Colombano,3.2,10min,8,8,0,0,0,2026-07-25T22:51:21Z,9,,chiuso
ruspino_20260721T0710,ruspino,2026-07-21T07:10:00Z,2026-07-21T08:05:00Z,0.9,ARPA + SRI,27.3,ARPA,2026-07-21T07:45:00Z,6.5,1.3,100,5.1,2.3,100,25.1,6.0,2.9,1,Cornalita,1.6,10min,1,1,0,0,0,2026-07-21T07:45:00Z,0,,chiuso
cepina_20260720T1815,cepina,2026-07-20T18:15:00Z,2026-07-20T21:50:00Z,3.6,ARPA + SRI,2.4,ARPA,2026-07-20T18:20:00Z,1.2,0.2,100,6.3,3.1,100,11.2,2.5,1.6,2,Oga S.Colombano,2.2,10min,2,2,0,0,0,2026-07-20T18:29:20Z,-9,,chiuso
panna_20260720T0135,panna,2026-07-20T01:35:00Z,2026-07-20T02:10:00Z,0.6,SRI,3.1,SRI,2026-07-20T02:00:00Z,,,,1.1,0.6,100,3.1,0.0,0.0,1,Monte di Fò,0.0,giornaliero 9→9 (1 g),0,0,0,0,0,,,,chiuso
ruspino_20260720T0035,ruspino,2026-07-20T00:35:00Z,2026-07-20T04:10:00Z,3.6,ARPA + SRI,115.3,ARPA,2026-07-20T03:15:00Z,104.9,20.7,100,90.8,43.0,100,130.9,57.7,36.4,2,Cornalita,34.4,10min,1,1,0,0,0,2026-07-20T00:40:00Z,155,,chiuso
ruspino_20260718T1855,ruspino,2026-07-18T18:55:00Z,2026-07-18T21:25:00Z,2.5,ARPA + SRI,107.3,ARPA,2026-07-18T19:50:00Z,45.4,8.1,100,60.1,30.5,100,61.9,20.5,17.9,2,Cornalita,20.2,10min,1,1,0,0,0,2026-07-18T19:59:23Z,-9,,chiuso
cepina_20260718T1220,cepina,2026-07-18T12:20:00Z,2026-07-18T16:50:00Z,4.5,ARPA + SRI,2.7,ARPA,2026-07-18T13:40:00Z,1.2,0.2,98,8.7,4.2,100,19.4,4.6,3.3,2,Oga S.Colombano,3.6,10min,0,0,0,0,0,,,,chiuso
ruspino_20260717T0125,ruspino,2026-07-17T01:25:00Z,2026-07-17T05:40:00Z,4.2,ARPA + SRI,15.4,ARPA,2026-07-17T03:45:00Z,5.4,1.2,29,42.6,26.1,100,56.2,38.9,34.2,2,Cornalita,36.4,10min,1,1,0,0,0,2026-07-17T01:51:00Z,114,,chiuso
cepina_20260716T2210,cepina,2026-07-16T22:10:00Z,2026-07-17T05:15:00Z,7.1,ARPA + SRI,1.3,ARPA,2026-07-16T22:45:00Z,0.7,0.2,47,19.2,14.9,100,7.7,4.7,4.1,2,Oga S.Colombano,5.8,10min,2,2,0,0,0,2026-07-16T22:50:04Z,-5,,chiuso
cepina_20260716T0055,cepina,2026-07-16T00:55:00Z,2026-07-16T01:05:00Z,0.2,SRI,1.8,SRI,2026-07-16T00:55:00Z,,,,0.3,0.1,100,1.8,1.5,1.3,1,Oga S.Colombano,1.6,10min,0,0,0,0,0,,,,chiuso
panna_20260715T1605,panna,2026-07-15T16:05:00Z,2026-07-15T16:50:00Z,0.8,SRI,10.7,SRI,2026-07-15T16:25:00Z,,,,2.6,1.7,100,10.7,0.0,0.0,1,Monte di Fò,0.0,giornaliero 9→9 (1 g),0,0,0,0,0,,,,chiuso
ruspino_20260715T1325,ruspino,2026-07-15T13:25:00Z,2026-07-15T15:45:00Z,2.3,ARPA + SRI,5.2,ARPA,2026-07-15T15:30:00Z,3.0,0.8,75,2.7,1.6,100,4.6,1.8,1.3,2,Cornalita,1.2,10min,0,0,0,0,0,,,,chiuso
cepina_20260715T1015,cepina,2026-07-15T10:15:00Z,2026-07-15T15:55:00Z,5.7,ARPA + SRI,1.3,ARPA,2026-07-15T12:10:00Z,0.7,0.1,68,14.9,8.4,100,23.1,12.4,9.6,3,Oga S.Colombano,8.8,10min,2,1,0,0,1,2026-07-15T13:14:48Z,-65,0.3,chiuso
ruspino_20260714T1915,ruspino,2026-07-14T19:15:00Z,2026-07-14T23:40:00Z,4.4,ARPA + SRI,52.3,ARPA,2026-07-14T22:15:00Z,38.1,8.0,77,119.4,71.4,100,166.8,0.0,0.0,0,Cornalita,20.4,10min,1,1,0,0,0,2026-07-14T21:48:22Z,27,,chiuso
cepina_20260714T1510,cepina,2026-07-14T15:10:00Z,2026-07-14T22:00:00Z,6.8,ARPA + SRI,7.5,ARPA,2026-07-14T15:30:00Z,2.2,0.4,80,9.8,5.9,78,9.9,1.8,1.0,1,Oga S.Colombano,0.4,10min,0,0,0,0,0,,,,chiuso
cepina_20260711T1530,cepina,2026-07-11T15:30:00Z,2026-07-11T19:55:00Z,4.4,ARPA + SRI,2.5,ARPA,2026-07-11T18:05:00Z,1.8,0.3,100,8.9,3.0,100,9.9,0.0,0.0,1,Oga S.Colombano,,,0,0,0,0,0,,,,chiuso
ruspino_20260711T1320,ruspino,2026-07-11T13:20:00Z,2026-07-11T20:40:00Z,7.3,ARPA + SRI,92.9,ARPA,2026-07-11T18:35:00Z,60.6,10.6,100,72.4,40.8,100,96.7,5.2,2.4,2,Cornalita,26.0,10min,2,2,0,0,0,2026-07-11T13:45:00Z,290,,chiuso
cepina_20260710T2200,cepina,2026-07-10T22:00:00Z,2026-07-10T23:35:00Z,1.6,ARPA + SRI,3.4,ARPA,2026-07-10T22:30:00Z,2.2,0.5,95,8.1,4.9,100,8.9,0.0,0.0,0,Oga S.Colombano,9.0,10min,1,1,0,0,0,2026-07-10T22:51:58Z,-22,,chiuso
ruspino_20260710T1920,ruspino,2026-07-10T19:20:00Z,2026-07-10T22:30:00Z,3.2,ARPA + SRI,17.8,ARPA,2026-07-10T20:10:00Z,18.2,3.3,95,45.3,22.7,100,35.0,0.0,0.0,0,Cornalita,4.6,10min,1,1,0,0,0,2026-07-10T20:14:46Z,-5,,chiuso
panna_20260710T1550,panna,2026-07-10T15:50:00Z,2026-07-10T17:15:00Z,1.4,SRI,67.6,SRI,2026-07-10T16:05:00Z,,,,30.2,19.1,100,67.6,9.2,7.0,1,Monte di Fò,5.0,giornaliero 9→9 (1 g),1,1,0,0,0,2026-07-10T16:15:07Z,-10,,chiuso
cepina_20260710T1350,cepina,2026-07-10T13:50:00Z,2026-07-10T17:50:00Z,4.0,ARPA + SRI,12.4,ARPA,2026-07-10T16:45:00Z,5.2,0.8,50,20.5,11.3,100,38.8,9.0,5.7,2,Oga S.Colombano,7.0,10min,1,1,0,0,0,2026-07-10T16:45:00Z,0,,chiuso
panna_20260702T0555,panna,2026-07-02T05:55:00Z,2026-07-02T07:05:00Z,1.2,SRI,11.8,SRI,2026-07-02T06:50:00Z,,,,5.9,2.8,100,11.8,3.8,2.8,2,Monte di Fò,3.8,giornaliero 9→9 (2 g),2,1,1,0,0,2026-07-02T06:31:42Z,18,,chiuso
ruspino_20260701T1130,ruspino,2026-07-01T11:30:00Z,2026-07-01T16:05:00Z,4.6,ARPA + SRI,99.9,ARPA,2026-07-01T11:50:00Z,34.3,8.8,44,47.9,27.6,100,79.2,31.4,24.7,3,Cornalita,31.4,10min,1,1,0,0,0,2026-07-01T11:52:12Z,-2,,chiuso
cepina_20260701T0950,cepina,2026-07-01T09:50:00Z,2026-07-01T16:25:00Z,6.6,ARPA + SRI,0.9,ARPA,2026-07-01T14:25:00Z,0.7,0.2,35,33.4,24.5,100,18.6,35.2,27.5,3,Oga S.Colombano,30.4,10min,3,1,0,2,0,2026-07-01T13:22:28Z,63,,chiuso
cepina_20260630T0905,cepina,2026-06-30T09:05:00Z,2026-06-30T12:20:00Z,3.2,ARPA + SRI,0.1,ARPA,2026-06-30T11:25:00Z,0.0,0.0,31,1.3,0.7,100,1.6,0.3,0.1,2,Oga S.Colombano,0.4,10min,0,0,0,0,0,,,,chiuso
ruspino_20260630T0725,ruspino,2026-06-30T07:25:00Z,2026-06-30T11:30:00Z,4.1,ARPA + SRI,1.2,ARPA,2026-06-30T08:35:00Z,0.8,0.1,49,3.8,2.1,100,6.3,2.2,0.9,2,Cornalita,0.6,10min,0,0,0,0,0,,,,chiuso
panna_20260629T1935,panna,2026-06-29T19:35:00Z,2026-06-29T21:40:00Z,2.1,SRI,48.9,SRI,2026-06-29T21:00:00Z,,,,33.2,21.6,100,48.9,0.0,0.0,0,Monte di Fò,3.9,giornaliero 9→9 (1 g),7,1,6,0,0,2026-06-29T19:44:03Z,76,,chiuso
cepina_20260629T1650,cepina,2026-06-29T16:50:00Z,2026-06-29T18:15:00Z,1.4,ARPA + SRI,0.7,ARPA,2026-06-29T16:55:00Z,0.3,0.1,41,3.0,1.4,100,4.1,0.7,0.5,1,Oga S.Colombano,0.4,10min,0,0,0,0,0,,,,chiuso
ruspino_20260629T1045,ruspino,2026-06-29T10:45:00Z,2026-06-29T20:35:00Z,9.8,ARPA + SRI + CUM3 3h (pluviometri),39.2,ARPA,2026-06-29T14:50:00Z,13.3,2.5,43,90.6,34.2,66,115.9,34.2,21.8,3,Cornalita,32.8,10min,1,1,0,0,0,2026-06-29T14:30:00Z,20,,chiuso
cepina_20260629T0900,cepina,2026-06-29T09:00:00Z,2026-06-29T12:00:00Z,3.0,ARPA + CUM3 3h (pluviometri),10.7,ARPA,2026-06-29T10:40:00Z,3.1,0.3,33,,,,,3.0,1.5,1,Oga S.Colombano,3.2,10min,1,1,0,0,0,2026-06-29T10:40:00Z,0,,chiuso
ruspino_20260629T0000,ruspino,2026-06-29T00:00:00Z,2026-06-29T03:00:00Z,3.0,ARPA + CUM3 3h (pluviometri),27.3,ARPA,2026-06-29T00:35:00Z,6.4,1.1,33,,,,,7.7,4.3,1,Cornalita,3.6,10min,1,1,0,0,0,2026-06-29T00:30:00Z,5,,chiuso
cepina_20260628T0900,cepina,2026-06-28T09:00:00Z,2026-06-28T15:25:00Z,6.4,ARPA + CUM3 3h (pluviometri),8.0,ARPA,2026-06-28T09:55:00Z,4.4,1.0,60,,,,,4.4,2.8,3,Oga S.Colombano,,,0,0,0,0,0,,,,chiuso
cepina_20260626T1500,cepina,2026-06-26T15:00:00Z,2026-06-26T18:00:00Z,3.0,ARPA + CUM3 3h (pluviometri),0.5,ARPA,2026-06-26T17:10:00Z,0.1,0.0,50,,,,,1.1,0.6,1,Oga S.Colombano,0.0,10min,1,1,0,0,0,2026-06-26T16:07:47Z,62,,chiuso
ruspino_20260625T2135,ruspino,2026-06-25T21:35:00Z,2026-06-26T00:20:00Z,2.8,ARPA,99.9,ARPA,2026-06-25T22:15:00Z,36.0,5.2,85,,,,,0.0,0.0,0,Cornalita,18.8,10min,1,1,0,0,0,2026-06-25T23:08:46Z,-54,,chiuso
ruspino_20260623T0000,ruspino,2026-06-23T00:00:00Z,2026-06-23T03:00:00Z,3.0,ARPA + CUM3 3h (pluviometri),0.5,ARPA,2026-06-23T01:25:00Z,0.1,0.0,33,,,,,1.4,0.6,1,Cornalita,0.0,10min,0,0,0,0,0,,,,chiuso
cepina_20260622T1500,cepina,2026-06-22T15:00:00Z,2026-06-22T18:00:00Z,3.0,ARPA + CUM3 3h (pluviometri),4.9,ARPA,2026-06-22T17:10:00Z,0.9,0.2,33,,,,,2.6,1.7,1,Oga S.Colombano,1.8,10min,3,1,2,0,0,2026-06-22T18:41:18Z,-91,,chiuso
ruspino_20260621T1900,ruspino,2026-06-21T19:00:00Z,2026-06-21T19:45:00Z,0.8,ARPA,8.6,ARPA,2026-06-21T19:15:00Z,2.8,0.6,100,,,,,0.0,0.0,0,Cornalita,0.0,10min,2,0,2,0,0,2026-06-21T19:16:38Z,-2,,chiuso
panna_20260621T0900,panna,2026-06-21T09:00:00Z,2026-06-21T12:00:00Z,3.0,CUM3 3h (pluviometri),,,2026-06-21T10:30:00Z,,,,,,,,5.3,3.7,1,Monte di Fò,5.3,giornaliero 9→9 (1 g),0,0,0,0,0,,,,chiuso
cepina_20260620T1500,cepina,2026-06-20T15:00:00Z,2026-06-20T18:55:00Z,3.9,ARPA + CUM3 3h (pluviometri),27.3,ARPA,2026-06-20T17:20:00Z,7.9,1.5,66,,,,,10.3,6.4,1,Oga S.Colombano,3.0,10min,5,1,4,0,0,2026-06-20T17:16:18Z,4,,chiuso
cepina_20260611T0600,cepina,2026-06-11T06:00:00Z,2026-06-11T09:00:00Z,3.0,ARPA + CUM3 3h (pluviometri),0.0,ARPA,2026-06-11T06:00:00Z,0.0,0.0,11,,,,,2.6,1.5,1,Oga S.Colombano,,,0,0,0,0,0,,,,chiuso
ruspino_20260610T1200,ruspino,2026-06-10T12:00:00Z,2026-06-10T15:00:00Z,3.0,ARPA + CUM3 3h (pluviometri),0.2,ARPA,2026-06-10T13:45:00Z,0.0,0.0,33,,,,,1.4,0.7,1,Cornalita,1.8,10min,1,0,1,0,0,2026-06-10T14:26:39Z,-42,,chiuso
ruspino_20260610T0510,ruspino,2026-06-10T05:10:00Z,2026-06-10T09:00:00Z,3.8,ARPA + CUM3 3h (pluviometri),1.0,ARPA,2026-06-10T05:10:00Z,0.1,0.0,24,,,,,20.0,16.8,2,Cornalita,19.4,10min,0,0,0,0,0,,,,chiuso
cepina_20260610T0000,cepina,2026-06-10T00:00:00Z,2026-06-10T18:00:00Z,18.0,ARPA + CUM3 3h (pluviometri),0.7,ARPA,2026-06-10T01:30:00Z,0.7,0.2,28,,,,,33.7,29.9,6,Oga S.Colombano,31.0,10min,2,1,1,0,0,2026-06-10T07:00:46Z,-331,,chiuso
cepina_20260609T1200,cepina,2026-06-09T12:00:00Z,2026-06-09T18:00:00Z,6.0,ARPA + CUM3 3h (pluviometri),1.1,ARPA,2026-06-09T16:05:00Z,0.7,0.1,40,,,,,14.7,10.4,2,Oga S.Colombano,12.2,10min,0,0,0,0,0,,,,chiuso
ruspino_20260606T0000,ruspino,2026-06-06T00:00:00Z,2026-06-06T12:00:00Z,12.0,CUM3 3h (pluviometri),,,2026-06-06T07:30:00Z,,,,,,,,13.6,11.8,4,Cornalita,13.2,10min,0,0,0,0,0,,,,chiuso
ruspino_20260605T0000,ruspino,2026-06-05T00:00:00Z,2026-06-05T06:00:00Z,6.0,CUM3 3h (pluviometri),,,2026-06-05T01:30:00Z,,,,,,,,20.0,18.2,2,Cornalita,,,0,0,0,0,0,,,,chiuso
cepina_20260605T0000,cepina,2026-06-05T00:00:00Z,2026-06-05T09:00:00Z,9.0,CUM3 3h (pluviometri),,,2026-06-05T01:30:00Z,,,,,,,,13.2,10.4,3,Oga S.Colombano,14.0,10min,1,0,1,0,0,2026-06-05T02:34:43Z,-65,,chiuso
panna_20260603T0000,panna,2026-06-03T00:00:00Z,2026-06-03T06:00:00Z,6.0,CUM3 3h (pluviometri),,,2026-06-03T01:30:00Z,,,,,,,,63.6,60.3,2,Monte di Fò,61.2,giornaliero 9→9 (1 g),9,1,2,3,3,2026-06-03T02:52:38Z,-83,20.3,chiuso
ruspino_20260602T1500,ruspino,2026-06-02T15:00:00Z,2026-06-02T18:00:00Z,3.0,CUM3 3h (pluviometri),,,2026-06-02T16:30:00Z,,,,,,,,27.3,24.9,1,Cornalita,30.6,10min,0,0,0,0,0,,,,chiuso
cepina_20260602T0600,cepina,2026-06-02T06:00:00Z,2026-06-02T18:00:00Z,12.0,CUM3 3h (pluviometri),,,2026-06-02T13:30:00Z,,,,,,,,32.2,29.4,4,Oga S.Colombano,32.0,10min,1,0,0,1,0,2026-06-02T16:03:22Z,-153,,chiuso
ruspino_20260602T0000,ruspino,2026-06-02T00:00:00Z,2026-06-02T12:00:00Z,12.0,CUM3 3h (pluviometri),,,2026-06-02T10:30:00Z,,,,,,,,38.8,32.3,4,Cornalita,35.2,10min,2,0,1,0,1,2026-06-02T10:06:33Z,23,3.2,chiuso
panna_20260601T0900,panna,2026-06-01T09:00:00Z,2026-06-01T12:00:00Z,3.0,CUM3 3h (pluviometri),,,2026-06-01T10:30:00Z,,,,,,,,1.7,1.2,1,Monte di Fò,1.0,giornaliero 9→9 (1 g),1,0,0,0,1,,,14.7,chiuso
ruspino_20260531T1200,ruspino,2026-05-31T12:00:00Z,2026-05-31T18:00:00Z,6.0,CUM3 3h (pluviometri),,,2026-05-31T13:30:00Z,,,,,,,,2.7,1.0,2,Cornalita,0.0,10min,3,0,3,0,0,2026-05-31T15:13:07Z,-103,,chiuso
panna_20260529T0300,panna,2026-05-29T03:00:00Z,2026-05-29T06:00:00Z,3.0,CUM3 3h (pluviometri),,,2026-05-29T04:30:00Z,,,,,,,,2.8,1.1,1,Monte di Fò,0.0,giornaliero 9→9 (1 g),2,0,2,0,0,2026-05-29T05:07:01Z,-37,,chiuso
ruspino_20260528T1500,ruspino,2026-05-28T15:00:00Z,2026-05-28T18:00:00Z,3.0,CUM3 3h (pluviometri),,,2026-05-28T16:30:00Z,,,,,,,,8.9,2.6,1,Cornalita,0.0,10min,2,0,2,0,0,2026-05-28T17:57:45Z,-88,,chiuso
cepina_20260520T0900,cepina,2026-05-20T09:00:00Z,2026-05-20T12:00:00Z,3.0,CUM3 3h (pluviometri),,,2026-05-20T10:30:00Z,,,,,,,,2.2,1.3,1,Oga S.Colombano,0.2,10min,0,0,0,0,0,,,,chiuso
ruspino_20260516T1200,ruspino,2026-05-16T12:00:00Z,2026-05-16T15:00:00Z,3.0,CUM3 3h (pluviometri),,,2026-05-16T13:30:00Z,,,,,,,,2.6,0.9,1,Cornalita,0.0,10min,0,0,0,0,0,,,,chiuso
panna_20260516T1200,panna,2026-05-16T12:00:00Z,2026-05-16T15:00:00Z,3.0,CUM3 3h (pluviometri),,,2026-05-16T13:30:00Z,,,,,,,,1.7,1.3,1,Monte di Fò,0.8,"giornaliero 9→9 (1 g), condiviso con altri 1 episodi",0,0,0,0,0,,,,chiuso
panna_20260516T0000,panna,2026-05-16T00:00:00Z,2026-05-16T09:00:00Z,9.0,CUM3 3h (pluviometri),,,2026-05-16T07:30:00Z,,,,,,,,5.8,4.0,3,Monte di Fò,15.4,"giornaliero 9→9 (2 g), condiviso con altri 2 episodi",0,0,0,0,0,,,,chiuso
panna_20260515T1800,panna,2026-05-15T18:00:00Z,2026-05-15T21:00:00Z,3.0,CUM3 3h (pluviometri),,,2026-05-15T19:30:00Z,,,,,,,,1.2,0.9,1,Monte di Fò,14.6,"giornaliero 9→9 (1 g), condiviso con altri 2 episodi",0,0,0,0,0,,,,chiuso
cepina_20260515T1200,cepina,2026-05-15T12:00:00Z,2026-05-15T18:00:00Z,6.0,CUM3 3h (pluviometri),,,2026-05-15T13:30:00Z,,,,,,,,2.5,1.6,2,Oga S.Colombano,2.6,10min,0,0,0,0,0,,,,chiuso
ruspino_20260515T0900,ruspino,2026-05-15T09:00:00Z,2026-05-15T15:00:00Z,6.0,CUM3 3h (pluviometri),,,2026-05-15T10:30:00Z,,,,,,,,5.1,4.9,2,Cornalita,5.6,10min,0,0,0,0,0,,,,chiuso
cepina_20260515T0600,cepina,2026-05-15T06:00:00Z,2026-05-15T09:00:00Z,3.0,CUM3 3h (pluviometri),,,2026-05-15T07:30:00Z,,,,,,,,1.8,0.9,1,Oga S.Colombano,2.4,10min,0,0,0,0,0,,,,chiuso
panna_20260515T0600,panna,2026-05-15T06:00:00Z,2026-05-15T15:00:00Z,9.0,CUM3 3h (pluviometri),,,2026-05-15T10:30:00Z,,,,,,,,11.7,11.0,3,Monte di Fò,15.6,"giornaliero 9→9 (2 g), condiviso con altri 2 episodi",0,0,0,0,0,,,,chiuso
