episode_id,event_timestamp_utc,area_name,class,level,product,observed_mm_max,note
cepina_20261007T2255,2026-10-08T10:31:20Z,cepina,monitor,warning,CUM3,12.739,rilevamento tardivo catch-up +31min
ruspino_20261007T1235,2026-10-08T10:11:20Z,ruspino,monitor,persistent_alarm,SRI_6h,,"pioggia persistente: cumulata mobile SRI media area 6h, copertura 100%"
scarperia_20261007T1905,2026-10-08T10:01:38Z,scarperia,nowcast,nowcast_emergency,SRI,37.97,nowcast buffer=10km moto=E/48.4kmh prob=31%
ruspino_20261007T1235,2026-10-08T09:26:26Z,ruspino,nowcast,nowcast_emergency,SRI,26.53,nowcast buffer=10km moto=NE/45.9kmh prob=1%
ruspino_20261007T1235,2026-10-08T09:16:26Z,ruspino,nowcast,nowcast_alarm,SRI,18.36,nowcast buffer=10km moto=NE/42.2kmh prob=3%
ruspino_20261007T1235,2026-10-08T08:26:23Z,ruspino,storm,storm_on_area,SRI,12.16,cella su area dwell~135min
cepina_20261007T2255,2026-10-08T08:06:28Z,cepina,storm,storm_on_area,SRI,9.83,cella su area
cepina_20261007T2255,2026-10-08T07:56:20Z,cepina,nowcast,nowcast_emergency,SRI,32.83,nowcast buffer=10km moto=E/20.3kmh prob=3%
cepina_20261007T2255,2026-10-08T07:46:16Z,cepina,nowcast,nowcast_alarm,SRI,15.43,nowcast buffer=10km moto=E/7.0kmh prob=35%
ruspino_20261007T1235,2026-10-08T07:35:55Z,ruspino,monitor,persistent_warning,SRI_3h,,"pioggia persistente: cumulata mobile SRI media area 3h, copertura 100%"
ruspino_20261007T1235,2026-10-08T07:31:04Z,ruspino,monitor,warning,CUM3,18.365,rilevamento tardivo catch-up +31min
ruspino_20261007T1235,2026-10-08T06:36:05Z,ruspino,storm,storm_on_area,SRI,40.19,cella su area
ruspino_20261007T1235,2026-10-08T06:15:53Z,ruspino,nowcast,nowcast_emergency,SRI,41.66,nowcast buffer=10km moto=NE/32.1kmh prob=2%
ruspino_20261007T1235,2026-10-08T05:55:51Z,ruspino,nowcast,nowcast_warning,SRI,13.65,nowcast buffer=5km moto=NE/32.5kmh prob=53%
ruspino_20261007T1235,2026-10-08T05:55:51Z,ruspino,nowcast,nowcast_alarm,SRI,18.98,nowcast buffer=10km moto=NE/32.5kmh prob=52%
scarperia_20261007T1905,2026-10-08T04:55:50Z,scarperia,nowcast,nowcast_emergency,SRI,44.24,nowcast buffer=10km moto=E/33.2kmh prob=5%
scarperia_20261007T1905,2026-10-08T04:55:50Z,scarperia,storm,storm_on_area,SRI,19.10,catch-up: cella rilevata a posteriori +20min
scarperia_20261007T1905,2026-10-08T03:56:01Z,scarperia,nowcast,nowcast_alarm,SRI,20.75,nowcast buffer=10km moto=N/10.6kmh prob=2%
scarperia_20261007T1905,2026-10-08T00:07:42Z,scarperia,forecast,forecast_warning,SRT1,,forecast 1h prossime 6h conferma MeteoSwiss
ruspino_20261007T1235,2026-10-07T23:38:50Z,ruspino,nowcast,nowcast_alarm,SRI,17.44,nowcast buffer=10km moto=NE/14.2kmh prob=11%
scarperia_20261007T1905,2026-10-07T22:25:59Z,scarperia,forecast,forecast_alarm,SRT1,,forecast 1h prossime 6h conferma MeteoSwiss
scarperia_20261007T1905,2026-10-07T22:25:59Z,scarperia,forecast,forecast_warning,CUM3,,forecast 3h prossime 6h conferma MeteoSwiss
scarperia_20261007T1905,2026-10-07T21:55:55Z,scarperia,monitor,warning,CUM3,12.305,
ruspino_20261007T1235,2026-10-07T21:40:57Z,ruspino,nowcast,nowcast_warning,SRI,10.20,nowcast buffer=10km moto=NE/12.9kmh prob=2%
scarperia_20261007T1905,2026-10-07T20:20:54Z,scarperia,nowcast,nowcast_emergency,SRI,37.63,nowcast buffer=5km moto=NE/51.8kmh prob=65%
scarperia_20261007T1905,2026-10-07T20:01:04Z,scarperia,storm,storm_on_area,SRI,10.32,cella su area
scarperia_20261007T1905,2026-10-07T19:40:51Z,scarperia,nowcast,nowcast_alarm,SRI,21.36,nowcast buffer=10km
ruspino_20261007T1235,2026-10-07T11:10:43Z,ruspino,forecast,forecast24h_warning,ensemble_24h,47.15,mean=30.9 worst=47.1 metno=29.3 mch=26.17 conferma=media ensemble
scarperia_20261007T1905,2026-10-07T05:45:42Z,scarperia,forecast,forecast24h_alarm,ensemble_24h,26.89,mean=9.3 worst=26.9 metno=8.61 mch=38.54 conferma=MeteoSwiss
scarperia_20261007T1905,2026-10-07T05:45:42Z,scarperia,forecast,forecast24h_emergency,ensemble_24h,26.89,mean=9.3 worst=26.9 metno=8.61 mch=38.54 conferma=MeteoSwiss
scarperia_20261007T1905,2026-10-07T03:45:45Z,scarperia,forecast,forecast24h_warning,ensemble_24h,13.96,mean=5.7 worst=14.0 metno=6.94 mch=23.41 conferma=MeteoSwiss
cepina_20261006T1140,2026-10-06T14:51:00Z,cepina,nowcast,nowcast_alarm,SRI,20.68,nowcast buffer=5km moto=NE/3.4kmh prob=4%
cepina_20261006T1140,2026-10-06T14:51:00Z,cepina,storm,storm_on_area,SRI,7.78,cella su area
scarperia_20261006T1145,2026-10-06T14:31:16Z,scarperia,nowcast,nowcast_emergency,SRI,31.64,nowcast buffer=10km moto=SW/58.1kmh prob=2%
ruspino_20261006T1355,2026-10-06T13:50:56Z,ruspino,nowcast,nowcast_alarm,SRI,15.41,nowcast buffer=10km moto=W/4.5kmh prob=31%
ruspino_20261006T1355,2026-10-06T13:31:07Z,ruspino,nowcast,nowcast_warning,SRI,12.18,nowcast buffer=10km moto=SE/10.3kmh prob=2%
scarperia_20261006T1145,2026-10-06T13:10:56Z,scarperia,nowcast,nowcast_warning,SRI,14.30,nowcast buffer=5km moto=NE/13.9kmh prob=4%
cepina_20261005T0530,2026-10-05T06:46:03Z,cepina,storm,storm_on_area,SRI,8.65,cella su area
cepina_20260918T1105,2026-09-18T13:02:14Z,cepina,storm,storm_on_area,SRI,10.00,cella su area dwell~166min
scarperia_20260917T0750,2026-09-17T10:51:31Z,scarperia,storm,storm_on_area,SRI,5.61,cella su area
scarperia_20260917T0750,2026-09-17T10:28:38Z,scarperia,storm,storm_on_area,SRI,6.57,catch-up: cella rilevata a posteriori +18min
ruspino_20260916T2015,2026-09-17T02:31:38Z,ruspino,storm,storm_on_area,SRI,18.65,cella su area dwell~96min
ruspino_20260916T2015,2026-09-17T00:51:49Z,ruspino,storm,storm_on_area,SRI,12.45,cella su area
ruspino_20260916T2015,2026-09-16T23:26:21Z,ruspino,storm,storm_on_area,SRI,14.31,cella su area
ruspino_20260916T2015,2026-09-16T23:21:18Z,ruspino,monitor,warning,CUM3,27.257,
cepina_20260916T1730,2026-09-16T23:06:28Z,cepina,storm,storm_on_area,SRI,6.43,cella su area
ruspino_20260916T2015,2026-09-16T22:26:18Z,ruspino,storm,storm_on_area,SRI,25.84,cella su area dwell~110min
ruspino_20260916T2015,2026-09-16T21:36:36Z,ruspino,storm,storm_on_area,SRI,43.86,cella su area dwell~131min
cepina_20260916T1730,2026-09-16T19:51:25Z,cepina,monitor,alarm,CUM3,24.105,
cepina_20260916T1730,2026-09-16T19:21:30Z,cepina,monitor,warning,CUM3,16.721,
cepina_20260916T1730,2026-09-16T18:26:28Z,cepina,storm,storm_on_area,SRI,14.44,cella su area
scarperia_20260910T1930,2026-09-11T00:00:00Z,scarperia,storm,storm_on_area,CUM3,23.39,ricostruito (evento non registrato dal nowcast)
scarperia_20260910T1930,2026-09-10T23:26:11Z,scarperia,monitor,emergency,CUM3,25.190,
scarperia_20260910T1930,2026-09-10T22:21:25Z,scarperia,monitor,warning,CUM3,21.702,
scarperia_20260910T1930,2026-09-10T22:21:25Z,scarperia,monitor,alarm,CUM3,21.702,
scarperia_20260910T1930,2026-09-10T20:26:13Z,scarperia,storm,storm_on_area,SRI,6.19,cella su area
scarperia_20260910T1930,2026-09-10T20:05:27Z,scarperia,storm,storm_on_area,SRI,5.15,catch-up: cella rilevata a posteriori +15min
scarperia_20260910T1050,2026-09-10T15:00:00Z,scarperia,storm,storm_on_area,CUM3,12.65,ricostruito (evento non registrato dal nowcast)
scarperia_20260910T1050,2026-09-10T14:25:37Z,scarperia,monitor,alarm,CUM3,21.600,
scarperia_20260910T1050,2026-09-10T13:20:50Z,scarperia,monitor,warning,CUM3,15.800,
cepina_20260910T0935,2026-09-10T13:00:40Z,cepina,storm,storm_on_area,SRI,31.84,cella su area dwell~78min
cepina_20260910T0935,2026-09-10T12:51:01Z,cepina,monitor,warning,CUM3,11.799,
scarperia_20260910T1050,2026-09-10T11:20:57Z,scarperia,storm,storm_on_area,SRI,7.05,cella su area
cepina_20260910T0935,2026-09-10T11:00:59Z,cepina,storm,storm_on_area,SRI,20.90,cella su area dwell~122min
ruspino_20260910T0500,2026-09-10T08:25:37Z,ruspino,storm,storm_on_area,SRI,11.38,catch-up: cella rilevata a posteriori +30min
ruspino_20260910T0500,2026-09-10T08:05:41Z,ruspino,storm,storm_on_area,SRI,11.38,cella su area
scarperia_20260910T1050,2026-09-10T07:50:38Z,scarperia,forecast,forecast_warning,SRT1,,forecast 1h prossime 6h
ruspino_20260910T0500,2026-09-10T07:05:45Z,ruspino,storm,storm_on_area,SRI,13.88,catch-up: cella rilevata a posteriori +15min
scarperia_20260910T0240,2026-09-10T03:30:37Z,scarperia,storm,storm_on_area,SRI,5.25,catch-up: cella rilevata a posteriori +20min
cepina_20260909T1130,2026-09-10T03:20:41Z,cepina,monitor,alarm,CUM3,18.478,
scarperia_20260910T0240,2026-09-10T03:10:46Z,scarperia,storm,storm_on_area,SRI,7.15,catch-up: cella rilevata a posteriori +15min
cepina_20260909T1130,2026-09-10T02:20:44Z,cepina,monitor,warning,CUM3,17.139,
ruspino_20260909T0955,2026-09-10T02:05:37Z,ruspino,forecast,forecast_warning,SRT1,,forecast 1h prossime 6h
ruspino_20260909T0955,2026-09-10T01:20:45Z,ruspino,monitor,warning,CUM3,17.076,
cepina_20260909T1130,2026-09-10T01:10:48Z,cepina,storm,storm_on_area,SRI,6.26,cella su area dwell~106min
ruspino_20260909T0955,2026-09-10T00:35:34Z,ruspino,forecast,forecast_warning,CUM3,,forecast 3h prossime 6h
cepina_20260909T1130,2026-09-09T23:00:55Z,cepina,storm,storm_on_area,SRI,9.53,cella su area
ruspino_20260909T0955,2026-09-09T22:20:43Z,ruspino,storm,storm_on_area,SRI,13.93,cella su area
scarperia_20260909T0635,2026-09-09T19:27:17Z,scarperia,monitor,warning,CUM3,14.628,
scarperia_20260909T0635,2026-09-09T18:16:22Z,scarperia,storm,storm_on_area,SRI,16.61,cella su area
ruspino_20260909T0955,2026-09-09T17:16:29Z,ruspino,storm,storm_on_area,SRI,19.33,cella su area dwell~77min
ruspino_20260909T0955,2026-09-09T15:40:49Z,ruspino,storm,storm_on_area,SRI,17.28,cella su area dwell~177min
cepina_20260909T1130,2026-09-09T14:26:08Z,cepina,monitor,warning,CUM3,11.379,
ruspino_20260909T0955,2026-09-09T13:26:00Z,ruspino,monitor,alarm,CUM3,58.875,
scarperia_20260909T0635,2026-09-09T13:21:13Z,scarperia,storm,storm_on_area,SRI,26.66,cella su area
cepina_20260909T1130,2026-09-09T12:41:10Z,cepina,storm,storm_on_area,SRI,5.26,cella su area
ruspino_20260909T0955,2026-09-09T12:25:59Z,ruspino,monitor,warning,CUM3,43.800,
scarperia_20260909T0635,2026-09-09T10:25:56Z,scarperia,storm,storm_on_area,SRI,9.82,cella su area
ruspino_20260909T0955,2026-09-09T10:25:56Z,ruspino,storm,storm_on_area,SRI,91.89,cella su area
cepina_20260908T2115,2026-09-09T05:26:30Z,cepina,monitor,warning,CUM3,14.641,
ruspino_20260909T0120,2026-09-09T04:26:23Z,ruspino,monitor,warning,CUM3,19.400,
ruspino_20260909T0120,2026-09-09T03:11:02Z,ruspino,storm,storm_on_area,SRI,19.00,cella su area dwell~94min
cepina_20260908T2115,2026-09-09T03:11:02Z,cepina,storm,storm_on_area,SRI,5.34,cella su area
cepina_20260908T2115,2026-09-08T23:31:18Z,cepina,storm,storm_on_area,SRI,5.01,catch-up: cella rilevata a posteriori +16min
cepina_20260908T2115,2026-09-08T23:31:18Z,cepina,storm,storm_on_area,SRI,5.01,catch-up: cella rilevata a posteriori +26min
cepina_20260908T2115,2026-09-08T21:48:58Z,cepina,storm,storm_on_area,SRI,7.30,cella su area
scarperia_20260902T1400,2026-09-02T14:36:02Z,scarperia,storm,storm_on_area,SRI,10.27,cella su area
cepina_20260828T2120,2026-08-28T22:30:59Z,cepina,storm,storm_on_area,SRI,22.81,catch-up: cella rilevata a posteriori +31min
cepina_20260828T2120,2026-08-28T22:10:48Z,cepina,storm,storm_on_area,SRI,22.81,cella su area dwell~26min
cepina_20260828T1500,2026-08-28T17:00:54Z,cepina,storm,storm_on_area,SRI,5.34,catch-up: cella rilevata a posteriori +20min
ruspino_20260828T1525,2026-08-28T16:21:11Z,ruspino,storm,storm_on_area,SRI,130.87,catch-up: cella rilevata a posteriori +26min
ruspino_20260828T1525,2026-08-28T16:21:11Z,ruspino,storm,storm_on_area,SRI,71.40,catch-up: cella rilevata a posteriori +31min
ruspino_20260828T1525,2026-08-28T16:01:15Z,ruspino,storm,storm_on_area,SRI,71.40,cella su area
cepina_20260828T1500,2026-08-28T16:01:15Z,cepina,storm,storm_on_area,SRI,21.61,catch-up: cella rilevata a posteriori +26min
cepina_20260828T1500,2026-08-28T16:01:15Z,cepina,storm,storm_on_area,SRI,13.16,catch-up: cella rilevata a posteriori +31min
cepina_20260828T1500,2026-08-28T15:41:17Z,cepina,storm,storm_on_area,SRI,13.16,cella su area
ruspino_20260828T0245,2026-08-28T07:26:08Z,ruspino,storm,storm_on_area,SRI,11.27,catch-up: cella rilevata a posteriori +26min
cepina_20260828T0325,2026-08-28T07:06:08Z,cepina,storm,storm_on_area,SRI,9.88,catch-up: cella rilevata a posteriori +31min
cepina_20260828T0325,2026-08-28T06:46:07Z,cepina,storm,storm_on_area,SRI,9.88,cella su area dwell~55min
ruspino_20260828T0245,2026-08-28T04:06:10Z,ruspino,storm,storm_on_area,SRI,19.80,catch-up: cella rilevata a posteriori +26min
ruspino_20260828T0245,2026-08-28T04:06:10Z,ruspino,storm,storm_on_area,SRI,26.11,catch-up: cella rilevata a posteriori +31min
ruspino_20260828T0245,2026-08-28T03:46:06Z,ruspino,storm,storm_on_area,SRI,26.11,cella su area dwell~180min
cepina_20260828T0325,2026-08-28T03:46:06Z,cepina,storm,storm_on_area,SRI,6.10,cella su area
ruspino_20260824T2035,2026-08-25T09:26:03Z,ruspino,monitor,warning,CUM3,25.600,
ruspino_20260824T2035,2026-08-25T08:06:07Z,ruspino,storm,storm_on_area,SRI,15.63,cella su area
ruspino_20260824T2035,2026-08-25T07:46:04Z,ruspino,storm,storm_on_area,SRI,12.53,catch-up: cella rilevata a posteriori +16min
scarperia_20260825T0610,2026-08-25T07:21:07Z,scarperia,storm,storm_on_area,SRI,7.46,catch-up: cella rilevata a posteriori +31min
scarperia_20260825T0610,2026-08-25T07:01:14Z,scarperia,storm,storm_on_area,SRI,7.46,cella su area dwell~101min
scarperia_20260825T0610,2026-08-25T06:41:05Z,scarperia,storm,storm_on_area,SRI,5.55,catch-up: cella rilevata a posteriori +26min
cepina_20260824T1905,2026-08-25T04:31:04Z,cepina,storm,storm_on_area,SRI,5.01,catch-up: cella rilevata a posteriori +16min
ruspino_20260824T2035,2026-08-25T01:06:13Z,ruspino,storm,storm_on_area,SRI,21.09,cella su area
cepina_20260824T1905,2026-08-25T00:06:12Z,cepina,storm,storm_on_area,SRI,6.62,catch-up: cella rilevata a posteriori +16min
scarperia_20260824T2335,2026-08-24T23:47:18Z,scarperia,storm,storm_on_area,SRI,10.69,cella su area
ruspino_20260824T2035,2026-08-24T23:01:04Z,ruspino,storm,storm_on_area,SRI,15.69,catch-up: cella rilevata a posteriori +31min
ruspino_20260824T2035,2026-08-24T22:40:54Z,ruspino,storm,storm_on_area,SRI,15.69,cella su area
cepina_20260824T1905,2026-08-24T22:36:06Z,cepina,storm,storm_on_area,SRI,5.48,catch-up: cella rilevata a posteriori +16min
scarperia_20260821T0515,2026-08-21T16:05:51Z,scarperia,storm,storm_on_area,SRI,6.78,cella su area dwell~79min
scarperia_20260821T0515,2026-08-21T14:50:30Z,scarperia,storm,storm_on_area,SRI,7.55,cella su area dwell~101min
cepina_20260821T0625,2026-08-21T14:36:04Z,cepina,storm,storm_on_area,SRI,13.02,cella su area
ruspino_20260821T0540,2026-08-21T13:57:28Z,ruspino,storm,storm_on_area,SRI,13.45,cella su area
scarperia_20260821T0515,2026-08-21T12:45:58Z,scarperia,monitor,emergency,CUM3,29.758,
scarperia_20260821T0515,2026-08-21T12:30:52Z,scarperia,monitor,warning,CUM3,26.286,
scarperia_20260821T0515,2026-08-21T12:30:52Z,scarperia,monitor,alarm,CUM3,26.286,
scarperia_20260821T0515,2026-08-21T11:30:56Z,scarperia,storm,storm_on_area,SRI,50.21,cella su area dwell~70min
cepina_20260821T0625,2026-08-21T11:06:07Z,cepina,storm,storm_on_area,SRI,9.38,catch-up: cella rilevata a posteriori +31min
cepina_20260821T0625,2026-08-21T10:43:58Z,cepina,storm,storm_on_area,SRI,9.38,cella su area
cepina_20260821T0625,2026-08-21T10:30:51Z,cepina,monitor,alarm,CUM3,22.557,
cepina_20260821T0625,2026-08-21T09:25:59Z,cepina,monitor,warning,CUM3,14.856,
ruspino_20260821T0540,2026-08-21T09:25:50Z,ruspino,monitor,warning,CUM3,20.758,
cepina_20260821T0625,2026-08-21T08:31:06Z,cepina,forecast,forecast_warning,SRT1,,forecast 1h prossime 6h
cepina_20260821T0625,2026-08-21T08:31:06Z,cepina,forecast,forecast_warning,CUM3,,forecast 3h prossime 6h
scarperia_20260821T0515,2026-08-21T07:45:58Z,scarperia,storm,storm_on_area,SRI,7.70,cella su area
cepina_20260821T0625,2026-08-21T07:21:03Z,cepina,storm,storm_on_area,SRI,5.57,cella su area
scarperia_20260821T0515,2026-08-21T07:00:53Z,scarperia,storm,storm_on_area,SRI,8.58,catch-up: cella rilevata a posteriori +20min
scarperia_20260821T0515,2026-08-21T07:00:53Z,scarperia,storm,storm_on_area,SRI,9.74,catch-up: cella rilevata a posteriori +25min
ruspino_20260821T0540,2026-08-21T07:00:53Z,ruspino,storm,storm_on_area,SRI,20.93,cella su area
scarperia_20260820T1530,2026-08-20T21:13:03Z,scarperia,storm,storm_on_area,SRI,7.28,catch-up: cella rilevata a posteriori +13min
scarperia_20260820T1530,2026-08-20T21:13:03Z,scarperia,storm,storm_on_area,SRI,5.96,catch-up: cella rilevata a posteriori +18min
scarperia_20260820T1530,2026-08-20T20:31:05Z,scarperia,monitor,warning,CUM3,18.500,rilevamento tardivo catch-up +31min
scarperia_20260820T1530,2026-08-20T20:31:05Z,scarperia,monitor,alarm,CUM3,18.500,rilevamento tardivo catch-up +31min
scarperia_20260820T1530,2026-08-20T19:30:57Z,scarperia,storm,storm_on_area,SRI,40.45,cella su area
ruspino_20260820T0010,2026-08-20T18:30:49Z,ruspino,monitor,warning,CUM3,28.983,
ruspino_20260820T0010,2026-08-20T16:56:01Z,ruspino,storm,storm_on_area,SRI,10.81,cella su area dwell~74min
ruspino_20260820T0010,2026-08-20T16:36:02Z,ruspino,storm,storm_on_area,SRI,10.21,catch-up: cella rilevata a posteriori +16min
cepina_20260820T0305,2026-08-20T16:36:02Z,cepina,storm,storm_on_area,SRI,14.60,cella su area
cepina_20260820T0305,2026-08-20T15:20:57Z,cepina,monitor,alarm,CUM3,16.519,
cepina_20260820T0305,2026-08-20T14:50:53Z,cepina,storm,storm_on_area,SRI,7.20,cella su area
ruspino_20260820T0010,2026-08-20T14:09:56Z,ruspino,storm,storm_on_area,SRI,12.78,cella su area
ruspino_20260820T0010,2026-08-20T14:05:52Z,ruspino,storm,storm_on_area,SRI,23.44,catch-up: cella rilevata a posteriori +25min
ruspino_20260820T0010,2026-08-20T14:05:52Z,ruspino,storm,storm_on_area,SRI,10.57,catch-up: cella rilevata a posteriori +30min
ruspino_20260820T0010,2026-08-20T13:46:02Z,ruspino,storm,storm_on_area,SRI,10.57,cella su area dwell~39min
cepina_20260820T0305,2026-08-20T12:35:52Z,cepina,storm,storm_on_area,SRI,15.61,catch-up: cella rilevata a posteriori +20min
cepina_20260820T0305,2026-08-20T12:35:52Z,cepina,storm,storm_on_area,SRI,28.01,catch-up: cella rilevata a posteriori +25min
ruspino_20260820T0010,2026-08-20T11:15:00Z,ruspino,storm,storm_on_area,ARPA,12.39,ricostruito (evento non registrato dal nowcast)
cepina_20260820T0305,2026-08-20T10:31:05Z,cepina,monitor,warning,CUM3,12.553,rilevamento tardivo catch-up +31min
cepina_20260820T0305,2026-08-20T09:47:46Z,cepina,storm,storm_on_area,SRI,9.30,cella su area
cepina_20260820T0305,2026-08-20T08:06:02Z,cepina,storm,storm_on_area,SRI,6.03,catch-up: cella rilevata a posteriori +16min
cepina_20260820T0305,2026-08-20T08:01:05Z,cepina,storm,storm_on_area,SRI,6.03,cella su area dwell~80min
ruspino_20260820T0010,2026-08-20T07:25:52Z,ruspino,forecast,forecast_warning,SRT1,,forecast 1h prossime 6h
ruspino_20260820T0010,2026-08-20T07:25:52Z,ruspino,forecast,forecast_warning,CUM3,,forecast 3h prossime 6h
cepina_20260820T0305,2026-08-20T07:21:03Z,cepina,storm,storm_on_area,SRI,5.43,catch-up: cella rilevata a posteriori +16min
ruspino_20260820T0010,2026-08-20T02:11:02Z,ruspino,storm,storm_on_area,SRI,10.27,cella su area dwell~60min
ruspino_20260820T0010,2026-08-20T01:20:55Z,ruspino,storm,storm_on_area,SRI,14.43,cella su area
scarperia_20260817T1015,2026-08-17T11:06:00Z,scarperia,storm,storm_on_area,SRI,9.33,cella su area dwell~93min
ruspino_20260816T1305,2026-08-16T20:55:57Z,ruspino,storm,storm_on_area,SRI,14.15,cella su area
cepina_20260816T1115,2026-08-16T19:55:55Z,cepina,monitor,warning,CUM3,11.885,
ruspino_20260816T1305,2026-08-16T14:56:01Z,ruspino,storm,storm_on_area,SRI,33.93,cella su area dwell~87min
scarperia_20260816T1400,2026-08-16T14:35:47Z,scarperia,storm,storm_on_area,SRI,7.25,catch-up: cella rilevata a posteriori +25min
scarperia_20260816T1400,2026-08-16T14:21:01Z,scarperia,storm,storm_on_area,SRI,7.25,cella su area dwell~111min
cepina_20260815T1235,2026-08-15T18:20:53Z,cepina,storm,storm_on_area,SRI,6.64,catch-up: cella rilevata a posteriori +30min
cepina_20260815T1235,2026-08-15T18:00:06Z,cepina,storm,storm_on_area,SRI,6.64,cella su area dwell~119min
cepina_20260815T1235,2026-08-15T14:56:00Z,cepina,storm,storm_on_area,SRI,12.72,cella su area dwell~119min
cepina_20260812T1200,2026-08-12T17:06:21Z,cepina,storm,storm_on_area,SRI,9.39,cella su area
cepina_20260812T1200,2026-08-12T12:31:24Z,cepina,storm,storm_on_area,SRI,43.97,cella su area
cepina_20260810T1335,2026-08-10T14:25:38Z,cepina,storm,storm_on_area,SRI,6.01,catch-up: cella rilevata a posteriori +25min
cepina_20260809T1630,2026-08-09T20:20:35Z,cepina,monitor,warning,CUM3,13.395,
cepina_20260809T1630,2026-08-09T18:05:40Z,cepina,storm,storm_on_area,SRI,11.34,cella su area dwell~94min
cepina_20260808T1440,2026-08-08T19:08:32Z,cepina,storm,storm_on_area,SRI,6.01,catch-up: cella rilevata a posteriori +13min
scarperia_20260808T1150,2026-08-08T14:25:34Z,scarperia,nowcast,nowcast_emergency,SRT1,20.14,nowcast buffer=5km
scarperia_20260808T1150,2026-08-08T13:50:37Z,scarperia,storm,storm_on_area,SRI,8.60,cella su area
scarperia_20260808T1150,2026-08-08T13:30:36Z,scarperia,storm,storm_on_area,SRI,11.19,catch-up: cella rilevata a posteriori +25min
ruspino_20260807T0840,2026-08-07T10:30:53Z,ruspino,monitor,warning,CUM3,26.000,
ruspino_20260807T0840,2026-08-07T09:13:45Z,ruspino,storm,storm_on_area,SRI,32.67,cella su area
cepina_20260806T1920,2026-08-06T22:01:08Z,cepina,storm,storm_on_area,SRI,6.30,catch-up: cella rilevata a posteriori +21min
cepina_20260806T1920,2026-08-06T21:49:11Z,cepina,storm,storm_on_area,SRI,6.30,cella su area dwell~53min
cepina_20260806T1400,2026-08-06T15:37:24Z,cepina,storm,storm_on_area,SRI,9.61,cella su area
cepina_20260806T1400,2026-08-06T15:16:10Z,cepina,storm,storm_on_area,SRI,7.11,catch-up: cella rilevata a posteriori +16min
ruspino_20260802T0750,2026-08-02T09:01:09Z,ruspino,storm,storm_on_area,SRI,27.34,cella su area
cepina_20260801T1520,2026-08-01T18:26:12Z,cepina,monitor,warning,CUM3,12.758,
cepina_20260801T1520,2026-08-01T16:51:06Z,cepina,storm,storm_on_area,SRI,8.05,cella su area
cepina_20260731T1250,2026-07-31T14:46:20Z,cepina,storm,storm_on_area,SRI,28.02,cella su area dwell~126min
cepina_20260731T1250,2026-07-31T14:06:13Z,cepina,storm,storm_on_area,SRI,5.28,catch-up: cella rilevata a posteriori +21min
cepina_20260729T1600,2026-07-29T18:20:32Z,cepina,nowcast,nowcast_emergency,SRT1,21.14,nowcast buffer=5km
cepina_20260729T1600,2026-07-29T16:35:26Z,cepina,storm,storm_on_area,SRI,5.47,cella su area
ruspino_20260726T1320,2026-07-26T15:00:44Z,ruspino,storm,storm_on_area,SRI,20.17,catch-up: cella rilevata a posteriori +30min
ruspino_20260726T1320,2026-07-26T14:40:28Z,ruspino,storm,storm_on_area,SRI,18.49,catch-up: cella rilevata a posteriori +15min
ruspino_20260726T1320,2026-07-26T14:40:28Z,ruspino,storm,storm_on_area,SRI,19.61,catch-up: cella rilevata a posteriori +20min
ruspino_20260726T1320,2026-07-26T14:40:28Z,ruspino,storm,storm_on_area,SRI,11.43,catch-up: cella rilevata a posteriori +25min
ruspino_20260726T1320,2026-07-26T14:40:28Z,ruspino,storm,storm_on_area,SRI,11.43,catch-up: cella rilevata a posteriori +30min
ruspino_20260726T1320,2026-07-26T14:18:46Z,ruspino,storm,storm_on_area,SRI,25.45,cella su area
ruspino_20260726T1320,2026-07-26T14:05:00Z,ruspino,storm,storm_on_area,ARPA,25.45,ricostruito (evento non registrato dal nowcast)
scarperia_20260726T0310,2026-07-26T06:00:36Z,scarperia,storm,storm_on_area,SRI,7.34,catch-up: cella rilevata a posteriori +20min
scarperia_20260726T0310,2026-07-26T06:00:36Z,scarperia,storm,storm_on_area,SRI,7.17,catch-up: cella rilevata a posteriori +25min
scarperia_20260726T0310,2026-07-26T06:00:36Z,scarperia,storm,storm_on_area,SRI,9.69,catch-up: cella rilevata a posteriori +30min
scarperia_20260726T0310,2026-07-26T05:40:32Z,scarperia,storm,storm_on_area,SRI,10.14,catch-up: cella rilevata a posteriori +15min
scarperia_20260726T0310,2026-07-26T05:40:32Z,scarperia,storm,storm_on_area,SRI,9.93,catch-up: cella rilevata a posteriori +20min
scarperia_20260726T0310,2026-07-26T05:40:32Z,scarperia,storm,storm_on_area,SRI,8.04,catch-up: cella rilevata a posteriori +25min
scarperia_20260726T0310,2026-07-26T05:40:32Z,scarperia,storm,storm_on_area,SRI,11.63,catch-up: cella rilevata a posteriori +30min
scarperia_20260726T0310,2026-07-26T05:40:32Z,scarperia,storm,storm_on_area,SRI,11.47,catch-up: cella rilevata a posteriori +35min
scarperia_20260726T0310,2026-07-26T05:20:27Z,scarperia,monitor,warning,CUM3,19.900,
scarperia_20260726T0310,2026-07-26T05:20:27Z,scarperia,monitor,alarm,CUM3,19.900,
scarperia_20260726T0310,2026-07-26T05:00:33Z,scarperia,storm,storm_on_area,SRI,14.23,catch-up: cella rilevata a posteriori +15min
scarperia_20260726T0310,2026-07-26T05:00:33Z,scarperia,storm,storm_on_area,SRI,9.93,catch-up: cella rilevata a posteriori +20min
scarperia_20260726T0310,2026-07-26T05:00:33Z,scarperia,storm,storm_on_area,SRI,15.23,catch-up: cella rilevata a posteriori +25min
scarperia_20260726T0310,2026-07-26T05:00:33Z,scarperia,storm,storm_on_area,SRI,11.06,catch-up: cella rilevata a posteriori +30min
scarperia_20260726T0310,2026-07-26T04:39:37Z,scarperia,storm,storm_on_area,SRI,19.85,catch-up: cella rilevata a posteriori +14min
scarperia_20260726T0310,2026-07-26T04:39:37Z,scarperia,storm,storm_on_area,SRI,9.84,catch-up: cella rilevata a posteriori +19min
scarperia_20260726T0310,2026-07-26T04:39:37Z,scarperia,storm,storm_on_area,SRI,14.29,catch-up: cella rilevata a posteriori +24min
scarperia_20260726T0310,2026-07-26T04:25:25Z,scarperia,storm,storm_on_area,SRI,8.05,catch-up: cella rilevata a posteriori +15min
scarperia_20260726T0310,2026-07-26T04:25:25Z,scarperia,storm,storm_on_area,SRI,10.73,catch-up: cella rilevata a posteriori +20min
scarperia_20260726T0310,2026-07-26T04:25:25Z,scarperia,storm,storm_on_area,SRI,15.74,catch-up: cella rilevata a posteriori +25min
scarperia_20260726T0310,2026-07-26T04:05:30Z,scarperia,nowcast,nowcast_alarm,SRI,15.73,nowcast buffer=5km moto=SW/40.5kmh prob=4%
scarperia_20260726T0310,2026-07-26T04:05:30Z,scarperia,nowcast,nowcast_warning,SRT1,8.35,nowcast buffer=5km
scarperia_20260726T0310,2026-07-26T04:05:30Z,scarperia,storm,storm_on_area,SRI,8.79,catch-up: cella rilevata a posteriori +20min
scarperia_20260726T0310,2026-07-26T04:05:30Z,scarperia,storm,storm_on_area,SRI,8.46,catch-up: cella rilevata a posteriori +25min
scarperia_20260726T0310,2026-07-26T04:05:30Z,scarperia,storm,storm_on_area,SRI,13.72,catch-up: cella rilevata a posteriori +30min
scarperia_20260726T0310,2026-07-26T03:45:32Z,scarperia,nowcast,nowcast_warning,SRI,12.34,nowcast buffer=10km moto=N/26.8kmh prob=5%
scarperia_20260726T0310,2026-07-26T03:45:32Z,scarperia,storm,storm_on_area,SRI,13.72,cella su area dwell~143min
scarperia_20260726T0310,2026-07-26T03:45:32Z,scarperia,storm,storm_on_area,SRI,24.18,catch-up: cella rilevata a posteriori +15min
scarperia_20260726T0310,2026-07-26T03:45:32Z,scarperia,storm,storm_on_area,SRI,27.77,catch-up: cella rilevata a posteriori +20min
cepina_20260725T2155,2026-07-25T23:31:27Z,cepina,storm,storm_on_area,SRI,7.24,catch-up: cella rilevata a posteriori +26min
cepina_20260725T2155,2026-07-25T23:12:57Z,cepina,storm,storm_on_area,SRI,12.85,catch-up: cella rilevata a posteriori +12min
cepina_20260725T2155,2026-07-25T23:11:16Z,cepina,storm,storm_on_area,SRI,8.30,catch-up: cella rilevata a posteriori +16min
cepina_20260725T2155,2026-07-25T23:11:16Z,cepina,storm,storm_on_area,SRI,5.68,catch-up: cella rilevata a posteriori +21min
cepina_20260725T2155,2026-07-25T23:11:16Z,cepina,storm,storm_on_area,SRI,5.87,catch-up: cella rilevata a posteriori +31min
cepina_20260725T2155,2026-07-25T22:51:21Z,cepina,storm,storm_on_area,SRI,5.87,cella su area
cepina_20260725T2155,2026-07-25T22:51:21Z,cepina,storm,storm_on_area,SRI,6.09,catch-up: cella rilevata a posteriori +16min
cepina_20260725T2155,2026-07-25T22:51:21Z,cepina,storm,storm_on_area,SRI,5.03,catch-up: cella rilevata a posteriori +21min
ruspino_20260721T0710,2026-07-21T07:45:00Z,ruspino,storm,storm_on_area,ARPA,27.34,ricostruito (evento non registrato dal nowcast)
cepina_20260720T1750,2026-07-20T18:29:20Z,cepina,storm,storm_on_area,SRI,7.24,cella su area
cepina_20260720T1750,2026-07-20T18:29:20Z,cepina,storm,storm_on_area,SRI,10.56,catch-up: cella rilevata a posteriori +14min
ruspino_20260720T0035,2026-07-20T00:40:00Z,ruspino,storm,storm_on_area,ARPA,115.31,ricostruito (evento non registrato dal nowcast)
ruspino_20260718T1855,2026-07-18T19:59:23Z,ruspino,storm,storm_on_area,SRI,25.41,cella su area
cepina_20260716T2155,2026-07-17T04:55:59Z,cepina,storm,storm_on_area,SRI,5.97,cella su area
ruspino_20260717T0125,2026-07-17T01:51:00Z,ruspino,storm,storm_on_area,SRI,26.85,cella su area
cepina_20260716T2155,2026-07-16T22:50:04Z,cepina,storm,storm_on_area,SRI,5.38,cella su area
cepina_20260715T1010,2026-07-15T13:14:48Z,cepina,storm,storm_on_area,SRI,5.73,cella su area dwell~154min rain~5mm
cepina_20260715T1010,2026-07-15T11:49:20Z,cepina,forecast,forecast_warning,SRT1,,forecast 1h prossime 6h
ruspino_20260714T1915,2026-07-14T21:48:22Z,ruspino,storm,storm_on_area,SRI,12.68,cella su area
ruspino_20260711T1320,2026-07-11T18:46:06Z,ruspino,storm,storm_on_area,SRI,85.63,cella su area
ruspino_20260711T1320,2026-07-11T13:45:00Z,ruspino,storm,storm_on_area,ARPA,10.73,ricostruito (evento non registrato dal nowcast)
cepina_20260710T2150,2026-07-10T22:51:58Z,cepina,storm,storm_on_area,SRI,7.73,cella su area
ruspino_20260710T1920,2026-07-10T20:14:46Z,ruspino,storm,storm_on_area,SRI,23.20,cella su area dwell~100min rain~8mm
cepina_20260710T1345,2026-07-10T16:45:00Z,cepina,storm,storm_on_area,ARPA,12.39,ricostruito (evento non registrato dal nowcast)
scarperia_20260710T1550,2026-07-10T16:15:07Z,scarperia,storm,storm_on_area,SRI,55.40,cella su area dwell~138min rain~33mm
scarperia_20260702T0555,2026-07-02T06:31:42Z,scarperia,nowcast,nowcast_warning,SRI,10.68,nowcast buffer=5km moto=W/22.9kmh prob=49%
scarperia_20260702T0555,2026-07-02T06:31:42Z,scarperia,storm,storm_on_area,SRI,5.44,cella su area
cepina_20260701T0945,2026-07-01T14:10:44Z,cepina,storm,storm_on_area,SRI,5.70,cella su area
cepina_20260701T0945,2026-07-01T13:22:28Z,cepina,monitor,warning,CUM3,21.010,
cepina_20260701T0945,2026-07-01T13:22:28Z,cepina,monitor,alarm,CUM3,21.010,
ruspino_20260701T1130,2026-07-01T11:52:12Z,ruspino,storm,storm_on_area,SRI,63.43,cella su area dwell~87min rain~38mm
scarperia_20260629T1935,2026-06-29T21:17:36Z,scarperia,nowcast,nowcast_emergency,SRI,51.82,nowcast buffer=5km moto=W/3.8kmh prob=31%
scarperia_20260629T1935,2026-06-29T21:17:36Z,scarperia,nowcast,nowcast_alarm,SRT1,17.35,nowcast buffer=5km
scarperia_20260629T1935,2026-06-29T21:17:36Z,scarperia,nowcast,nowcast_emergency,SRI,30.87,nowcast buffer=10km moto=SW/5.9kmh prob=2%
scarperia_20260629T1935,2026-06-29T21:17:36Z,scarperia,nowcast,nowcast_alarm,SRT1,18.42,nowcast buffer=10km
scarperia_20260629T1935,2026-06-29T21:17:36Z,scarperia,storm,storm_on_area,SRI,39.31,cella su area
scarperia_20260629T1935,2026-06-29T19:44:03Z,scarperia,nowcast,nowcast_alarm,SRI,19.15,nowcast buffer=10km moto=SE/5.1kmh prob=30%
scarperia_20260629T1935,2026-06-29T19:44:03Z,scarperia,nowcast,nowcast_emergency,SRT1,29.02,nowcast buffer=10km
ruspino_20260629T1425,2026-06-29T14:30:00Z,ruspino,storm,storm_on_area,ARPA,39.18,ricostruito (evento non registrato dal nowcast)
cepina_20260629T1030,2026-06-29T10:40:00Z,cepina,storm,storm_on_area,ARPA,10.73,ricostruito (evento non registrato dal nowcast)
ruspino_20260628T2340,2026-06-29T00:30:00Z,ruspino,storm,storm_on_area,ARPA,27.34,ricostruito (evento non registrato dal nowcast)
cepina_20260626T1535,2026-06-26T16:07:47Z,cepina,storm,storm_on_area,SRI,5.42,cella su area dwell~45min rain~1mm
ruspino_20260625T2050,2026-06-25T23:08:46Z,ruspino,storm,storm_on_area,SRI,20.89,cella su area
cepina_20260622T1535,2026-06-22T18:41:18Z,cepina,nowcast,nowcast_emergency,SRI,27.35,nowcast buffer=5km moto=S/14.6kmh prob=5%
cepina_20260622T1535,2026-06-22T18:41:18Z,cepina,nowcast,nowcast_emergency,SRI,25.52,nowcast buffer=10km
cepina_20260622T1535,2026-06-22T18:41:18Z,cepina,storm,storm_on_area,SRI,10.08,cella su area
ruspino_20260621T1900,2026-06-21T19:16:38Z,ruspino,nowcast,nowcast_alarm,SRI,23.58,nowcast buffer=5km moto=SW/7.0kmh prob=37%
ruspino_20260621T1900,2026-06-21T19:16:38Z,ruspino,nowcast,nowcast_warning,SRT1,14.32,nowcast buffer=10km
cepina_20260620T1620,2026-06-20T17:16:18Z,cepina,nowcast,nowcast_alarm,SRI,17.07,nowcast buffer=5km moto=E/17.3kmh prob=3%
cepina_20260620T1620,2026-06-20T17:16:18Z,cepina,nowcast,nowcast_warning,SRT1,8.41,nowcast buffer=5km
cepina_20260620T1620,2026-06-20T17:16:18Z,cepina,nowcast,nowcast_alarm,SRI,15.89,nowcast buffer=10km moto=SE/6.5kmh prob=12%
cepina_20260620T1620,2026-06-20T17:16:18Z,cepina,nowcast,nowcast_warning,SRT1,13.35,nowcast buffer=10km
cepina_20260620T1620,2026-06-20T17:16:18Z,cepina,storm,storm_on_area,SRI,11.15,cella su area
cepina_20260610T1405,2026-06-10T14:54:54Z,cepina,storm,storm_on_area,SRI,5.63,cella su area
ruspino_20260610T1355,2026-06-10T14:26:39Z,ruspino,nowcast,nowcast_warning,SRI,10.26,nowcast buffer=5km
cepina_20260610T0045,2026-06-10T07:00:46Z,cepina,nowcast,nowcast_alarm,SRT1,16.29,nowcast buffer=5km
ruspino_20260610T0250,2026-06-10T02:35:01Z,ruspino,nowcast,nowcast_warning,SRI,14.70,nowcast buffer=10km moto=NE/21.1kmh prob=2%
ruspino_20260605T2200,2026-06-05T22:10:05Z,ruspino,nowcast,nowcast_emergency,SRT1,20.63,nowcast buffer=5km
ruspino_20260605T2200,2026-06-05T22:10:05Z,ruspino,nowcast,nowcast_emergency,SRT1,22.78,nowcast buffer=10km
cepina_20260604T2320,2026-06-05T02:34:43Z,cepina,nowcast,nowcast_emergency,SRI,39.94,nowcast buffer=10km moto=NW/7.4kmh prob=2%
scarperia_20260602T1910,2026-06-03T03:00:00Z,scarperia,storm,storm_on_area,CUM3,62.22,ricostruito (evento non registrato dal nowcast)
scarperia_20260602T1910,2026-06-03T02:52:38Z,scarperia,nowcast,nowcast_emergency,SRT1,21.72,nowcast buffer=5km
scarperia_20260602T1910,2026-06-03T02:52:38Z,scarperia,nowcast,nowcast_emergency,SRT1,22.56,nowcast buffer=10km
scarperia_20260602T1910,2026-06-02T21:29:23Z,scarperia,forecast,forecast24h_emergency,ensemble_24h,97.73,mean=25.1 worst=97.7 metno=8.47
ruspino_20260602T1520,2026-06-02T19:52:14Z,ruspino,monitor,warning,CUM3,33.313,
cepina_20260602T1655,2026-06-02T16:03:22Z,cepina,monitor,warning,CUM3,14.730,
scarperia_20260602T1910,2026-06-02T11:03:16Z,scarperia,forecast,forecast24h_alarm,ensemble_24h,58.33,mean=15.2 worst=58.3 metno=10.11
ruspino_20260601T2300,2026-06-02T10:06:33Z,ruspino,nowcast,nowcast_emergency,SRI,25.75,nowcast buffer=5km moto=SE/15.6kmh prob=31%
ruspino_20260601T2300,2026-06-02T07:17:57Z,ruspino,forecast,forecast_warning,CUM3,,forecast 3h prossime 6h
scarperia_20260602T1910,2026-06-02T05:09:18Z,scarperia,forecast,forecast24h_warning,ensemble_24h,38.99,mean=11.3 worst=39.0 metno=6.04
scarperia_20260601T1015,2026-05-31T19:47:57Z,scarperia,forecast,forecast24h_warning,ensemble_24h,10.50,mean=6.5 worst=10.5 metno=15.57
ruspino_20260531T1435,2026-05-31T19:22:27Z,ruspino,nowcast,nowcast_alarm,SRI,17.66,nowcast buffer=5km moto=E/3.9kmh prob=28%
ruspino_20260531T1435,2026-05-31T17:59:53Z,ruspino,nowcast,nowcast_warning,SRI,12.37,nowcast buffer=5km moto=SE/20.1kmh prob=13%
ruspino_20260531T1435,2026-05-31T17:59:53Z,ruspino,nowcast,nowcast_alarm,SRI,19.59,nowcast buffer=10km moto=E/33.4kmh prob=1%
ruspino_20260531T1435,2026-05-31T15:13:07Z,ruspino,nowcast,nowcast_warning,SRT1,13.35,nowcast buffer=10km
ruspino_20260528T1640,2026-05-28T17:57:45Z,ruspino,nowcast,nowcast_alarm,SRT1,18.51,nowcast buffer=5km
ruspino_20260528T1640,2026-05-28T17:57:45Z,ruspino,nowcast,nowcast_alarm,SRT1,15.43,nowcast buffer=10km
