date_utc,area_name,sensor_id,mm,n_obs,expected_obs,updated_at_utc
2026-09-28,cepina,8010,0.0,144,144,2026-10-06T14:14:19Z
2026-09-29,cepina,8010,0.0,144,144,2026-10-06T14:14:19Z
2026-09-30,cepina,8010,0.0,144,144,2026-10-06T14:14:19Z
2026-10-01,cepina,8010,0.0,144,144,2026-10-06T14:14:19Z
2026-10-02,cepina,8010,0.0,144,144,2026-10-06T14:14:19Z
2026-10-03,cepina,8010,0.0,144,144,2026-10-06T14:14:19Z
2026-10-04,cepina,8010,0.0,144,144,2026-10-06T14:14:19Z
2026-10-05,cepina,8010,5.0,144,144,2026-10-06T14:14:19Z
2026-10-06,cepina,8010,0.0,68,85,2026-10-06T14:14:19Z
