event_ts_utc,area_name,sensor_id,win_start_utc,win_end_utc,n_points,total_mm,collected_at_utc
2026-07-21T08:00:00Z,ruspino,2278,2026-07-20T18:00:00Z,2026-07-21T20:00:00Z,157,1.60,2026-07-22T14:32:08.001244Z
2026-07-21T07:45:00Z,ruspino,2278,2026-07-20T17:45:00Z,2026-07-21T19:45:00Z,156,1.60,2026-07-22T14:32:08.905904Z
2026-07-20T20:09:48Z,cepina,8010,2026-07-20T06:09:48Z,2026-07-21T08:09:48Z,156,2.20,2026-07-22T14:32:09.788030Z
2026-07-20T18:29:20Z,cepina,8010,2026-07-20T04:29:20Z,2026-07-21T06:29:20Z,156,2.20,2026-07-22T14:32:10.738030Z
2026-07-20T04:00:00Z,ruspino,2278,2026-07-19T14:00:00Z,2026-07-20T16:00:00Z,157,34.40,2026-07-22T14:32:11.705553Z
2026-07-20T00:40:00Z,ruspino,2278,2026-07-19T10:40:00Z,2026-07-20T12:40:00Z,157,34.40,2026-07-22T14:32:12.721693Z
2026-07-18T21:41:11Z,ruspino,2278,2026-07-18T07:41:11Z,2026-07-19T09:41:11Z,156,20.40,2026-07-22T14:32:13.591091Z
2026-07-18T19:59:23Z,ruspino,2278,2026-07-18T05:59:23Z,2026-07-19T07:59:23Z,156,20.40,2026-07-22T14:32:14.558157Z
2026-07-17T07:12:29Z,cepina,8010,2026-07-16T17:12:29Z,2026-07-17T19:12:29Z,156,6.00,2026-07-22T14:32:15.428274Z
2026-07-17T04:55:59Z,ruspino,2278,2026-07-16T14:55:59Z,2026-07-17T16:55:59Z,156,36.60,2026-07-22T14:32:16.383982Z
2026-07-17T04:55:59Z,cepina,8010,2026-07-16T14:55:59Z,2026-07-17T16:55:59Z,156,6.00,2026-07-22T14:32:17.273905Z
2026-07-17T01:51:00Z,ruspino,2278,2026-07-16T11:51:00Z,2026-07-17T13:51:00Z,156,36.60,2026-07-22T14:32:18.216678Z
2026-07-16T23:51:34Z,cepina,8010,2026-07-16T09:51:34Z,2026-07-17T11:51:34Z,156,6.00,2026-07-22T14:32:19.094672Z
2026-07-16T22:50:04Z,cepina,8010,2026-07-16T08:50:04Z,2026-07-17T10:50:04Z,156,6.00,2026-07-22T14:32:19.968547Z
2026-07-15T15:18:53Z,cepina,8010,2026-07-15T01:18:53Z,2026-07-16T03:18:53Z,156,12.00,2026-07-22T14:32:20.933679Z
2026-07-15T13:14:48Z,cepina,8010,2026-07-14T23:14:48Z,2026-07-16T01:14:48Z,156,12.00,2026-07-22T14:32:21.807615Z
2026-07-15T11:49:20Z,cepina,8010,2026-07-14T21:49:20Z,2026-07-15T23:49:20Z,156,10.60,2026-07-22T14:32:23.028669Z
2026-07-14T23:42:38Z,ruspino,2278,2026-07-14T09:42:38Z,2026-07-15T11:42:38Z,156,20.60,2026-07-22T14:32:23.962194Z
2026-07-14T21:48:22Z,ruspino,2278,2026-07-14T07:48:22Z,2026-07-15T09:48:22Z,156,20.60,2026-07-22T14:32:24.957970Z
2026-07-11T19:59:26Z,ruspino,2278,2026-07-11T05:59:26Z,2026-07-12T07:59:26Z,156,26.40,2026-07-22T14:32:26.123396Z
2026-07-11T18:46:06Z,ruspino,2278,2026-07-11T04:46:06Z,2026-07-12T06:46:06Z,156,26.40,2026-07-22T14:32:27.098760Z
2026-07-11T13:50:00Z,ruspino,2278,2026-07-10T23:50:00Z,2026-07-12T01:50:00Z,157,26.40,2026-07-22T14:32:27.983879Z
2026-07-11T13:45:00Z,ruspino,2278,2026-07-10T23:45:00Z,2026-07-12T01:45:00Z,156,26.40,2026-07-22T14:32:28.834482Z
2026-07-10T23:50:07Z,cepina,8010,2026-07-10T09:50:07Z,2026-07-11T11:50:07Z,156,16.20,2026-07-22T14:32:29.792496Z
2026-07-10T22:51:58Z,ruspino,2278,2026-07-10T08:51:58Z,2026-07-11T10:51:58Z,156,4.80,2026-07-22T14:32:30.671389Z
2026-07-10T22:51:58Z,cepina,8010,2026-07-10T08:51:58Z,2026-07-11T10:51:58Z,156,16.20,2026-07-22T14:32:31.647589Z
2026-07-10T20:14:46Z,ruspino,2278,2026-07-10T06:14:46Z,2026-07-11T08:14:46Z,156,4.80,2026-07-22T14:32:32.561009Z
2026-07-10T16:50:00Z,cepina,8010,2026-07-10T02:50:00Z,2026-07-11T04:50:00Z,157,16.20,2026-07-22T14:32:33.444105Z
2026-07-10T16:45:00Z,cepina,8010,2026-07-10T02:45:00Z,2026-07-11T04:45:00Z,156,16.20,2026-07-22T14:32:34.319611Z
2026-07-01T19:39:57Z,cepina,8010,2026-07-01T05:39:57Z,2026-07-02T07:39:57Z,156,30.40,2026-07-22T14:32:35.237120Z
2026-07-01T14:10:44Z,ruspino,2278,2026-07-01T00:10:44Z,2026-07-02T02:10:44Z,156,31.40,2026-07-22T14:32:36.085809Z
2026-07-01T14:10:44Z,cepina,8010,2026-07-01T00:10:44Z,2026-07-02T02:10:44Z,156,30.40,2026-07-22T14:32:36.945492Z
2026-07-01T13:22:28Z,cepina,8010,2026-06-30T23:22:28Z,2026-07-02T01:22:28Z,156,30.40,2026-07-22T14:32:37.791774Z
2026-07-01T11:52:12Z,ruspino,2278,2026-06-30T21:52:12Z,2026-07-01T23:52:12Z,156,31.40,2026-07-22T14:32:38.629806Z
2026-06-29T14:55:00Z,ruspino,2278,2026-06-29T00:55:00Z,2026-06-30T02:55:00Z,156,33.40,2026-07-22T14:32:39.475694Z
2026-06-29T14:30:00Z,ruspino,2278,2026-06-29T00:30:00Z,2026-06-30T02:30:00Z,157,36.40,2026-07-22T14:32:40.355832Z
2026-06-29T10:45:00Z,cepina,8010,2026-06-28T20:45:00Z,2026-06-29T22:45:00Z,156,4.00,2026-07-22T14:32:41.224060Z
2026-06-29T10:40:00Z,cepina,8010,2026-06-28T20:40:00Z,2026-06-29T22:40:00Z,157,4.00,2026-07-22T14:32:42.095703Z
2026-06-29T00:45:00Z,ruspino,2278,2026-06-28T10:45:00Z,2026-06-29T12:45:00Z,156,3.60,2026-07-22T14:32:43.055465Z
2026-06-29T00:30:00Z,ruspino,2278,2026-06-28T10:30:00Z,2026-06-29T12:30:00Z,157,3.60,2026-07-22T14:32:43.939595Z
2026-06-27T15:08:51Z,cepina,8010,2026-06-27T01:08:51Z,2026-06-28T03:08:51Z,156,0.00,2026-07-22T14:32:45.094495Z
2026-06-26T18:23:49Z,cepina,8010,2026-06-26T04:23:49Z,2026-06-27T06:23:49Z,156,0.00,2026-07-22T14:32:46.304195Z
2026-06-26T16:07:47Z,cepina,8010,2026-06-26T02:07:47Z,2026-06-27T04:07:47Z,156,0.00,2026-07-22T14:32:47.183479Z
2026-06-26T02:31:49Z,ruspino,2278,2026-06-25T12:31:49Z,2026-06-26T14:31:49Z,156,18.80,2026-07-22T14:32:48.387801Z
2026-06-25T23:08:46Z,ruspino,2278,2026-06-25T09:08:46Z,2026-06-26T11:08:46Z,156,18.80,2026-07-22T14:32:49.345183Z
2026-06-22T21:28:32Z,cepina,8010,2026-06-22T07:28:32Z,2026-06-23T09:28:32Z,156,2.00,2026-07-22T14:32:50.393275Z
2026-06-22T18:41:18Z,cepina,8010,2026-06-22T04:41:18Z,2026-06-23T06:41:18Z,156,2.00,2026-07-22T14:32:51.340742Z
2026-06-21T19:16:38Z,ruspino,2278,2026-06-21T05:16:38Z,2026-06-22T07:16:38Z,156,0.00,2026-07-22T14:32:52.465470Z
2026-06-20T19:10:48Z,cepina,8010,2026-06-20T05:10:48Z,2026-06-21T07:10:48Z,156,3.20,2026-07-22T14:32:53.532518Z
2026-06-20T17:16:18Z,cepina,8010,2026-06-20T03:16:18Z,2026-06-21T05:16:18Z,156,3.20,2026-07-22T14:32:54.648458Z
2026-06-20T15:29:19Z,ruspino,2278,2026-06-20T01:29:19Z,2026-06-21T03:29:19Z,156,0.00,2026-07-22T14:32:55.515971Z
2026-06-19T12:47:07Z,cepina,8010,2026-06-18T22:47:07Z,2026-06-20T00:47:07Z,156,1.00,2026-07-22T14:32:56.581215Z
2026-06-10T17:52:27Z,cepina,8010,2026-06-10T03:52:27Z,2026-06-11T05:52:27Z,156,22.60,2026-07-22T14:32:57.803681Z
2026-06-10T14:54:54Z,cepina,8010,2026-06-10T00:54:54Z,2026-06-11T02:54:54Z,156,31.20,2026-07-22T14:32:59.010113Z
2026-06-10T14:26:39Z,ruspino,2278,2026-06-10T00:26:39Z,2026-06-11T02:26:39Z,156,21.60,2026-07-22T14:32:59.950110Z
2026-06-10T07:00:46Z,cepina,8010,2026-06-09T17:00:46Z,2026-06-10T19:00:46Z,156,38.40,2026-07-22T14:33:00.906037Z
2026-06-10T02:35:01Z,ruspino,2278,2026-06-09T12:35:01Z,2026-06-10T14:35:01Z,156,29.40,2026-07-22T14:33:01.973601Z
2026-06-09T21:41:53Z,ruspino,2278,2026-06-09T07:41:53Z,2026-06-10T09:41:53Z,156,29.40,2026-07-22T14:33:03.048711Z
2026-06-08T23:58:13Z,cepina,8010,2026-06-08T09:58:13Z,2026-06-09T11:58:13Z,156,4.80,2026-07-22T14:33:04.217079Z
2026-06-08T20:02:41Z,ruspino,2278,2026-06-08T06:02:41Z,2026-06-09T08:02:41Z,156,0.80,2026-07-22T14:33:05.278389Z
2026-06-07T19:23:25Z,cepina,8010,2026-06-07T05:23:25Z,2026-06-08T07:23:25Z,156,0.00,2026-07-22T14:33:06.356073Z
2026-06-05T22:10:05Z,ruspino,2278,2026-06-05T08:10:05Z,2026-06-06T10:10:05Z,156,14.40,2026-07-22T14:33:07.484303Z
2026-06-05T02:34:43Z,cepina,8010,2026-06-04T12:34:43Z,2026-06-05T14:34:43Z,156,21.00,2026-07-22T14:33:08.820464Z
2026-06-02T19:52:14Z,ruspino,2278,2026-06-02T05:52:14Z,2026-06-03T07:52:14Z,156,63.80,2026-07-22T14:33:09.938429Z
2026-06-02T16:03:22Z,cepina,8010,2026-06-02T02:03:22Z,2026-06-03T04:03:22Z,156,44.20,2026-07-22T14:33:10.821070Z
2026-06-02T10:06:33Z,ruspino,2278,2026-06-01T20:06:33Z,2026-06-02T22:06:33Z,156,69.00,2026-07-22T14:33:11.707728Z
2026-06-02T07:17:57Z,ruspino,2278,2026-06-01T17:17:57Z,2026-06-02T19:17:57Z,156,68.00,2026-07-22T14:33:12.908744Z
2026-05-31T22:51:31Z,ruspino,2278,2026-05-31T08:51:31Z,2026-06-01T10:51:31Z,156,1.60,2026-07-22T14:33:13.963349Z
2026-05-31T21:51:42Z,ruspino,2278,2026-05-31T07:51:42Z,2026-06-01T09:51:42Z,156,1.60,2026-07-22T14:33:15.061173Z
2026-05-31T19:22:27Z,ruspino,2278,2026-05-31T05:22:27Z,2026-06-01T07:22:27Z,156,1.60,2026-07-22T14:33:15.963655Z
2026-05-31T17:59:53Z,ruspino,2278,2026-05-31T03:59:53Z,2026-06-01T05:59:53Z,156,1.60,2026-07-22T14:33:16.850461Z
2026-05-31T15:13:07Z,ruspino,2278,2026-05-31T01:13:07Z,2026-06-01T03:13:07Z,156,1.60,2026-07-22T14:33:17.746656Z
2026-05-28T17:57:45Z,ruspino,2278,2026-05-28T03:57:45Z,2026-05-29T05:57:45Z,156,0.00,2026-07-22T14:33:18.862008Z
2026-05-27T10:18:51Z,ruspino,2278,2026-05-26T20:18:51Z,2026-05-27T22:18:51Z,156,0.00,2026-07-22T14:33:19.906290Z
2026-07-26T15:20:30Z,ruspino,2278,2026-07-26T01:20:30Z,2026-07-27T03:20:30Z,156,2.40,2026-10-08T12:58:43.722647Z
2026-07-26T15:00:44Z,ruspino,2278,2026-07-26T01:00:44Z,2026-07-27T03:00:44Z,156,2.40,2026-10-08T12:58:43.722647Z
2026-07-26T14:40:28Z,ruspino,2278,2026-07-26T00:40:28Z,2026-07-27T02:40:28Z,156,2.40,2026-10-08T12:58:43.722647Z
2026-07-26T14:18:46Z,ruspino,2278,2026-07-26T00:18:46Z,2026-07-27T02:18:46Z,156,2.40,2026-10-08T12:58:43.722647Z
2026-07-26T14:15:00Z,ruspino,2278,2026-07-26T00:15:00Z,2026-07-27T02:15:00Z,156,2.40,2026-10-08T12:58:43.722647Z
2026-07-26T14:05:00Z,ruspino,2278,2026-07-26T00:05:00Z,2026-07-27T02:05:00Z,156,2.40,2026-10-08T12:58:43.722647Z
2026-07-25T23:31:27Z,cepina,8010,2026-07-25T09:31:27Z,2026-07-26T11:31:27Z,155,9.20,2026-07-27T08:10:30.355476Z
2026-07-25T23:12:57Z,cepina,8010,2026-07-25T09:12:57Z,2026-07-26T11:12:57Z,155,9.20,2026-07-27T08:10:31.429938Z
2026-07-25T23:11:16Z,cepina,8010,2026-07-25T09:11:16Z,2026-07-26T11:11:16Z,155,9.20,2026-07-27T08:10:32.544338Z
2026-07-25T22:51:21Z,cepina,8010,2026-07-25T08:51:21Z,2026-07-26T10:51:21Z,155,9.20,2026-07-27T08:10:33.638335Z
2026-07-29T18:20:32Z,cepina,8010,2026-07-29T04:20:32Z,2026-07-30T06:20:32Z,156,5.20,2026-10-08T12:58:43.722647Z
2026-07-29T17:59:14Z,cepina,8010,2026-07-29T03:59:14Z,2026-07-30T05:59:14Z,156,5.20,2026-10-08T12:58:43.722647Z
2026-07-29T16:35:26Z,cepina,8010,2026-07-29T02:35:26Z,2026-07-30T04:35:26Z,156,5.20,2026-10-08T12:58:43.722647Z
2026-07-31T15:46:16Z,cepina,8010,2026-07-31T01:46:16Z,2026-08-01T03:46:16Z,156,1.40,2026-08-01T08:04:03.156233Z
2026-07-31T14:46:20Z,cepina,8010,2026-07-31T00:46:20Z,2026-08-01T02:46:20Z,156,1.20,2026-08-01T08:04:04.288600Z
2026-07-31T14:06:13Z,cepina,8010,2026-07-31T00:06:13Z,2026-08-01T02:06:13Z,156,1.20,2026-08-01T08:04:05.387523Z
2026-08-01T18:36:11Z,cepina,8010,2026-08-01T04:36:11Z,2026-08-02T06:36:11Z,156,10.20,2026-10-08T12:58:43.722647Z
2026-08-01T18:26:12Z,cepina,8010,2026-08-01T04:26:12Z,2026-08-02T06:26:12Z,149,10.20,2026-08-02T08:06:04.922819Z
2026-08-01T16:51:06Z,cepina,8010,2026-08-01T02:51:06Z,2026-08-02T04:51:06Z,156,10.40,2026-08-02T08:06:06.079697Z
2026-08-02T10:06:13Z,ruspino,2278,2026-08-01T20:06:13Z,2026-08-02T22:06:13Z,156,11.80,2026-08-03T08:06:08.208030Z
2026-08-02T09:01:09Z,ruspino,2278,2026-08-01T19:01:09Z,2026-08-02T21:01:09Z,156,11.80,2026-08-03T08:06:09.485527Z
2026-08-06T17:03:13Z,cepina,8010,2026-08-06T03:03:13Z,2026-08-07T05:03:13Z,156,7.60,2026-10-08T12:58:43.722647Z
2026-08-06T15:37:24Z,cepina,8010,2026-08-06T01:37:24Z,2026-08-07T03:37:24Z,156,7.60,2026-10-08T12:58:43.722647Z
2026-08-06T15:16:10Z,cepina,8010,2026-08-06T01:16:10Z,2026-08-07T03:16:10Z,156,7.60,2026-10-08T12:58:43.722647Z
2026-08-07T10:30:53Z,ruspino,2278,2026-08-06T20:30:53Z,2026-08-07T22:30:53Z,156,26.80,2026-08-08T06:34:50.817280Z
2026-08-07T09:56:03Z,ruspino,2278,2026-08-06T19:56:03Z,2026-08-07T21:56:03Z,156,26.80,2026-08-08T06:34:51.981768Z
2026-08-07T09:13:45Z,ruspino,2278,2026-08-06T19:13:45Z,2026-08-07T21:13:45Z,156,26.80,2026-08-08T06:34:52.909059Z
2026-08-06T22:01:08Z,cepina,8010,2026-08-06T08:01:08Z,2026-08-07T10:01:08Z,156,7.60,2026-08-08T06:34:53.907452Z
2026-08-06T21:49:11Z,cepina,8010,2026-08-06T07:49:11Z,2026-08-07T09:49:11Z,156,7.60,2026-08-08T06:34:54.920510Z
2026-08-08T19:08:32Z,cepina,8010,2026-08-08T05:08:32Z,2026-08-09T07:08:32Z,156,0.20,2026-08-10T06:40:31.505579Z
2026-08-09T18:05:40Z,cepina,8010,2026-08-09T04:05:40Z,2026-08-10T06:05:40Z,156,13.20,2026-10-08T12:58:43.722647Z
2026-08-10T14:25:38Z,cepina,8010,2026-08-10T00:25:38Z,2026-08-11T02:25:38Z,156,1.40,2026-10-08T12:58:43.722647Z
2026-08-09T20:20:35Z,cepina,8010,2026-08-09T06:20:35Z,2026-08-10T08:20:35Z,156,13.20,2026-08-11T06:49:20.853756Z
2026-08-09T19:57:56Z,cepina,8010,2026-08-09T05:57:56Z,2026-08-10T07:57:56Z,156,13.20,2026-08-11T06:49:21.873192Z
2026-08-12T17:51:14Z,cepina,8010,2026-08-12T03:51:14Z,2026-08-13T05:51:14Z,152,5.00,2026-08-13T07:11:20.689717Z
2026-08-12T17:06:21Z,cepina,8010,2026-08-12T03:06:21Z,2026-08-13T05:06:21Z,156,5.00,2026-08-13T07:11:21.943202Z
2026-08-12T13:11:16Z,cepina,8010,2026-08-11T23:11:16Z,2026-08-13T01:11:16Z,156,5.00,2026-08-13T07:11:23.206492Z
2026-08-12T12:31:24Z,cepina,8010,2026-08-11T22:31:24Z,2026-08-13T00:31:24Z,156,5.00,2026-08-13T07:11:24.361881Z
2026-08-15T14:56:00Z,cepina,8010,2026-08-15T00:56:00Z,2026-08-16T02:56:00Z,156,13.00,2026-08-16T06:20:55.087363Z
2026-08-14T20:35:56Z,cepina,8010,2026-08-14T06:35:56Z,2026-08-15T08:35:56Z,156,0.00,2026-08-16T06:20:56.162982Z
2026-08-14T20:01:08Z,cepina,8010,2026-08-14T06:01:08Z,2026-08-15T08:01:08Z,156,0.00,2026-08-16T06:20:57.354292Z
2026-08-16T15:33:24Z,ruspino,2278,2026-08-16T01:33:24Z,2026-08-17T03:33:24Z,156,17.00,2026-10-08T12:58:43.722647Z
2026-08-16T14:56:01Z,ruspino,2278,2026-08-16T00:56:01Z,2026-08-17T02:56:01Z,156,17.00,2026-10-08T12:58:43.722647Z
2026-08-15T18:20:53Z,cepina,8010,2026-08-15T04:20:53Z,2026-08-16T06:20:53Z,156,13.00,2026-08-17T06:25:57.529370Z
2026-08-15T18:00:06Z,cepina,8010,2026-08-15T04:00:06Z,2026-08-16T06:00:06Z,156,13.00,2026-08-17T06:25:58.699297Z
2026-08-15T17:51:02Z,cepina,8010,2026-08-15T03:51:02Z,2026-08-16T05:51:02Z,156,13.00,2026-08-17T06:25:59.869720Z
2026-08-16T22:20:52Z,ruspino,2278,2026-08-16T08:20:52Z,2026-08-17T10:20:52Z,156,17.20,2026-08-18T06:25:53.648881Z
2026-08-16T20:55:57Z,ruspino,2278,2026-08-16T06:55:57Z,2026-08-17T08:55:57Z,156,17.20,2026-08-18T06:25:54.875473Z
2026-08-16T19:55:55Z,cepina,8010,2026-08-16T05:55:55Z,2026-08-17T07:55:55Z,156,10.60,2026-08-18T06:25:56.010488Z
2026-08-20T16:56:01Z,ruspino,2278,2026-08-20T02:56:01Z,2026-08-21T04:56:01Z,156,32.80,2026-08-21T06:29:19.843325Z
2026-08-20T16:36:02Z,cepina,8010,2026-08-20T02:36:02Z,2026-08-21T04:36:02Z,156,60.60,2026-08-21T06:29:21.132861Z
2026-08-20T16:36:02Z,ruspino,2278,2026-08-20T02:36:02Z,2026-08-21T04:36:02Z,156,36.20,2026-08-21T06:29:22.471609Z
2026-08-20T16:06:02Z,cepina,8010,2026-08-20T02:06:02Z,2026-08-21T04:06:02Z,156,60.60,2026-08-21T06:29:23.680238Z
2026-08-20T15:20:57Z,cepina,8010,2026-08-20T01:20:57Z,2026-08-21T03:20:57Z,156,60.60,2026-08-21T06:29:24.953649Z
2026-08-20T14:50:53Z,ruspino,2278,2026-08-20T00:50:53Z,2026-08-21T02:50:53Z,156,48.40,2026-08-21T06:29:26.263565Z
2026-08-20T14:50:53Z,cepina,8010,2026-08-20T00:50:53Z,2026-08-21T02:50:53Z,156,60.60,2026-08-21T06:29:27.511962Z
2026-08-20T14:09:56Z,ruspino,2278,2026-08-20T00:09:56Z,2026-08-21T02:09:56Z,156,48.40,2026-08-21T06:29:28.684269Z
2026-08-20T14:05:52Z,ruspino,2278,2026-08-20T00:05:52Z,2026-08-21T02:05:52Z,156,48.40,2026-08-21T06:29:29.975564Z
2026-08-20T13:46:02Z,ruspino,2278,2026-08-19T23:46:02Z,2026-08-21T01:46:02Z,156,48.40,2026-08-21T06:29:31.158183Z
2026-08-20T12:35:52Z,cepina,8010,2026-08-19T22:35:52Z,2026-08-21T00:35:52Z,156,60.60,2026-08-21T06:29:32.360193Z
2026-08-20T11:20:00Z,ruspino,2278,2026-08-19T21:20:00Z,2026-08-20T23:20:00Z,157,48.40,2026-08-21T06:29:33.557601Z
2026-08-20T11:15:00Z,ruspino,2278,2026-08-19T21:15:00Z,2026-08-20T23:15:00Z,156,48.40,2026-08-21T06:29:34.852282Z
2026-08-20T10:57:24Z,cepina,8010,2026-08-19T20:57:24Z,2026-08-20T22:57:24Z,156,60.40,2026-08-21T06:29:36.060401Z
2026-08-20T10:31:05Z,cepina,8010,2026-08-19T20:31:05Z,2026-08-20T22:31:05Z,156,60.40,2026-08-21T06:29:37.181227Z
2026-08-20T09:47:46Z,cepina,8010,2026-08-19T19:47:46Z,2026-08-20T21:47:46Z,156,60.40,2026-08-21T06:29:38.307931Z
2026-08-20T08:06:02Z,cepina,8010,2026-08-19T18:06:02Z,2026-08-20T20:06:02Z,156,58.00,2026-08-21T06:29:39.552262Z
2026-08-20T08:01:05Z,cepina,8010,2026-08-19T18:01:05Z,2026-08-20T20:01:05Z,156,58.00,2026-08-21T06:29:40.694905Z
2026-08-20T07:25:52Z,ruspino,2278,2026-08-19T17:25:52Z,2026-08-20T19:25:52Z,156,48.20,2026-08-21T06:29:41.876682Z
2026-08-20T07:21:03Z,cepina,8010,2026-08-19T17:21:03Z,2026-08-20T19:21:03Z,156,54.20,2026-08-21T06:29:43.179708Z
2026-08-20T03:05:57Z,ruspino,2278,2026-08-19T13:05:57Z,2026-08-20T15:05:57Z,156,19.00,2026-08-21T06:29:44.371745Z
2026-08-20T02:11:02Z,ruspino,2278,2026-08-19T12:11:02Z,2026-08-20T14:11:02Z,156,17.20,2026-08-21T06:29:45.553493Z
2026-08-20T01:48:44Z,ruspino,2278,2026-08-19T11:48:44Z,2026-08-20T13:48:44Z,156,17.00,2026-08-21T06:29:46.865326Z
2026-08-20T01:20:55Z,ruspino,2278,2026-08-19T11:20:55Z,2026-08-20T13:20:55Z,156,17.00,2026-08-21T06:29:48.109066Z
2026-08-21T15:10:57Z,cepina,8010,2026-08-21T01:10:57Z,2026-08-22T03:10:57Z,156,43.60,2026-08-22T06:22:43.347274Z
2026-08-21T14:36:04Z,ruspino,2278,2026-08-21T00:36:04Z,2026-08-22T02:36:04Z,156,60.00,2026-08-22T06:22:44.382346Z
2026-08-21T14:36:04Z,cepina,8010,2026-08-21T00:36:04Z,2026-08-22T02:36:04Z,156,43.60,2026-08-22T06:22:46.896851Z
2026-08-21T13:57:28Z,ruspino,2278,2026-08-20T23:57:28Z,2026-08-22T01:57:28Z,156,60.00,2026-08-22T06:22:47.802805Z
2026-08-21T11:06:07Z,cepina,8010,2026-08-20T21:06:07Z,2026-08-21T23:06:07Z,156,43.80,2026-08-22T06:22:48.787700Z
2026-08-21T10:43:58Z,ruspino,2278,2026-08-20T20:43:58Z,2026-08-21T22:43:58Z,156,60.00,2026-08-22T06:22:49.664945Z
2026-08-21T10:43:58Z,cepina,8010,2026-08-20T20:43:58Z,2026-08-21T22:43:58Z,156,44.20,2026-08-22T06:22:50.663739Z
2026-08-21T10:30:51Z,cepina,8010,2026-08-20T20:30:51Z,2026-08-21T22:30:51Z,156,44.60,2026-08-22T06:22:51.721334Z
2026-08-21T09:25:59Z,cepina,8010,2026-08-20T19:25:59Z,2026-08-21T21:25:59Z,156,50.00,2026-08-22T06:22:52.597138Z
2026-08-21T09:25:50Z,ruspino,2278,2026-08-20T19:25:50Z,2026-08-21T21:25:50Z,156,60.00,2026-08-22T06:22:53.442487Z
2026-08-21T09:15:57Z,cepina,8010,2026-08-20T19:15:57Z,2026-08-21T21:15:57Z,156,51.60,2026-08-22T06:22:54.302236Z
2026-08-21T08:31:06Z,cepina,8010,2026-08-20T18:31:06Z,2026-08-21T20:31:06Z,156,56.40,2026-08-22T06:22:55.132356Z
2026-08-21T07:21:03Z,cepina,8010,2026-08-20T17:21:03Z,2026-08-21T19:21:03Z,156,61.00,2026-08-22T06:22:56.107787Z
2026-08-21T07:00:53Z,ruspino,2278,2026-08-20T17:00:53Z,2026-08-21T19:00:53Z,156,87.20,2026-08-22T06:22:57.309755Z
2026-08-20T18:56:00Z,cepina,8010,2026-08-20T04:56:00Z,2026-08-21T06:56:00Z,156,60.60,2026-08-22T06:22:58.180295Z
2026-08-20T18:35:55Z,ruspino,2278,2026-08-20T04:35:55Z,2026-08-21T06:35:55Z,156,31.60,2026-08-22T06:22:59.194970Z
2026-08-20T18:30:49Z,ruspino,2278,2026-08-20T04:30:49Z,2026-08-21T06:30:49Z,156,31.60,2026-08-22T06:23:00.253072Z
2026-08-25T09:41:07Z,ruspino,2278,2026-08-24T19:41:07Z,2026-08-25T21:41:07Z,156,36.00,2026-08-26T06:31:05.384950Z
2026-08-25T09:26:03Z,ruspino,2278,2026-08-24T19:26:03Z,2026-08-25T21:26:03Z,156,36.00,2026-08-26T06:31:06.423219Z
2026-08-25T08:06:07Z,ruspino,2278,2026-08-24T18:06:07Z,2026-08-25T20:06:07Z,156,36.00,2026-08-26T06:31:07.578265Z
2026-08-25T07:46:04Z,ruspino,2278,2026-08-24T17:46:04Z,2026-08-25T19:46:04Z,156,36.00,2026-08-26T06:31:08.618099Z
2026-08-25T04:31:04Z,cepina,8010,2026-08-24T14:31:04Z,2026-08-25T16:31:04Z,156,18.40,2026-08-26T06:31:09.745900Z
2026-08-25T02:02:53Z,ruspino,2278,2026-08-24T12:02:53Z,2026-08-25T14:02:53Z,156,36.00,2026-08-26T06:31:10.801151Z
2026-08-25T01:06:13Z,ruspino,2278,2026-08-24T11:06:13Z,2026-08-25T13:06:13Z,156,36.00,2026-08-26T06:31:11.925362Z
2026-08-25T00:06:12Z,cepina,8010,2026-08-24T10:06:12Z,2026-08-25T12:06:12Z,156,18.40,2026-08-26T06:31:12.966804Z
2026-08-24T23:01:04Z,ruspino,2278,2026-08-24T09:01:04Z,2026-08-25T11:01:04Z,156,36.00,2026-08-26T06:31:14.059809Z
2026-08-24T22:40:54Z,ruspino,2278,2026-08-24T08:40:54Z,2026-08-25T10:40:54Z,156,36.00,2026-08-26T06:31:15.024369Z
2026-08-24T22:36:06Z,cepina,8010,2026-08-24T08:36:06Z,2026-08-25T10:36:06Z,156,18.40,2026-08-26T06:31:16.017639Z
2026-08-28T03:46:06Z,ruspino,2278,2026-08-27T13:46:06Z,2026-08-28T15:46:06Z,156,1.80,2026-10-08T12:58:43.722647Z
2026-08-28T03:46:06Z,cepina,8010,2026-08-27T13:46:06Z,2026-08-28T15:46:06Z,156,3.40,2026-10-08T12:58:43.722647Z
2026-08-28T04:46:03Z,cepina,8010,2026-08-27T14:46:03Z,2026-08-28T16:46:03Z,156,5.00,2026-08-28T17:54:04.810006Z
2026-08-28T04:06:10Z,ruspino,2278,2026-08-27T14:06:10Z,2026-08-28T16:06:10Z,156,6.80,2026-08-28T17:54:05.712488Z
2026-08-28T22:30:59Z,cepina,8010,2026-08-28T08:30:59Z,2026-08-29T10:30:59Z,156,9.00,2026-08-29T11:58:37.178621Z
2026-08-28T22:10:48Z,cepina,8010,2026-08-28T08:10:48Z,2026-08-29T10:10:48Z,156,9.00,2026-08-29T11:58:38.452244Z
2026-08-28T17:00:54Z,cepina,8010,2026-08-28T03:00:54Z,2026-08-29T05:00:54Z,156,9.80,2026-08-29T11:58:39.614173Z
2026-08-28T16:21:11Z,ruspino,2278,2026-08-28T02:21:11Z,2026-08-29T04:21:11Z,156,7.60,2026-08-29T11:58:40.818963Z
2026-08-28T16:01:15Z,ruspino,2278,2026-08-28T02:01:15Z,2026-08-29T04:01:15Z,156,7.60,2026-08-29T11:58:42.008485Z
2026-08-28T16:01:15Z,cepina,8010,2026-08-28T02:01:15Z,2026-08-29T04:01:15Z,156,9.80,2026-08-29T11:58:43.132741Z
2026-08-28T15:41:17Z,cepina,8010,2026-08-28T01:41:17Z,2026-08-29T03:41:17Z,156,9.80,2026-08-29T11:58:44.313148Z
2026-08-28T07:26:08Z,ruspino,2278,2026-08-27T17:26:08Z,2026-08-28T19:26:08Z,156,7.60,2026-08-29T11:58:45.480864Z
2026-08-28T07:06:08Z,cepina,8010,2026-08-27T17:06:08Z,2026-08-28T19:06:08Z,156,8.80,2026-08-29T11:58:46.628455Z
2026-08-28T06:46:07Z,cepina,8010,2026-08-27T16:46:07Z,2026-08-28T18:46:07Z,156,8.80,2026-08-29T11:58:47.749718Z
2026-09-07T14:45:47Z,cepina,8010,2026-09-07T00:45:47Z,2026-09-08T02:45:47Z,156,0.00,2026-09-08T10:17:51.609706Z
2026-09-09T17:56:28Z,ruspino,2278,2026-09-09T03:56:28Z,2026-09-10T05:56:28Z,149,92.20,2026-09-10T10:16:08.645738Z
2026-09-09T17:16:29Z,ruspino,2278,2026-09-09T03:16:29Z,2026-09-10T05:16:29Z,153,111.00,2026-09-10T10:16:09.847514Z
2026-09-09T16:56:11Z,ruspino,2278,2026-09-09T02:56:11Z,2026-09-10T04:56:11Z,155,111.00,2026-09-10T10:16:10.819271Z
2026-09-09T15:40:49Z,ruspino,2278,2026-09-09T01:40:49Z,2026-09-10T03:40:49Z,156,111.00,2026-09-10T10:16:11.816843Z
2026-09-09T14:26:08Z,cepina,8010,2026-09-09T00:26:08Z,2026-09-10T02:26:08Z,156,62.40,2026-09-10T10:16:12.791618Z
2026-09-09T14:21:13Z,cepina,8010,2026-09-09T00:21:13Z,2026-09-10T02:21:13Z,156,62.40,2026-09-10T10:16:13.738162Z
2026-09-09T13:26:00Z,ruspino,2278,2026-09-08T23:26:00Z,2026-09-10T01:26:00Z,156,110.00,2026-09-10T10:16:14.753347Z
2026-09-09T13:21:13Z,ruspino,2278,2026-09-08T23:21:13Z,2026-09-10T01:21:13Z,156,110.00,2026-09-10T10:16:15.791449Z
2026-09-09T12:41:10Z,cepina,8010,2026-09-08T22:41:10Z,2026-09-10T00:41:10Z,156,58.40,2026-09-10T10:16:16.754594Z
2026-09-09T12:25:59Z,ruspino,2278,2026-09-08T22:25:59Z,2026-09-10T00:25:59Z,156,104.60,2026-09-10T10:16:17.743523Z
2026-09-09T10:25:56Z,ruspino,2278,2026-09-08T20:25:56Z,2026-09-09T22:25:56Z,156,92.60,2026-09-10T10:16:18.750047Z
2026-09-09T07:46:12Z,cepina,8010,2026-09-08T17:46:12Z,2026-09-09T19:46:12Z,156,48.00,2026-09-10T10:16:19.694428Z
2026-09-09T05:26:30Z,cepina,8010,2026-09-08T15:26:30Z,2026-09-09T17:26:30Z,156,46.00,2026-09-10T10:16:20.633797Z
2026-09-09T04:31:37Z,ruspino,2278,2026-09-08T14:31:37Z,2026-09-09T16:31:37Z,156,85.60,2026-09-10T10:16:21.587610Z
2026-09-09T04:26:23Z,ruspino,2278,2026-09-08T14:26:23Z,2026-09-09T16:26:23Z,156,84.40,2026-09-10T10:16:22.534073Z
2026-09-09T03:11:02Z,ruspino,2278,2026-09-08T13:11:02Z,2026-09-09T15:11:02Z,156,82.40,2026-09-10T10:16:23.508070Z
2026-09-09T03:11:02Z,cepina,8010,2026-09-08T13:11:02Z,2026-09-09T15:11:02Z,156,40.80,2026-09-10T10:16:24.435507Z
2026-09-08T23:31:18Z,cepina,8010,2026-09-08T09:31:18Z,2026-09-09T11:31:18Z,156,26.20,2026-09-10T10:16:25.371143Z
2026-09-08T22:31:19Z,cepina,8010,2026-09-08T08:31:19Z,2026-09-09T10:31:19Z,156,26.20,2026-09-10T10:16:26.311104Z
2026-09-08T21:48:58Z,cepina,8010,2026-09-08T07:48:58Z,2026-09-09T09:48:58Z,156,26.20,2026-09-10T10:16:27.250610Z
2026-09-10T13:52:44Z,cepina,8010,2026-09-09T23:52:44Z,2026-09-11T01:52:44Z,156,29.00,2026-09-11T10:14:49.423404Z
2026-09-10T13:00:40Z,cepina,8010,2026-09-09T23:00:40Z,2026-09-11T01:00:40Z,156,33.00,2026-09-11T10:14:50.680816Z
2026-09-10T12:51:01Z,cepina,8010,2026-09-09T22:51:01Z,2026-09-11T00:51:01Z,156,33.40,2026-09-11T10:14:51.900625Z
2026-09-10T12:00:53Z,cepina,8010,2026-09-09T22:00:53Z,2026-09-11T00:00:53Z,156,33.80,2026-09-11T10:14:53.099477Z
2026-09-10T11:00:59Z,cepina,8010,2026-09-09T21:00:59Z,2026-09-10T23:00:59Z,156,34.00,2026-09-11T10:14:54.291126Z
2026-09-10T08:25:37Z,ruspino,2278,2026-09-09T18:25:37Z,2026-09-10T20:25:37Z,156,29.80,2026-09-11T10:14:55.520786Z
2026-09-10T08:05:41Z,ruspino,2278,2026-09-09T18:05:41Z,2026-09-10T20:05:41Z,156,29.80,2026-09-11T10:14:56.737751Z
2026-09-10T07:05:45Z,ruspino,2278,2026-09-09T17:05:45Z,2026-09-10T19:05:45Z,156,34.20,2026-09-11T10:14:57.946042Z
2026-09-10T03:20:41Z,cepina,8010,2026-09-09T13:20:41Z,2026-09-10T15:20:41Z,156,49.80,2026-09-11T10:14:59.116321Z
2026-09-10T02:20:44Z,cepina,8010,2026-09-09T12:20:44Z,2026-09-10T14:20:44Z,156,55.80,2026-09-11T10:15:00.447727Z
2026-09-10T02:10:46Z,cepina,8010,2026-09-09T12:10:46Z,2026-09-10T14:10:46Z,156,56.00,2026-09-11T10:15:01.783912Z
2026-09-10T02:05:37Z,ruspino,2278,2026-09-09T12:05:37Z,2026-09-10T14:05:37Z,156,53.20,2026-09-11T10:15:03.073869Z
2026-09-10T01:30:58Z,ruspino,2278,2026-09-09T11:30:58Z,2026-09-10T13:30:58Z,156,70.80,2026-09-11T10:15:04.372997Z
2026-09-10T01:20:45Z,ruspino,2278,2026-09-09T11:20:45Z,2026-09-10T13:20:45Z,156,79.00,2026-09-11T10:15:05.757133Z
2026-09-10T01:10:48Z,cepina,8010,2026-09-09T11:10:48Z,2026-09-10T13:10:48Z,156,56.00,2026-09-11T10:15:07.187030Z
2026-09-10T00:35:34Z,ruspino,2278,2026-09-09T10:35:34Z,2026-09-10T12:35:34Z,156,97.00,2026-09-11T10:15:08.366821Z
2026-09-10T00:30:37Z,cepina,8010,2026-09-09T10:30:37Z,2026-09-10T12:30:37Z,156,55.60,2026-09-11T10:15:09.541628Z
2026-09-09T23:00:55Z,cepina,8010,2026-09-09T09:00:55Z,2026-09-10T11:00:55Z,156,49.60,2026-09-11T10:15:10.775802Z
2026-09-09T22:20:43Z,ruspino,2278,2026-09-09T08:20:43Z,2026-09-10T10:20:43Z,156,96.60,2026-09-11T10:15:11.940321Z
2026-09-16T20:16:56Z,cepina,8010,2026-09-16T06:16:56Z,2026-09-17T08:16:56Z,156,16.20,2026-10-08T12:58:43.722647Z
2026-09-16T19:51:25Z,cepina,8010,2026-09-16T05:51:25Z,2026-09-17T07:51:25Z,156,16.20,2026-10-08T12:58:43.722647Z
2026-09-16T19:21:30Z,cepina,8010,2026-09-16T05:21:30Z,2026-09-17T07:21:30Z,156,16.20,2026-10-08T12:58:43.722647Z
2026-09-16T18:26:28Z,cepina,8010,2026-09-16T04:26:28Z,2026-09-17T06:26:28Z,149,16.20,2026-09-17T10:31:39.157566Z
2026-09-16T21:36:36Z,ruspino,2278,2026-09-16T07:36:36Z,2026-09-17T09:36:36Z,156,57.00,2026-10-08T12:58:43.722647Z
2026-09-17T03:51:23Z,ruspino,2278,2026-09-16T13:51:23Z,2026-09-17T15:51:23Z,156,57.00,2026-09-18T10:15:43.890017Z
2026-09-17T02:31:38Z,ruspino,2278,2026-09-16T12:31:38Z,2026-09-17T14:31:38Z,156,57.00,2026-09-18T10:15:44.781261Z
2026-09-17T01:51:26Z,ruspino,2278,2026-09-16T11:51:26Z,2026-09-17T13:51:26Z,156,57.00,2026-09-18T10:15:45.871605Z
2026-09-17T00:06:16Z,ruspino,2278,2026-09-16T10:06:16Z,2026-09-17T12:06:16Z,156,57.00,2026-09-18T10:15:47.569377Z
2026-09-17T00:06:16Z,cepina,8010,2026-09-16T10:06:16Z,2026-09-17T12:06:16Z,156,16.20,2026-09-18T10:15:48.433580Z
2026-09-16T23:26:21Z,ruspino,2278,2026-09-16T09:26:21Z,2026-09-17T11:26:21Z,156,57.00,2026-09-18T10:15:49.304971Z
2026-09-16T23:21:18Z,ruspino,2278,2026-09-16T09:21:18Z,2026-09-17T11:21:18Z,156,57.00,2026-09-18T10:15:50.180691Z
2026-09-16T23:06:28Z,ruspino,2278,2026-09-16T09:06:28Z,2026-09-17T11:06:28Z,156,57.00,2026-09-18T10:15:51.095904Z
2026-09-16T23:06:28Z,cepina,8010,2026-09-16T09:06:28Z,2026-09-17T11:06:28Z,156,16.20,2026-09-18T10:15:52.101457Z
2026-09-16T22:26:18Z,ruspino,2278,2026-09-16T08:26:18Z,2026-09-17T10:26:18Z,156,57.00,2026-09-18T10:15:52.978954Z
2026-09-16T22:06:46Z,ruspino,2278,2026-09-16T08:06:46Z,2026-09-17T10:06:46Z,156,57.00,2026-09-18T10:15:53.860016Z
2026-09-18T14:21:27Z,cepina,8010,2026-09-18T00:21:27Z,2026-09-19T02:21:27Z,156,7.80,2026-09-19T09:57:54.064375Z
2026-09-18T13:02:14Z,cepina,8010,2026-09-17T23:02:14Z,2026-09-19T01:02:14Z,156,7.80,2026-09-19T09:57:54.917051Z
2026-09-17T00:51:49Z,ruspino,2278,2026-09-16T10:51:49Z,2026-09-17T12:51:49Z,156,57.00,2026-09-19T09:57:55.853995Z
2026-08-23T07:47:30Z,ruspino,2278,2026-08-22T18:47:30Z,2026-08-23T20:47:30Z,156,0.60,2026-10-05T13:30:56.187645Z
2026-08-12T16:57:30Z,ruspino,2278,2026-08-12T03:57:30Z,2026-08-13T05:57:30Z,156,0.00,2026-10-05T13:30:57.534987Z
2026-07-18T14:35:00Z,cepina,8010,2026-07-18T01:35:00Z,2026-07-19T03:35:00Z,156,3.80,2026-10-05T13:30:59.743519Z
2026-07-15T14:35:00Z,ruspino,2278,2026-07-15T01:35:00Z,2026-07-16T03:35:00Z,156,1.40,2026-10-05T13:31:02.523919Z
2026-07-14T18:35:00Z,cepina,8010,2026-07-14T05:35:00Z,2026-07-15T07:35:00Z,156,2.00,2026-10-05T13:31:04.290401Z
2026-06-30T10:42:30Z,cepina,8010,2026-06-29T21:42:30Z,2026-06-30T23:42:30Z,156,0.40,2026-10-05T13:31:06.902590Z
2026-06-30T09:27:30Z,ruspino,2278,2026-06-29T20:27:30Z,2026-06-30T22:27:30Z,156,0.60,2026-10-05T13:31:08.503000Z
2026-06-23T01:30:00Z,ruspino,2278,2026-06-22T12:30:00Z,2026-06-23T14:30:00Z,157,1.60,2026-10-05T13:31:10.888182Z
2026-06-09T15:00:00Z,cepina,8010,2026-06-09T02:00:00Z,2026-06-10T04:00:00Z,157,26.80,2026-10-05T13:31:15.788841Z
2026-06-06T06:00:00Z,ruspino,2278,2026-06-05T17:00:00Z,2026-06-06T19:00:00Z,157,15.40,2026-10-05T13:31:19.504901Z
2026-05-20T10:30:00Z,cepina,8010,2026-05-19T21:30:00Z,2026-05-20T23:30:00Z,157,0.20,2026-10-05T13:31:23.814318Z
2026-05-16T13:30:00Z,ruspino,2278,2026-05-16T00:30:00Z,2026-05-17T02:30:00Z,157,0.00,2026-10-05T13:31:26.512243Z
2026-05-15T15:00:00Z,cepina,8010,2026-05-15T02:00:00Z,2026-05-16T04:00:00Z,157,6.00,2026-10-05T13:31:28.391936Z
2026-05-15T12:00:00Z,ruspino,2278,2026-05-14T23:00:00Z,2026-05-16T01:00:00Z,157,6.00,2026-10-05T13:31:29.644951Z
2026-05-15T07:30:00Z,cepina,8010,2026-05-14T18:30:00Z,2026-05-15T20:30:00Z,157,6.00,2026-10-05T13:31:31.138622Z
2026-09-18T07:25:00Z,ruspino,2278,2026-09-17T18:25:00Z,2026-09-18T20:25:00Z,156,10.40,2026-10-05T14:47:38.268466Z
2026-06-28T13:07:30Z,cepina,8010,2026-06-28T00:07:30Z,2026-06-29T02:07:30Z,156,4.00,2026-10-05T14:47:43.603462Z
2026-05-31T12:02:30Z,cepina,8010,2026-05-30T23:02:30Z,2026-06-01T01:02:30Z,156,4.20,2026-10-05T14:47:46.794519Z
2026-10-05T08:57:30Z,cepina,8010,2026-10-04T19:57:30Z,2026-10-05T21:57:30Z,156,5.00,2026-10-05T23:50:12.250352Z
2026-10-05T06:46:03Z,cepina,8010,2026-10-04T17:46:03Z,2026-10-05T19:46:03Z,156,5.00,2026-10-05T23:50:14.292348Z
2026-08-07T09:00:00Z,cepina,8010,2026-08-06T20:00:00Z,2026-08-07T22:00:00Z,157,7.00,2026-10-05T23:50:15.271766Z
2026-08-02T10:55:00Z,cepina,8010,2026-08-01T21:55:00Z,2026-08-02T23:55:00Z,156,1.60,2026-10-05T23:50:16.213145Z
2026-07-11T17:42:30Z,cepina,8010,2026-07-11T04:42:30Z,2026-07-12T06:42:30Z,156,0.00,2026-10-05T23:50:17.144471Z
2026-06-05T01:32:30Z,ruspino,2278,2026-06-04T12:32:30Z,2026-06-05T14:32:30Z,156,27.20,2026-10-05T23:50:18.358824Z
2026-10-05T07:45:57Z,cepina,8010,2026-10-04T18:45:57Z,2026-10-05T20:45:57Z,156,5.00,2026-10-06T12:56:07.014843Z
2026-10-07T00:35:00Z,ruspino,2278,2026-10-06T11:35:00Z,2026-10-07T13:35:00Z,156,0.80,2026-10-07T22:51:14.683137Z
2026-10-06T15:58:35Z,cepina,8010,2026-10-06T02:58:35Z,2026-10-07T04:58:35Z,156,11.40,2026-10-07T22:51:15.749607Z
2026-10-06T15:12:30Z,cepina,8010,2026-10-06T02:12:30Z,2026-10-07T04:12:30Z,156,11.40,2026-10-07T22:51:16.838187Z
2026-10-06T14:51:00Z,cepina,8010,2026-10-06T01:51:00Z,2026-10-07T03:51:00Z,156,11.40,2026-10-07T22:51:17.973044Z
2026-10-06T14:35:00Z,ruspino,2278,2026-10-06T01:35:00Z,2026-10-07T03:35:00Z,156,0.80,2026-10-07T22:51:19.048982Z
2026-10-06T13:50:56Z,ruspino,2278,2026-10-06T00:50:56Z,2026-10-07T02:50:56Z,156,0.80,2026-10-07T22:51:20.075361Z
2026-10-06T13:31:07Z,ruspino,2278,2026-10-06T00:31:07Z,2026-10-07T02:31:07Z,156,0.80,2026-10-07T22:51:21.039137Z
2026-10-07T23:38:50Z,ruspino,2278,2026-10-07T10:38:50Z,2026-10-08T12:38:50Z,156,41.60,2026-10-08T23:02:19.625051Z
2026-10-07T21:40:57Z,ruspino,2278,2026-10-07T08:40:57Z,2026-10-08T10:40:57Z,156,39.80,2026-10-08T12:59:11.921644Z
2026-10-07T11:10:43Z,ruspino,2278,2026-10-06T22:10:43Z,2026-10-08T00:10:43Z,156,12.40,2026-10-08T12:59:12.906104Z
2026-10-08T09:26:26Z,ruspino,2278,2026-10-07T20:26:26Z,2026-10-08T22:26:26Z,156,38.00,2026-10-09T12:45:09.756283Z
2026-10-08T09:16:26Z,ruspino,2278,2026-10-07T20:16:26Z,2026-10-08T22:16:26Z,156,38.00,2026-10-09T12:45:09.756283Z
2026-10-08T09:16:26Z,cepina,8010,2026-10-07T20:16:26Z,2026-10-08T22:16:26Z,156,38.20,2026-10-09T12:45:09.756283Z
2026-10-08T08:26:23Z,ruspino,2278,2026-10-07T19:26:23Z,2026-10-08T21:26:23Z,156,38.80,2026-10-09T22:23:04.960051Z
2026-10-08T08:06:28Z,cepina,8010,2026-10-07T19:06:28Z,2026-10-08T21:06:28Z,156,38.40,2026-10-09T12:45:09.756283Z
2026-10-08T07:56:20Z,cepina,8010,2026-10-07T18:56:20Z,2026-10-08T20:56:20Z,156,38.40,2026-10-09T12:45:09.756283Z
2026-10-08T07:46:16Z,cepina,8010,2026-10-07T18:46:16Z,2026-10-08T20:46:16Z,156,38.40,2026-10-09T12:45:09.756283Z
2026-10-08T07:35:55Z,ruspino,2278,2026-10-07T18:35:55Z,2026-10-08T20:35:55Z,156,39.60,2026-10-09T22:23:04.960051Z
2026-10-08T07:31:04Z,ruspino,2278,2026-10-07T18:31:04Z,2026-10-08T20:31:04Z,156,39.60,2026-10-09T22:23:04.960051Z
2026-10-08T06:36:05Z,ruspino,2278,2026-10-07T17:36:05Z,2026-10-08T19:36:05Z,156,41.60,2026-10-09T12:45:09.756283Z
2026-10-08T06:15:53Z,ruspino,2278,2026-10-07T17:15:53Z,2026-10-08T19:15:53Z,156,41.60,2026-10-09T12:45:09.756283Z
2026-10-08T05:55:51Z,ruspino,2278,2026-10-07T16:55:51Z,2026-10-08T18:55:51Z,156,41.60,2026-10-09T12:45:09.756283Z
2026-10-08T05:15:00Z,cepina,8010,2026-10-07T16:15:00Z,2026-10-08T18:15:00Z,156,36.20,2026-10-09T12:45:09.756283Z
2026-10-08T22:40:00Z,ruspino,2278,2026-10-08T09:40:00Z,2026-10-09T11:40:00Z,154,6.80,2026-10-09T12:56:38.023993Z
2026-10-08T18:41:24Z,cepina,8010,2026-10-08T05:41:24Z,2026-10-09T07:41:24Z,156,22.20,2026-10-09T12:56:39.397769Z
2026-10-08T18:21:22Z,cepina,8010,2026-10-08T05:21:22Z,2026-10-09T07:21:22Z,156,23.00,2026-10-09T12:56:51.176572Z
2026-10-08T18:11:20Z,cepina,8010,2026-10-08T05:11:20Z,2026-10-09T07:11:20Z,156,23.00,2026-10-09T12:56:52.307567Z
2026-10-08T15:21:24Z,ruspino,2278,2026-10-08T02:21:24Z,2026-10-09T04:21:24Z,156,30.80,2026-10-09T12:57:04.389487Z
2026-10-08T10:31:20Z,cepina,8010,2026-10-07T21:31:20Z,2026-10-08T23:31:20Z,156,38.00,2026-10-09T12:57:36.722028Z
2026-10-09T01:56:31Z,ruspino,2278,2026-10-08T12:56:31Z,2026-10-09T14:56:31Z,156,3.60,2026-10-09T22:23:20.903270Z
2026-10-09T00:51:28Z,ruspino,2278,2026-10-08T11:51:28Z,2026-10-09T13:51:28Z,156,3.80,2026-10-09T22:23:23.811949Z
2026-10-08T23:51:25Z,ruspino,2278,2026-10-08T10:51:25Z,2026-10-09T12:51:25Z,156,5.40,2026-10-09T22:23:25.732636Z
2026-10-08T23:41:20Z,ruspino,2278,2026-10-08T10:41:20Z,2026-10-09T12:41:20Z,156,5.40,2026-10-09T22:23:27.111830Z
2026-10-08T10:11:20Z,ruspino,2278,2026-10-07T21:11:20Z,2026-10-08T23:11:20Z,156,36.80,2026-10-09T22:23:28.269119Z
