sensor_id,ts_utc,mm
2278,2026-07-21T07:50:00Z,0.40
2278,2026-07-21T08:00:00Z,0.80
2278,2026-07-21T08:10:00Z,0.20
2278,2026-07-21T08:30:00Z,0.20
8010,2026-07-20T18:30:00Z,0.20
8010,2026-07-20T18:40:00Z,0.40
8010,2026-07-20T18:50:00Z,1.20
8010,2026-07-20T19:00:00Z,0.20
8010,2026-07-20T22:00:00Z,0.20
2278,2026-07-20T02:30:00Z,1.00
2278,2026-07-20T02:40:00Z,8.40
2278,2026-07-20T02:50:00Z,14.40
2278,2026-07-20T03:00:00Z,2.80
2278,2026-07-20T03:10:00Z,1.80
2278,2026-07-20T03:20:00Z,3.40
2278,2026-07-20T03:30:00Z,1.20
2278,2026-07-20T03:40:00Z,0.20
2278,2026-07-20T03:50:00Z,0.20
2278,2026-07-20T04:00:00Z,0.80
2278,2026-07-20T04:30:00Z,0.20
2278,2026-07-18T19:30:00Z,1.60
2278,2026-07-18T19:40:00Z,0.20
2278,2026-07-18T19:50:00Z,0.20
2278,2026-07-18T20:10:00Z,0.40
2278,2026-07-18T20:20:00Z,5.00
2278,2026-07-18T20:30:00Z,0.40
2278,2026-07-18T20:40:00Z,0.20
2278,2026-07-18T20:50:00Z,8.40
2278,2026-07-18T21:00:00Z,1.20
2278,2026-07-18T21:10:00Z,0.40
2278,2026-07-18T21:20:00Z,1.40
2278,2026-07-18T21:30:00Z,0.60
2278,2026-07-18T21:50:00Z,0.20
2278,2026-07-19T02:40:00Z,0.20
8010,2026-07-16T23:00:00Z,1.40
8010,2026-07-16T23:10:00Z,0.20
8010,2026-07-17T01:10:00Z,0.20
8010,2026-07-17T02:20:00Z,0.80
8010,2026-07-17T02:30:00Z,0.20
8010,2026-07-17T02:50:00Z,0.60
8010,2026-07-17T03:00:00Z,1.00
8010,2026-07-17T03:40:00Z,0.20
8010,2026-07-17T03:50:00Z,0.40
8010,2026-07-17T04:30:00Z,0.40
8010,2026-07-17T04:40:00Z,0.20
8010,2026-07-17T04:50:00Z,0.20
8010,2026-07-17T07:00:00Z,0.20
2278,2026-07-17T01:50:00Z,2.20
2278,2026-07-17T02:00:00Z,14.20
2278,2026-07-17T02:10:00Z,5.40
2278,2026-07-17T02:40:00Z,0.20
2278,2026-07-17T03:00:00Z,1.40
2278,2026-07-17T03:10:00Z,3.20
2278,2026-07-17T03:20:00Z,6.60
2278,2026-07-17T03:30:00Z,0.60
2278,2026-07-17T03:40:00Z,0.60
2278,2026-07-17T03:50:00Z,0.20
2278,2026-07-17T04:00:00Z,0.80
2278,2026-07-17T04:10:00Z,0.20
2278,2026-07-17T04:20:00Z,0.20
2278,2026-07-17T04:30:00Z,0.40
2278,2026-07-17T04:40:00Z,0.20
2278,2026-07-17T06:40:00Z,0.20
8010,2026-07-15T01:40:00Z,0.20
8010,2026-07-15T04:40:00Z,0.40
8010,2026-07-15T04:50:00Z,0.40
8010,2026-07-15T05:00:00Z,0.40
8010,2026-07-15T05:20:00Z,0.20
8010,2026-07-15T10:30:00Z,0.20
8010,2026-07-15T12:50:00Z,0.60
8010,2026-07-15T13:00:00Z,2.40
8010,2026-07-15T13:10:00Z,3.40
8010,2026-07-15T13:20:00Z,1.80
8010,2026-07-15T13:30:00Z,0.20
8010,2026-07-15T13:40:00Z,0.20
8010,2026-07-16T00:50:00Z,0.20
8010,2026-07-16T01:00:00Z,1.20
8010,2026-07-16T01:10:00Z,0.20
8010,2026-07-14T22:10:00Z,0.20
2278,2026-07-14T19:40:00Z,0.80
2278,2026-07-14T19:50:00Z,0.20
2278,2026-07-14T22:00:00Z,0.20
2278,2026-07-14T22:10:00Z,0.40
2278,2026-07-14T22:20:00Z,2.40
2278,2026-07-14T22:30:00Z,6.80
2278,2026-07-14T22:40:00Z,7.40
2278,2026-07-14T22:50:00Z,1.80
2278,2026-07-14T23:00:00Z,0.20
2278,2026-07-14T23:10:00Z,0.20
2278,2026-07-15T03:00:00Z,0.20
2278,2026-07-11T14:40:00Z,0.20
2278,2026-07-11T15:00:00Z,0.40
2278,2026-07-11T15:10:00Z,0.40
2278,2026-07-11T15:20:00Z,0.20
2278,2026-07-11T15:30:00Z,0.20
2278,2026-07-11T16:00:00Z,0.20
2278,2026-07-11T18:30:00Z,1.60
2278,2026-07-11T18:40:00Z,2.40
2278,2026-07-11T18:50:00Z,6.20
2278,2026-07-11T19:00:00Z,11.40
2278,2026-07-11T19:10:00Z,1.40
2278,2026-07-11T19:20:00Z,0.80
2278,2026-07-11T19:30:00Z,0.20
2278,2026-07-11T19:50:00Z,0.20
2278,2026-07-11T20:00:00Z,0.20
2278,2026-07-11T21:20:00Z,0.20
2278,2026-07-12T04:00:00Z,0.20
2278,2026-07-11T02:10:00Z,0.20
8010,2026-07-10T16:30:00Z,0.40
8010,2026-07-10T16:40:00Z,1.80
8010,2026-07-10T16:50:00Z,4.00
8010,2026-07-10T17:00:00Z,0.20
8010,2026-07-10T17:10:00Z,0.20
8010,2026-07-10T17:20:00Z,0.20
8010,2026-07-10T17:30:00Z,0.20
8010,2026-07-10T22:20:00Z,0.60
8010,2026-07-10T22:30:00Z,2.00
8010,2026-07-10T22:40:00Z,0.40
8010,2026-07-10T22:50:00Z,3.60
8010,2026-07-10T23:00:00Z,1.80
8010,2026-07-10T23:10:00Z,0.40
8010,2026-07-10T23:20:00Z,0.20
8010,2026-07-11T01:50:00Z,0.20
2278,2026-07-10T20:20:00Z,0.40
2278,2026-07-10T20:30:00Z,0.60
2278,2026-07-10T20:40:00Z,0.20
2278,2026-07-10T20:50:00Z,0.20
2278,2026-07-10T21:00:00Z,0.20
2278,2026-07-10T21:20:00Z,0.20
2278,2026-07-10T21:30:00Z,0.40
2278,2026-07-10T21:40:00Z,0.80
2278,2026-07-10T21:50:00Z,0.60
2278,2026-07-10T22:00:00Z,0.40
2278,2026-07-10T22:10:00Z,0.40
2278,2026-07-10T22:30:00Z,0.20
8010,2026-07-01T10:10:00Z,4.00
8010,2026-07-01T10:20:00Z,3.20
8010,2026-07-01T10:30:00Z,3.20
8010,2026-07-01T10:40:00Z,0.80
8010,2026-07-01T10:50:00Z,0.60
8010,2026-07-01T11:00:00Z,0.20
8010,2026-07-01T11:10:00Z,0.20
8010,2026-07-01T11:20:00Z,1.00
8010,2026-07-01T11:30:00Z,1.40
8010,2026-07-01T11:40:00Z,1.00
8010,2026-07-01T11:50:00Z,1.40
8010,2026-07-01T12:00:00Z,1.40
8010,2026-07-01T12:10:00Z,0.80
8010,2026-07-01T12:20:00Z,1.20
8010,2026-07-01T12:30:00Z,1.00
8010,2026-07-01T12:40:00Z,1.40
8010,2026-07-01T12:50:00Z,1.20
8010,2026-07-01T13:00:00Z,0.40
8010,2026-07-01T13:10:00Z,0.60
8010,2026-07-01T13:20:00Z,0.40
8010,2026-07-01T13:30:00Z,0.40
8010,2026-07-01T13:40:00Z,0.40
8010,2026-07-01T13:50:00Z,0.40
8010,2026-07-01T14:00:00Z,0.40
8010,2026-07-01T14:10:00Z,0.40
8010,2026-07-01T14:20:00Z,0.60
8010,2026-07-01T14:30:00Z,0.40
8010,2026-07-01T14:40:00Z,0.40
8010,2026-07-01T14:50:00Z,1.00
8010,2026-07-01T15:00:00Z,0.40
8010,2026-07-01T15:40:00Z,0.20
2278,2026-07-01T11:50:00Z,2.60
2278,2026-07-01T12:00:00Z,18.60
2278,2026-07-01T12:10:00Z,8.00
2278,2026-07-01T12:20:00Z,1.20
2278,2026-07-01T15:00:00Z,0.20
2278,2026-07-01T15:30:00Z,0.20
2278,2026-07-01T15:40:00Z,0.20
2278,2026-07-01T15:50:00Z,0.20
2278,2026-07-01T16:20:00Z,0.20
2278,2026-06-29T01:00:00Z,0.40
2278,2026-06-29T01:20:00Z,0.20
2278,2026-06-29T14:50:00Z,4.20
2278,2026-06-29T15:00:00Z,5.20
2278,2026-06-29T15:10:00Z,15.20
2278,2026-06-29T15:20:00Z,4.80
2278,2026-06-29T15:30:00Z,1.00
2278,2026-06-29T15:40:00Z,0.40
2278,2026-06-29T15:50:00Z,0.20
2278,2026-06-29T16:00:00Z,0.20
2278,2026-06-29T16:20:00Z,0.20
2278,2026-06-29T16:30:00Z,0.60
2278,2026-06-29T16:40:00Z,0.20
2278,2026-06-29T16:50:00Z,0.20
2278,2026-06-29T17:00:00Z,0.20
2278,2026-06-29T17:30:00Z,0.20
2278,2026-06-29T00:40:00Z,2.40
2278,2026-06-29T00:50:00Z,0.60
8010,2026-06-29T11:10:00Z,1.00
8010,2026-06-29T11:20:00Z,1.40
8010,2026-06-29T11:30:00Z,0.20
8010,2026-06-29T12:00:00Z,0.20
8010,2026-06-29T12:20:00Z,0.20
8010,2026-06-29T12:30:00Z,0.20
8010,2026-06-29T12:50:00Z,0.20
8010,2026-06-29T17:50:00Z,0.20
8010,2026-06-29T18:10:00Z,0.20
8010,2026-06-29T19:10:00Z,0.20
2278,2026-06-25T22:00:00Z,0.20
2278,2026-06-25T22:10:00Z,0.60
2278,2026-06-25T22:20:00Z,0.20
2278,2026-06-25T22:30:00Z,0.40
2278,2026-06-25T22:40:00Z,0.20
2278,2026-06-25T22:50:00Z,0.60
2278,2026-06-25T23:00:00Z,2.60
2278,2026-06-25T23:10:00Z,7.00
2278,2026-06-25T23:20:00Z,2.40
2278,2026-06-25T23:30:00Z,0.80
2278,2026-06-25T23:40:00Z,1.60
2278,2026-06-25T23:50:00Z,1.20
2278,2026-06-26T00:00:00Z,0.60
2278,2026-06-26T00:20:00Z,0.20
2278,2026-06-26T00:50:00Z,0.20
8010,2026-06-22T16:00:00Z,0.80
8010,2026-06-22T16:10:00Z,0.40
8010,2026-06-22T16:20:00Z,0.40
8010,2026-06-22T17:20:00Z,0.20
8010,2026-06-22T18:50:00Z,0.20
8010,2026-06-20T17:10:00Z,0.40
8010,2026-06-20T17:40:00Z,0.20
8010,2026-06-20T17:50:00Z,0.20
8010,2026-06-20T18:20:00Z,0.20
8010,2026-06-20T18:30:00Z,0.20
8010,2026-06-20T18:40:00Z,0.20
8010,2026-06-20T18:50:00Z,0.40
8010,2026-06-20T19:00:00Z,0.40
8010,2026-06-20T19:10:00Z,0.20
8010,2026-06-20T19:20:00Z,0.60
8010,2026-06-20T20:00:00Z,0.20
8010,2026-06-18T23:50:00Z,0.20
8010,2026-06-19T14:00:00Z,0.40
8010,2026-06-19T14:20:00Z,0.20
8010,2026-06-19T17:40:00Z,0.20
8010,2026-06-10T04:00:00Z,0.60
8010,2026-06-10T04:10:00Z,0.80
8010,2026-06-10T04:20:00Z,1.20
8010,2026-06-10T04:30:00Z,0.80
8010,2026-06-10T04:40:00Z,0.40
8010,2026-06-10T04:50:00Z,0.20
8010,2026-06-10T05:50:00Z,0.20
8010,2026-06-10T06:10:00Z,1.20
8010,2026-06-10T06:20:00Z,1.20
8010,2026-06-10T06:30:00Z,1.60
8010,2026-06-10T06:40:00Z,1.20
8010,2026-06-10T06:50:00Z,1.20
8010,2026-06-10T07:00:00Z,0.60
8010,2026-06-10T07:10:00Z,0.40
8010,2026-06-10T07:20:00Z,1.20
8010,2026-06-10T07:30:00Z,1.00
8010,2026-06-10T07:40:00Z,0.60
8010,2026-06-10T07:50:00Z,0.60
8010,2026-06-10T08:00:00Z,1.00
8010,2026-06-10T08:10:00Z,0.40
8010,2026-06-10T08:20:00Z,0.20
8010,2026-06-10T09:30:00Z,0.20
8010,2026-06-10T10:10:00Z,0.20
8010,2026-06-10T10:20:00Z,0.40
8010,2026-06-10T10:30:00Z,0.60
8010,2026-06-10T10:40:00Z,0.40
8010,2026-06-10T10:50:00Z,0.20
8010,2026-06-10T11:00:00Z,0.20
8010,2026-06-10T11:50:00Z,0.20
8010,2026-06-10T14:50:00Z,0.80
8010,2026-06-10T15:00:00Z,0.40
8010,2026-06-10T16:40:00Z,0.40
8010,2026-06-10T16:50:00Z,0.20
8010,2026-06-10T17:00:00Z,0.20
8010,2026-06-10T17:20:00Z,0.20
8010,2026-06-10T17:30:00Z,0.20
8010,2026-06-10T17:40:00Z,0.20
8010,2026-06-10T17:50:00Z,0.20
8010,2026-06-10T18:10:00Z,0.20
8010,2026-06-10T19:10:00Z,0.20
8010,2026-06-11T05:30:00Z,0.20
8010,2026-06-11T05:50:00Z,0.20
8010,2026-06-10T01:20:00Z,0.40
8010,2026-06-10T01:30:00Z,1.00
8010,2026-06-10T01:40:00Z,1.00
8010,2026-06-10T01:50:00Z,1.40
8010,2026-06-10T02:00:00Z,1.20
8010,2026-06-10T02:10:00Z,1.00
8010,2026-06-10T02:20:00Z,0.40
8010,2026-06-10T02:30:00Z,0.20
8010,2026-06-10T02:40:00Z,0.20
8010,2026-06-10T03:10:00Z,0.20
8010,2026-06-10T03:20:00Z,0.20
8010,2026-06-10T03:30:00Z,0.60
8010,2026-06-10T03:40:00Z,0.80
8010,2026-06-10T03:50:00Z,0.40
2278,2026-06-10T03:10:00Z,0.20
2278,2026-06-10T03:20:00Z,0.20
2278,2026-06-10T06:30:00Z,0.20
2278,2026-06-10T06:50:00Z,0.20
2278,2026-06-10T07:00:00Z,3.40
2278,2026-06-10T07:10:00Z,5.80
2278,2026-06-10T07:20:00Z,6.60
2278,2026-06-10T07:30:00Z,2.40
2278,2026-06-10T07:40:00Z,0.40
2278,2026-06-10T08:50:00Z,0.40
2278,2026-06-10T14:40:00Z,0.40
2278,2026-06-10T14:50:00Z,0.40
2278,2026-06-10T15:00:00Z,0.60
2278,2026-06-10T15:10:00Z,0.20
2278,2026-06-10T15:20:00Z,0.20
8010,2026-06-09T17:10:00Z,0.20
8010,2026-06-09T17:20:00Z,0.20
8010,2026-06-09T17:30:00Z,0.40
8010,2026-06-09T17:40:00Z,1.40
8010,2026-06-09T18:00:00Z,0.20
8010,2026-06-09T18:50:00Z,0.20
8010,2026-06-09T20:30:00Z,1.40
8010,2026-06-09T20:40:00Z,1.60
8010,2026-06-09T20:50:00Z,1.20
8010,2026-06-09T21:00:00Z,0.40
8010,2026-06-09T21:50:00Z,0.20
2278,2026-06-09T21:00:00Z,4.20
2278,2026-06-09T21:10:00Z,5.40
8010,2026-06-08T22:10:00Z,0.20
8010,2026-06-08T22:30:00Z,0.60
8010,2026-06-08T22:40:00Z,1.00
8010,2026-06-08T22:50:00Z,0.80
8010,2026-06-08T23:00:00Z,1.20
8010,2026-06-08T23:10:00Z,0.60
8010,2026-06-08T23:20:00Z,0.20
8010,2026-06-08T23:30:00Z,0.20
2278,2026-06-08T19:30:00Z,0.40
2278,2026-06-08T19:50:00Z,0.20
2278,2026-06-08T20:10:00Z,0.20
2278,2026-06-05T22:50:00Z,0.80
2278,2026-06-05T23:00:00Z,0.20
2278,2026-06-05T23:10:00Z,0.40
2278,2026-06-05T23:20:00Z,0.20
2278,2026-06-05T23:30:00Z,0.60
2278,2026-06-05T23:50:00Z,0.20
2278,2026-06-06T01:40:00Z,0.20
2278,2026-06-06T02:00:00Z,0.20
2278,2026-06-06T02:20:00Z,0.20
2278,2026-06-06T02:30:00Z,0.20
2278,2026-06-06T02:40:00Z,0.40
2278,2026-06-06T02:50:00Z,0.60
2278,2026-06-06T03:00:00Z,0.40
2278,2026-06-06T03:10:00Z,0.20
2278,2026-06-06T03:20:00Z,0.20
2278,2026-06-06T04:00:00Z,0.20
2278,2026-06-06T04:30:00Z,0.20
2278,2026-06-06T05:00:00Z,1.40
2278,2026-06-06T05:10:00Z,0.40
2278,2026-06-06T05:20:00Z,0.20
2278,2026-06-06T06:00:00Z,0.20
2278,2026-06-06T06:10:00Z,0.20
2278,2026-06-06T06:20:00Z,0.60
2278,2026-06-06T06:30:00Z,1.00
2278,2026-06-06T06:40:00Z,0.40
2278,2026-06-06T06:50:00Z,0.40
2278,2026-06-06T07:00:00Z,1.00
2278,2026-06-06T07:10:00Z,0.60
2278,2026-06-06T07:20:00Z,0.60
2278,2026-06-06T07:30:00Z,1.40
2278,2026-06-06T07:40:00Z,0.40
2278,2026-06-06T08:10:00Z,0.20
8010,2026-06-04T20:40:00Z,0.20
8010,2026-06-04T20:50:00Z,0.40
8010,2026-06-04T21:00:00Z,0.80
8010,2026-06-04T21:10:00Z,0.80
8010,2026-06-04T21:20:00Z,1.00
8010,2026-06-04T21:30:00Z,0.20
8010,2026-06-04T21:40:00Z,0.20
8010,2026-06-04T21:50:00Z,0.20
8010,2026-06-04T22:10:00Z,0.20
8010,2026-06-04T22:30:00Z,0.20
8010,2026-06-04T22:40:00Z,0.40
8010,2026-06-04T22:50:00Z,0.20
8010,2026-06-04T23:00:00Z,0.20
8010,2026-06-04T23:10:00Z,0.40
8010,2026-06-04T23:20:00Z,0.40
8010,2026-06-04T23:30:00Z,0.40
8010,2026-06-04T23:40:00Z,0.80
8010,2026-06-04T23:50:00Z,0.60
8010,2026-06-05T00:00:00Z,0.60
8010,2026-06-05T00:10:00Z,0.60
8010,2026-06-05T00:20:00Z,1.00
8010,2026-06-05T00:30:00Z,0.60
8010,2026-06-05T00:40:00Z,0.80
8010,2026-06-05T00:50:00Z,0.80
8010,2026-06-05T01:00:00Z,0.60
8010,2026-06-05T01:10:00Z,0.40
8010,2026-06-05T01:20:00Z,0.40
8010,2026-06-05T01:30:00Z,0.40
8010,2026-06-05T01:40:00Z,0.40
8010,2026-06-05T01:50:00Z,0.40
8010,2026-06-05T02:00:00Z,0.40
8010,2026-06-05T02:10:00Z,0.20
8010,2026-06-05T02:30:00Z,0.20
8010,2026-06-05T03:00:00Z,0.20
8010,2026-06-05T05:10:00Z,0.20
8010,2026-06-05T06:20:00Z,0.20
8010,2026-06-05T07:00:00Z,0.60
8010,2026-06-05T07:10:00Z,0.80
8010,2026-06-05T07:20:00Z,0.80
8010,2026-06-05T07:30:00Z,0.80
8010,2026-06-05T07:40:00Z,0.40
8010,2026-06-05T07:50:00Z,0.80
8010,2026-06-05T08:00:00Z,0.40
8010,2026-06-05T08:10:00Z,0.20
8010,2026-06-05T08:30:00Z,0.20
2278,2026-06-02T06:40:00Z,0.20
2278,2026-06-02T06:50:00Z,0.80
2278,2026-06-02T07:00:00Z,1.00
2278,2026-06-02T07:10:00Z,3.80
2278,2026-06-02T07:20:00Z,3.00
2278,2026-06-02T07:30:00Z,1.40
2278,2026-06-02T07:40:00Z,0.60
2278,2026-06-02T07:50:00Z,0.20
2278,2026-06-02T08:00:00Z,0.80
2278,2026-06-02T08:10:00Z,0.20
2278,2026-06-02T08:20:00Z,0.20
2278,2026-06-02T08:30:00Z,0.20
2278,2026-06-02T08:40:00Z,0.20
2278,2026-06-02T09:00:00Z,0.20
2278,2026-06-02T09:10:00Z,0.20
2278,2026-06-02T09:20:00Z,0.80
2278,2026-06-02T09:30:00Z,0.20
2278,2026-06-02T09:40:00Z,0.40
2278,2026-06-02T09:50:00Z,0.40
2278,2026-06-02T10:00:00Z,1.80
2278,2026-06-02T10:10:00Z,2.00
2278,2026-06-02T10:20:00Z,1.00
2278,2026-06-02T10:30:00Z,0.40
2278,2026-06-02T10:40:00Z,0.60
2278,2026-06-02T10:50:00Z,0.60
2278,2026-06-02T11:00:00Z,1.80
2278,2026-06-02T11:10:00Z,2.60
2278,2026-06-02T11:20:00Z,1.60
2278,2026-06-02T11:30:00Z,1.00
2278,2026-06-02T11:40:00Z,0.20
2278,2026-06-02T15:50:00Z,1.40
2278,2026-06-02T16:00:00Z,1.40
2278,2026-06-02T16:10:00Z,0.40
2278,2026-06-02T16:20:00Z,0.60
2278,2026-06-02T16:30:00Z,1.20
2278,2026-06-02T16:40:00Z,0.60
2278,2026-06-02T16:50:00Z,2.00
2278,2026-06-02T17:00:00Z,4.40
2278,2026-06-02T17:10:00Z,2.20
2278,2026-06-02T17:20:00Z,1.20
2278,2026-06-02T17:30:00Z,1.20
2278,2026-06-02T17:40:00Z,1.40
2278,2026-06-02T17:50:00Z,3.00
2278,2026-06-02T18:00:00Z,4.40
2278,2026-06-02T18:10:00Z,2.40
2278,2026-06-02T18:20:00Z,1.40
2278,2026-06-02T18:30:00Z,1.40
2278,2026-06-02T18:40:00Z,0.80
2278,2026-06-02T18:50:00Z,0.40
2278,2026-06-02T19:00:00Z,0.20
2278,2026-06-02T19:40:00Z,0.20
2278,2026-06-02T21:40:00Z,0.20
2278,2026-06-02T21:50:00Z,0.40
2278,2026-06-02T22:00:00Z,0.20
2278,2026-06-02T22:10:00Z,0.20
2278,2026-06-02T22:20:00Z,0.20
2278,2026-06-02T22:30:00Z,0.40
2278,2026-06-02T22:40:00Z,0.20
2278,2026-06-02T22:50:00Z,0.20
2278,2026-06-02T23:00:00Z,0.20
2278,2026-06-02T23:10:00Z,0.20
2278,2026-06-02T23:20:00Z,0.20
2278,2026-06-02T23:40:00Z,0.20
2278,2026-06-02T23:50:00Z,0.20
2278,2026-06-03T00:50:00Z,0.20
8010,2026-06-02T04:30:00Z,0.20
8010,2026-06-02T04:50:00Z,0.20
8010,2026-06-02T06:10:00Z,0.20
8010,2026-06-02T06:20:00Z,0.80
8010,2026-06-02T06:30:00Z,1.00
8010,2026-06-02T06:40:00Z,1.00
8010,2026-06-02T06:50:00Z,1.20
8010,2026-06-02T07:00:00Z,1.00
8010,2026-06-02T07:10:00Z,0.20
8010,2026-06-02T07:30:00Z,0.20
8010,2026-06-02T09:30:00Z,1.00
8010,2026-06-02T09:40:00Z,0.40
8010,2026-06-02T09:50:00Z,0.20
8010,2026-06-02T10:10:00Z,0.20
8010,2026-06-02T10:30:00Z,0.20
8010,2026-06-02T10:50:00Z,0.20
8010,2026-06-02T11:00:00Z,0.80
8010,2026-06-02T11:10:00Z,0.40
8010,2026-06-02T11:20:00Z,1.20
8010,2026-06-02T11:30:00Z,1.40
8010,2026-06-02T11:40:00Z,1.20
8010,2026-06-02T11:50:00Z,1.40
8010,2026-06-02T12:00:00Z,1.40
8010,2026-06-02T12:10:00Z,1.60
8010,2026-06-02T12:20:00Z,1.00
8010,2026-06-02T12:30:00Z,1.40
8010,2026-06-02T12:40:00Z,1.60
8010,2026-06-02T12:50:00Z,1.80
8010,2026-06-02T13:00:00Z,2.00
8010,2026-06-02T13:10:00Z,2.40
8010,2026-06-02T13:20:00Z,1.20
8010,2026-06-02T13:30:00Z,0.80
8010,2026-06-02T13:40:00Z,0.40
8010,2026-06-02T14:00:00Z,0.20
8010,2026-06-02T17:40:00Z,0.20
8010,2026-06-02T17:50:00Z,0.20
8010,2026-06-02T18:00:00Z,0.40
8010,2026-06-02T18:10:00Z,0.20
8010,2026-06-02T18:20:00Z,0.40
8010,2026-06-02T18:30:00Z,0.60
8010,2026-06-02T18:40:00Z,0.60
8010,2026-06-02T18:50:00Z,1.00
8010,2026-06-02T19:00:00Z,1.00
8010,2026-06-02T19:10:00Z,1.20
8010,2026-06-02T19:20:00Z,1.20
8010,2026-06-02T19:30:00Z,1.40
8010,2026-06-02T19:40:00Z,1.00
8010,2026-06-02T19:50:00Z,0.60
8010,2026-06-02T20:00:00Z,0.60
8010,2026-06-02T20:10:00Z,1.00
8010,2026-06-02T20:20:00Z,0.60
8010,2026-06-02T20:30:00Z,0.40
8010,2026-06-02T20:40:00Z,0.20
8010,2026-06-02T21:00:00Z,0.20
8010,2026-06-02T21:30:00Z,0.20
8010,2026-06-03T00:00:00Z,0.20
8010,2026-06-03T00:40:00Z,0.20
8010,2026-06-03T01:30:00Z,0.20
2278,2026-06-01T23:20:00Z,0.40
2278,2026-06-01T23:30:00Z,0.40
2278,2026-06-01T23:50:00Z,0.20
2278,2026-06-02T00:20:00Z,0.20
2278,2026-06-02T00:40:00Z,1.60
2278,2026-06-02T00:50:00Z,0.20
2278,2026-06-02T01:00:00Z,0.20
2278,2026-06-02T01:10:00Z,0.20
2278,2026-06-02T01:30:00Z,0.20
2278,2026-06-02T04:00:00Z,1.80
2278,2026-06-02T04:10:00Z,1.80
2278,2026-06-02T04:20:00Z,0.20
2278,2026-06-02T05:00:00Z,0.20
2278,2026-05-31T21:50:00Z,0.20
2278,2026-05-31T22:10:00Z,0.20
2278,2026-05-31T22:30:00Z,0.60
2278,2026-05-31T22:40:00Z,0.40
2278,2026-05-31T23:00:00Z,0.20
2278,2026-07-26T14:30:00Z,0.60
2278,2026-07-26T14:40:00Z,1.60
2278,2026-07-26T14:50:00Z,0.20
8010,2026-07-25T22:50:00Z,1.00
8010,2026-07-25T23:00:00Z,1.20
8010,2026-07-25T23:10:00Z,0.60
8010,2026-07-25T23:20:00Z,0.40
8010,2026-07-26T00:30:00Z,0.20
8010,2026-07-26T01:30:00Z,0.60
8010,2026-07-26T01:40:00Z,1.80
8010,2026-07-26T01:50:00Z,0.60
8010,2026-07-26T02:00:00Z,0.20
8010,2026-07-26T02:30:00Z,0.20
8010,2026-07-26T04:00:00Z,0.20
8010,2026-07-26T06:30:00Z,0.20
8010,2026-07-26T08:00:00Z,0.20
8010,2026-07-26T08:10:00Z,0.20
8010,2026-07-26T08:30:00Z,0.20
8010,2026-07-26T08:50:00Z,0.20
8010,2026-07-26T09:10:00Z,0.40
8010,2026-07-26T09:20:00Z,0.20
8010,2026-07-26T09:40:00Z,0.20
8010,2026-07-26T09:50:00Z,0.20
8010,2026-07-26T10:20:00Z,0.20
8010,2026-07-29T16:30:00Z,0.40
8010,2026-07-29T16:40:00Z,1.60
8010,2026-07-29T16:50:00Z,0.80
8010,2026-07-29T17:10:00Z,0.20
8010,2026-07-29T17:30:00Z,1.20
8010,2026-07-29T17:40:00Z,0.80
8010,2026-07-29T18:00:00Z,0.20
8010,2026-07-31T15:30:00Z,0.20
8010,2026-07-31T15:40:00Z,0.40
8010,2026-07-31T16:20:00Z,0.20
8010,2026-07-31T21:30:00Z,0.20
8010,2026-07-31T21:50:00Z,0.20
8010,2026-08-01T03:20:00Z,0.20
8010,2026-08-01T16:50:00Z,2.80
8010,2026-08-01T17:00:00Z,2.00
8010,2026-08-01T17:10:00Z,1.00
8010,2026-08-01T17:20:00Z,1.00
8010,2026-08-01T17:30:00Z,1.20
8010,2026-08-01T17:40:00Z,0.80
8010,2026-08-01T17:50:00Z,0.40
8010,2026-08-01T18:00:00Z,0.20
8010,2026-08-01T18:10:00Z,0.40
8010,2026-08-01T18:30:00Z,0.20
8010,2026-08-01T20:50:00Z,0.20
2278,2026-08-02T08:50:00Z,0.20
2278,2026-08-02T09:00:00Z,2.40
2278,2026-08-02T09:10:00Z,2.00
2278,2026-08-02T09:20:00Z,1.00
2278,2026-08-02T09:30:00Z,0.60
2278,2026-08-02T09:40:00Z,1.60
2278,2026-08-02T09:50:00Z,2.00
2278,2026-08-02T10:00:00Z,0.20
2278,2026-08-02T10:10:00Z,0.20
2278,2026-08-02T10:20:00Z,0.20
2278,2026-08-02T10:30:00Z,0.20
2278,2026-08-02T10:40:00Z,0.20
2278,2026-08-02T10:50:00Z,0.40
2278,2026-08-02T11:00:00Z,0.20
2278,2026-08-02T11:10:00Z,0.20
2278,2026-08-02T11:50:00Z,0.20
8010,2026-08-06T15:00:00Z,0.60
8010,2026-08-06T15:10:00Z,0.40
8010,2026-08-06T15:20:00Z,0.20
8010,2026-08-06T20:00:00Z,0.40
8010,2026-08-06T20:10:00Z,0.40
8010,2026-08-06T20:30:00Z,0.20
8010,2026-08-06T21:00:00Z,0.60
8010,2026-08-06T21:10:00Z,0.60
8010,2026-08-06T21:20:00Z,0.20
8010,2026-08-06T21:30:00Z,2.60
8010,2026-08-06T21:40:00Z,1.00
8010,2026-08-06T21:50:00Z,0.20
2278,2026-08-07T09:10:00Z,1.20
2278,2026-08-07T09:20:00Z,9.00
2278,2026-08-07T09:30:00Z,11.40
2278,2026-08-07T09:40:00Z,3.00
2278,2026-08-07T09:50:00Z,0.60
2278,2026-08-07T10:00:00Z,0.80
2278,2026-08-07T10:10:00Z,0.20
2278,2026-08-07T10:20:00Z,0.40
2278,2026-08-07T10:30:00Z,0.20
8010,2026-08-06T22:40:00Z,0.20
8010,2026-08-08T18:30:00Z,0.20
8010,2026-08-09T18:10:00Z,2.80
8010,2026-08-09T18:20:00Z,2.40
8010,2026-08-09T18:30:00Z,1.40
8010,2026-08-09T18:40:00Z,1.40
8010,2026-08-09T18:50:00Z,0.40
8010,2026-08-09T19:00:00Z,0.20
8010,2026-08-09T19:10:00Z,1.20
8010,2026-08-09T19:20:00Z,1.20
8010,2026-08-09T19:30:00Z,1.20
8010,2026-08-09T19:40:00Z,0.60
8010,2026-08-09T19:50:00Z,0.20
8010,2026-08-09T21:40:00Z,0.20
8010,2026-08-10T14:00:00Z,0.20
8010,2026-08-10T14:10:00Z,0.20
8010,2026-08-10T14:40:00Z,0.20
8010,2026-08-10T21:10:00Z,0.60
8010,2026-08-10T21:30:00Z,0.20
8010,2026-08-12T12:20:00Z,1.20
8010,2026-08-12T12:30:00Z,0.20
8010,2026-08-12T12:40:00Z,0.20
8010,2026-08-12T14:10:00Z,0.20
8010,2026-08-12T17:20:00Z,0.20
8010,2026-08-12T17:30:00Z,2.20
8010,2026-08-12T17:40:00Z,0.60
8010,2026-08-12T17:50:00Z,0.20
8010,2026-08-15T15:20:00Z,0.80
8010,2026-08-15T15:30:00Z,1.00
8010,2026-08-15T15:40:00Z,0.40
8010,2026-08-15T15:50:00Z,0.20
8010,2026-08-15T16:10:00Z,0.40
8010,2026-08-15T16:40:00Z,0.40
8010,2026-08-15T16:50:00Z,0.60
8010,2026-08-15T17:00:00Z,2.80
8010,2026-08-15T17:10:00Z,4.20
8010,2026-08-15T17:20:00Z,1.60
8010,2026-08-15T17:30:00Z,0.40
8010,2026-08-15T17:40:00Z,0.20
2278,2026-08-16T14:50:00Z,2.60
2278,2026-08-16T15:00:00Z,3.40
2278,2026-08-16T15:10:00Z,1.20
2278,2026-08-16T15:20:00Z,0.60
2278,2026-08-16T16:00:00Z,0.20
2278,2026-08-16T18:00:00Z,0.60
2278,2026-08-16T18:20:00Z,0.20
2278,2026-08-16T18:30:00Z,0.40
2278,2026-08-16T18:40:00Z,0.60
2278,2026-08-16T18:50:00Z,0.20
2278,2026-08-16T19:00:00Z,0.20
2278,2026-08-16T20:00:00Z,0.20
2278,2026-08-16T20:20:00Z,0.40
2278,2026-08-16T20:30:00Z,0.20
2278,2026-08-16T20:40:00Z,0.20
2278,2026-08-16T20:50:00Z,0.40
2278,2026-08-16T21:00:00Z,0.40
2278,2026-08-16T21:10:00Z,0.40
2278,2026-08-16T21:20:00Z,0.40
2278,2026-08-16T21:30:00Z,0.20
2278,2026-08-16T21:40:00Z,0.40
2278,2026-08-16T21:50:00Z,0.20
2278,2026-08-16T22:00:00Z,0.40
2278,2026-08-16T22:10:00Z,0.80
2278,2026-08-16T22:20:00Z,0.40
2278,2026-08-16T22:30:00Z,0.20
2278,2026-08-16T22:40:00Z,0.20
2278,2026-08-16T22:50:00Z,0.20
2278,2026-08-16T23:00:00Z,0.20
2278,2026-08-16T23:10:00Z,0.40
2278,2026-08-16T23:20:00Z,0.20
2278,2026-08-16T23:30:00Z,0.20
2278,2026-08-17T00:10:00Z,0.20
2278,2026-08-17T08:00:00Z,0.20
8010,2026-08-16T12:40:00Z,0.20
8010,2026-08-16T15:20:00Z,0.60
8010,2026-08-16T15:40:00Z,0.20
8010,2026-08-16T15:50:00Z,0.20
8010,2026-08-16T16:00:00Z,0.40
8010,2026-08-16T16:10:00Z,0.40
8010,2026-08-16T16:20:00Z,0.60
8010,2026-08-16T16:30:00Z,0.20
8010,2026-08-16T16:40:00Z,0.40
8010,2026-08-16T16:50:00Z,0.40
8010,2026-08-16T17:00:00Z,0.40
8010,2026-08-16T17:10:00Z,0.20
8010,2026-08-16T17:20:00Z,0.20
8010,2026-08-16T17:30:00Z,0.60
8010,2026-08-16T17:40:00Z,0.80
8010,2026-08-16T17:50:00Z,0.60
8010,2026-08-16T18:00:00Z,0.80
8010,2026-08-16T18:10:00Z,0.60
8010,2026-08-16T18:20:00Z,0.40
8010,2026-08-16T18:30:00Z,0.60
8010,2026-08-16T18:40:00Z,0.40
8010,2026-08-16T18:50:00Z,0.40
8010,2026-08-16T19:00:00Z,0.20
8010,2026-08-16T19:30:00Z,0.20
8010,2026-08-16T20:30:00Z,0.20
8010,2026-08-16T23:30:00Z,0.20
8010,2026-08-17T02:40:00Z,0.20
2278,2026-08-20T03:10:00Z,0.80
2278,2026-08-20T03:30:00Z,0.20
2278,2026-08-20T03:40:00Z,0.20
2278,2026-08-20T10:10:00Z,0.20
2278,2026-08-20T14:10:00Z,0.20
2278,2026-08-20T14:20:00Z,0.80
2278,2026-08-20T14:30:00Z,0.40
2278,2026-08-20T14:40:00Z,0.20
2278,2026-08-20T14:50:00Z,0.20
2278,2026-08-20T15:00:00Z,0.20
2278,2026-08-20T16:30:00Z,0.20
2278,2026-08-20T16:40:00Z,0.20
2278,2026-08-20T17:00:00Z,1.60
2278,2026-08-20T17:10:00Z,0.40
2278,2026-08-20T17:20:00Z,0.40
2278,2026-08-20T17:30:00Z,0.20
2278,2026-08-20T17:40:00Z,4.80
2278,2026-08-20T17:50:00Z,9.80
2278,2026-08-20T18:00:00Z,9.60
2278,2026-08-20T18:10:00Z,0.60
2278,2026-08-20T18:20:00Z,0.20
2278,2026-08-20T18:30:00Z,0.40
2278,2026-08-20T18:50:00Z,0.20
2278,2026-08-20T19:00:00Z,0.40
2278,2026-08-20T19:20:00Z,0.20
2278,2026-08-20T22:20:00Z,0.20
8010,2026-08-20T06:00:00Z,0.80
8010,2026-08-20T06:20:00Z,0.20
8010,2026-08-20T06:50:00Z,0.20
8010,2026-08-20T07:00:00Z,0.40
8010,2026-08-20T07:10:00Z,0.40
8010,2026-08-20T07:20:00Z,0.40
8010,2026-08-20T07:40:00Z,0.20
8010,2026-08-20T08:00:00Z,0.40
8010,2026-08-20T08:10:00Z,1.00
8010,2026-08-20T08:20:00Z,0.20
8010,2026-08-20T08:50:00Z,0.60
8010,2026-08-20T09:00:00Z,0.60
8010,2026-08-20T09:10:00Z,0.80
8010,2026-08-20T09:20:00Z,2.20
8010,2026-08-20T09:30:00Z,2.20
8010,2026-08-20T09:40:00Z,2.00
8010,2026-08-20T09:50:00Z,1.20
8010,2026-08-20T10:00:00Z,1.00
8010,2026-08-20T10:10:00Z,0.60
8010,2026-08-20T10:20:00Z,0.20
8010,2026-08-20T10:30:00Z,0.20
8010,2026-08-20T10:40:00Z,0.20
8010,2026-08-20T10:50:00Z,0.40
8010,2026-08-20T11:00:00Z,1.20
8010,2026-08-20T11:10:00Z,0.40
8010,2026-08-20T11:20:00Z,0.40
8010,2026-08-20T12:00:00Z,0.20
8010,2026-08-20T12:20:00Z,1.40
8010,2026-08-20T12:30:00Z,1.20
8010,2026-08-20T12:40:00Z,0.80
8010,2026-08-20T12:50:00Z,0.80
8010,2026-08-20T13:00:00Z,0.80
8010,2026-08-20T13:10:00Z,1.20
8010,2026-08-20T13:20:00Z,0.80
8010,2026-08-20T13:30:00Z,1.40
8010,2026-08-20T13:40:00Z,1.00
8010,2026-08-20T13:50:00Z,1.40
8010,2026-08-20T14:00:00Z,2.60
8010,2026-08-20T14:10:00Z,1.20
8010,2026-08-20T14:20:00Z,1.00
8010,2026-08-20T14:30:00Z,0.80
8010,2026-08-20T14:40:00Z,0.60
8010,2026-08-20T14:50:00Z,1.00
8010,2026-08-20T15:00:00Z,0.40
8010,2026-08-20T15:20:00Z,0.20
8010,2026-08-20T15:30:00Z,0.60
8010,2026-08-20T15:40:00Z,0.80
8010,2026-08-20T15:50:00Z,0.20
8010,2026-08-20T16:10:00Z,0.20
8010,2026-08-20T16:20:00Z,0.40
8010,2026-08-20T16:30:00Z,0.40
8010,2026-08-20T16:40:00Z,0.20
8010,2026-08-20T16:50:00Z,0.80
8010,2026-08-20T17:00:00Z,0.60
8010,2026-08-20T17:10:00Z,0.60
8010,2026-08-20T17:20:00Z,1.00
8010,2026-08-20T17:30:00Z,0.80
8010,2026-08-20T17:40:00Z,0.20
8010,2026-08-20T17:50:00Z,0.60
8010,2026-08-20T18:00:00Z,0.80
8010,2026-08-20T18:10:00Z,0.60
8010,2026-08-20T18:20:00Z,0.80
8010,2026-08-20T18:30:00Z,0.80
8010,2026-08-20T18:40:00Z,1.20
8010,2026-08-20T18:50:00Z,1.00
8010,2026-08-20T19:00:00Z,1.40
8010,2026-08-20T19:10:00Z,1.40
8010,2026-08-20T19:20:00Z,1.60
8010,2026-08-20T19:30:00Z,1.20
8010,2026-08-20T19:40:00Z,1.00
8010,2026-08-20T19:50:00Z,0.60
8010,2026-08-20T20:00:00Z,1.00
8010,2026-08-20T20:10:00Z,0.60
8010,2026-08-20T20:20:00Z,0.40
8010,2026-08-20T20:30:00Z,0.60
8010,2026-08-20T20:40:00Z,0.40
8010,2026-08-20T20:50:00Z,0.20
8010,2026-08-20T21:00:00Z,0.20
8010,2026-08-20T23:00:00Z,0.20
2278,2026-08-20T02:40:00Z,3.00
2278,2026-08-20T02:50:00Z,0.40
2278,2026-08-20T01:10:00Z,1.80
2278,2026-08-20T01:20:00Z,1.20
2278,2026-08-20T01:30:00Z,0.20
2278,2026-08-20T01:40:00Z,1.40
2278,2026-08-20T02:00:00Z,0.20
2278,2026-08-20T02:10:00Z,5.00
2278,2026-08-20T02:20:00Z,1.20
2278,2026-08-20T02:30:00Z,1.20
8010,2026-08-21T07:30:00Z,0.80
8010,2026-08-21T07:40:00Z,1.20
8010,2026-08-21T07:50:00Z,1.00
8010,2026-08-21T08:00:00Z,1.20
8010,2026-08-21T08:10:00Z,1.60
8010,2026-08-21T08:20:00Z,1.60
8010,2026-08-21T08:30:00Z,1.60
8010,2026-08-21T08:40:00Z,2.40
8010,2026-08-21T08:50:00Z,2.20
8010,2026-08-21T09:00:00Z,2.40
8010,2026-08-21T09:10:00Z,2.20
8010,2026-08-21T09:20:00Z,2.20
8010,2026-08-21T09:30:00Z,2.00
8010,2026-08-21T09:40:00Z,1.40
8010,2026-08-21T09:50:00Z,0.80
8010,2026-08-21T10:00:00Z,0.80
8010,2026-08-21T10:10:00Z,0.80
8010,2026-08-21T10:20:00Z,0.60
8010,2026-08-21T10:30:00Z,1.00
8010,2026-08-21T10:40:00Z,0.80
8010,2026-08-21T10:50:00Z,0.80
8010,2026-08-21T11:00:00Z,0.80
8010,2026-08-21T11:10:00Z,0.40
8010,2026-08-21T11:20:00Z,0.60
8010,2026-08-21T11:30:00Z,0.40
8010,2026-08-21T11:40:00Z,0.20
8010,2026-08-21T11:50:00Z,0.20
8010,2026-08-21T12:00:00Z,0.20
8010,2026-08-21T12:10:00Z,0.40
8010,2026-08-21T12:20:00Z,0.20
8010,2026-08-21T12:30:00Z,0.40
8010,2026-08-21T12:40:00Z,0.40
8010,2026-08-21T12:50:00Z,0.20
8010,2026-08-21T13:00:00Z,0.20
8010,2026-08-21T13:10:00Z,0.40
8010,2026-08-21T13:20:00Z,0.40
8010,2026-08-21T13:30:00Z,0.40
8010,2026-08-21T13:40:00Z,0.20
8010,2026-08-21T13:50:00Z,0.40
8010,2026-08-21T14:00:00Z,0.40
8010,2026-08-21T14:10:00Z,0.80
8010,2026-08-21T14:20:00Z,0.60
8010,2026-08-21T14:30:00Z,0.80
8010,2026-08-21T14:40:00Z,0.80
8010,2026-08-21T14:50:00Z,0.80
8010,2026-08-21T15:00:00Z,0.60
8010,2026-08-21T15:10:00Z,0.80
8010,2026-08-21T15:20:00Z,0.40
8010,2026-08-21T15:30:00Z,0.40
8010,2026-08-21T15:40:00Z,0.60
8010,2026-08-21T15:50:00Z,0.20
8010,2026-08-21T16:00:00Z,0.20
8010,2026-08-21T16:20:00Z,0.20
8010,2026-08-21T21:00:00Z,0.20
2278,2026-08-21T06:40:00Z,0.40
2278,2026-08-21T06:50:00Z,0.80
2278,2026-08-21T07:00:00Z,0.80
2278,2026-08-21T07:10:00Z,2.20
2278,2026-08-21T07:20:00Z,1.60
2278,2026-08-21T07:30:00Z,1.20
2278,2026-08-21T07:40:00Z,1.40
2278,2026-08-21T07:50:00Z,1.40
2278,2026-08-21T08:00:00Z,1.80
2278,2026-08-21T08:10:00Z,2.00
2278,2026-08-21T08:20:00Z,1.80
2278,2026-08-21T08:30:00Z,1.20
2278,2026-08-21T08:40:00Z,1.20
2278,2026-08-21T08:50:00Z,0.80
2278,2026-08-21T09:00:00Z,1.20
2278,2026-08-21T09:10:00Z,2.00
2278,2026-08-21T09:20:00Z,1.40
2278,2026-08-21T09:30:00Z,2.60
2278,2026-08-21T09:40:00Z,1.60
2278,2026-08-21T09:50:00Z,1.00
2278,2026-08-21T10:00:00Z,0.80
2278,2026-08-21T10:10:00Z,1.00
2278,2026-08-21T10:20:00Z,0.80
2278,2026-08-21T10:30:00Z,0.80
2278,2026-08-21T10:40:00Z,0.40
2278,2026-08-21T10:50:00Z,0.20
2278,2026-08-21T11:00:00Z,0.40
2278,2026-08-21T11:10:00Z,0.80
2278,2026-08-21T11:30:00Z,0.20
2278,2026-08-21T11:40:00Z,0.20
2278,2026-08-21T12:00:00Z,0.40
2278,2026-08-21T12:10:00Z,0.40
2278,2026-08-21T12:20:00Z,1.00
2278,2026-08-21T12:30:00Z,1.00
2278,2026-08-21T12:40:00Z,0.80
2278,2026-08-21T12:50:00Z,0.40
2278,2026-08-21T13:00:00Z,1.40
2278,2026-08-21T13:10:00Z,1.80
2278,2026-08-21T13:20:00Z,2.80
2278,2026-08-21T13:30:00Z,1.80
2278,2026-08-21T13:40:00Z,3.40
2278,2026-08-21T13:50:00Z,3.20
2278,2026-08-21T14:00:00Z,2.40
2278,2026-08-21T14:10:00Z,2.60
2278,2026-08-21T14:20:00Z,1.60
2278,2026-08-21T14:30:00Z,0.60
2278,2026-08-21T14:40:00Z,0.20
2278,2026-08-22T01:10:00Z,0.20
2278,2026-08-24T22:50:00Z,0.20
2278,2026-08-25T00:50:00Z,0.20
2278,2026-08-25T01:10:00Z,2.80
2278,2026-08-25T01:20:00Z,0.60
2278,2026-08-25T01:40:00Z,1.00
2278,2026-08-25T01:50:00Z,0.20
2278,2026-08-25T02:00:00Z,0.20
2278,2026-08-25T02:20:00Z,0.40
2278,2026-08-25T03:00:00Z,0.20
2278,2026-08-25T03:10:00Z,0.20
2278,2026-08-25T03:20:00Z,0.20
2278,2026-08-25T04:10:00Z,0.20
2278,2026-08-25T06:20:00Z,0.20
2278,2026-08-25T06:30:00Z,0.60
2278,2026-08-25T06:40:00Z,1.20
2278,2026-08-25T06:50:00Z,0.80
2278,2026-08-25T07:00:00Z,0.80
2278,2026-08-25T07:10:00Z,0.80
2278,2026-08-25T07:20:00Z,1.00
2278,2026-08-25T07:30:00Z,0.80
2278,2026-08-25T07:40:00Z,2.00
2278,2026-08-25T07:50:00Z,3.40
2278,2026-08-25T08:00:00Z,4.00
2278,2026-08-25T08:10:00Z,3.20
2278,2026-08-25T08:20:00Z,2.00
2278,2026-08-25T08:30:00Z,1.60
2278,2026-08-25T08:40:00Z,1.20
2278,2026-08-25T08:50:00Z,1.00
2278,2026-08-25T09:00:00Z,1.00
2278,2026-08-25T09:10:00Z,1.00
2278,2026-08-25T09:20:00Z,1.20
2278,2026-08-25T09:30:00Z,1.00
2278,2026-08-25T09:40:00Z,0.60
2278,2026-08-25T09:50:00Z,0.20
8010,2026-08-24T22:50:00Z,0.20
8010,2026-08-24T23:00:00Z,0.20
8010,2026-08-24T23:10:00Z,0.20
8010,2026-08-24T23:20:00Z,0.20
8010,2026-08-24T23:40:00Z,0.20
8010,2026-08-24T23:50:00Z,0.20
8010,2026-08-25T00:00:00Z,0.80
8010,2026-08-25T00:10:00Z,0.20
8010,2026-08-25T00:20:00Z,0.20
8010,2026-08-25T00:50:00Z,0.40
8010,2026-08-25T01:40:00Z,0.20
8010,2026-08-25T02:40:00Z,0.20
8010,2026-08-25T02:50:00Z,0.40
8010,2026-08-25T03:00:00Z,0.20
8010,2026-08-25T03:10:00Z,0.20
8010,2026-08-25T03:20:00Z,0.40
8010,2026-08-25T03:30:00Z,0.20
8010,2026-08-25T03:40:00Z,0.20
8010,2026-08-25T04:20:00Z,0.40
8010,2026-08-25T04:30:00Z,1.40
8010,2026-08-25T04:40:00Z,0.60
8010,2026-08-25T04:50:00Z,0.80
8010,2026-08-25T05:00:00Z,0.20
8010,2026-08-25T05:10:00Z,0.40
8010,2026-08-25T05:20:00Z,0.20
8010,2026-08-25T05:30:00Z,0.40
8010,2026-08-25T06:10:00Z,0.20
8010,2026-08-25T06:20:00Z,1.00
8010,2026-08-25T06:30:00Z,0.80
8010,2026-08-25T06:40:00Z,0.80
8010,2026-08-25T06:50:00Z,0.40
8010,2026-08-25T07:00:00Z,0.60
8010,2026-08-25T07:10:00Z,0.80
8010,2026-08-25T07:20:00Z,0.20
8010,2026-08-25T07:30:00Z,0.40
8010,2026-08-25T07:40:00Z,0.60
8010,2026-08-25T07:50:00Z,0.60
8010,2026-08-25T08:00:00Z,0.40
8010,2026-08-25T08:10:00Z,0.20
8010,2026-08-25T08:20:00Z,0.20
8010,2026-08-25T08:30:00Z,0.60
8010,2026-08-25T08:40:00Z,0.40
8010,2026-08-25T08:50:00Z,0.40
8010,2026-08-25T09:00:00Z,0.40
8010,2026-08-25T09:30:00Z,0.20
2278,2026-08-28T03:50:00Z,1.00
2278,2026-08-28T04:00:00Z,0.20
2278,2026-08-28T04:40:00Z,0.20
2278,2026-08-28T07:10:00Z,0.20
2278,2026-08-28T07:50:00Z,0.20
8010,2026-08-28T04:00:00Z,0.20
8010,2026-08-28T04:30:00Z,0.20
8010,2026-08-28T06:50:00Z,0.20
8010,2026-08-28T07:00:00Z,0.20
8010,2026-08-28T15:20:00Z,0.20
8010,2026-08-28T15:30:00Z,1.00
8010,2026-08-28T15:40:00Z,1.40
8010,2026-08-28T15:50:00Z,0.40
8010,2026-08-28T16:00:00Z,0.20
8010,2026-08-28T16:30:00Z,0.40
8010,2026-08-28T16:40:00Z,0.60
2278,2026-08-28T16:00:00Z,5.00
8010,2026-08-28T16:50:00Z,1.40
8010,2026-08-28T17:00:00Z,0.80
8010,2026-08-28T17:10:00Z,1.20
8010,2026-08-28T17:20:00Z,0.40
8010,2026-08-28T19:40:00Z,0.60
8010,2026-08-28T19:50:00Z,0.20
8010,2026-08-29T02:50:00Z,0.20
2278,2026-08-28T16:10:00Z,0.60
2278,2026-08-28T16:30:00Z,0.20
2278,2026-09-09T04:00:00Z,0.60
2278,2026-09-09T04:10:00Z,2.40
2278,2026-09-09T04:20:00Z,1.00
2278,2026-09-09T04:30:00Z,0.20
2278,2026-09-09T04:40:00Z,0.20
2278,2026-09-09T04:50:00Z,0.20
2278,2026-09-09T10:40:00Z,4.80
2278,2026-09-09T10:50:00Z,0.20
2278,2026-09-09T11:00:00Z,5.40
2278,2026-09-09T11:10:00Z,1.40
2278,2026-09-09T11:20:00Z,6.20
2278,2026-09-09T11:30:00Z,8.20
2278,2026-09-09T11:40:00Z,5.20
2278,2026-09-09T11:50:00Z,9.00
2278,2026-09-09T12:00:00Z,3.40
2278,2026-09-09T12:10:00Z,2.20
2278,2026-09-09T12:20:00Z,2.80
2278,2026-09-09T12:30:00Z,3.40
2278,2026-09-09T12:40:00Z,2.40
2278,2026-09-09T12:50:00Z,3.00
2278,2026-09-09T13:00:00Z,1.00
2278,2026-09-09T13:10:00Z,0.20
2278,2026-09-09T13:20:00Z,0.20
2278,2026-09-09T15:50:00Z,0.80
2278,2026-09-09T16:00:00Z,0.20
2278,2026-09-09T16:10:00Z,0.40
2278,2026-09-09T16:20:00Z,0.60
2278,2026-09-09T16:30:00Z,1.20
2278,2026-09-09T16:50:00Z,0.40
2278,2026-09-09T17:00:00Z,0.20
2278,2026-09-09T17:10:00Z,0.20
2278,2026-09-09T17:20:00Z,2.20
2278,2026-09-09T17:30:00Z,1.20
2278,2026-09-09T17:40:00Z,0.60
2278,2026-09-09T18:00:00Z,0.20
2278,2026-09-09T20:30:00Z,0.20
2278,2026-09-09T21:40:00Z,0.20
2278,2026-09-09T21:50:00Z,0.20
2278,2026-09-09T22:00:00Z,0.40
2278,2026-09-09T22:10:00Z,0.40
2278,2026-09-09T22:20:00Z,0.60
2278,2026-09-09T22:30:00Z,0.60
2278,2026-09-09T22:40:00Z,1.00
2278,2026-09-09T22:50:00Z,1.00
2278,2026-09-09T23:00:00Z,1.20
2278,2026-09-09T23:10:00Z,1.60
2278,2026-09-09T23:20:00Z,1.20
2278,2026-09-09T23:30:00Z,1.20
2278,2026-09-09T23:40:00Z,1.20
2278,2026-09-09T23:50:00Z,0.80
2278,2026-09-10T00:00:00Z,1.00
2278,2026-09-10T00:10:00Z,0.60
2278,2026-09-10T00:20:00Z,0.60
2278,2026-09-10T00:30:00Z,0.60
2278,2026-09-10T00:40:00Z,0.80
2278,2026-09-10T00:50:00Z,1.00
2278,2026-09-10T01:00:00Z,1.00
2278,2026-09-10T01:10:00Z,1.40
2278,2026-09-10T01:20:00Z,0.60
2278,2026-09-10T01:30:00Z,0.40
2278,2026-09-10T01:40:00Z,0.40
2278,2026-09-10T02:20:00Z,0.20
2278,2026-09-09T03:20:00Z,15.20
2278,2026-09-09T03:30:00Z,3.40
2278,2026-09-09T03:40:00Z,0.20
8010,2026-09-09T02:10:00Z,0.20
8010,2026-09-09T02:20:00Z,0.40
8010,2026-09-09T02:30:00Z,0.80
8010,2026-09-09T02:40:00Z,0.60
8010,2026-09-09T02:50:00Z,0.40
8010,2026-09-09T03:00:00Z,0.40
8010,2026-09-09T03:10:00Z,1.00
8010,2026-09-09T03:20:00Z,1.80
8010,2026-09-09T03:30:00Z,2.20
8010,2026-09-09T03:40:00Z,2.20
8010,2026-09-09T03:50:00Z,1.20
8010,2026-09-09T04:00:00Z,1.20
8010,2026-09-09T04:10:00Z,0.60
8010,2026-09-09T04:20:00Z,0.80
8010,2026-09-09T04:30:00Z,0.80
8010,2026-09-09T04:40:00Z,0.40
8010,2026-09-09T04:50:00Z,0.80
8010,2026-09-09T05:00:00Z,0.60
8010,2026-09-09T05:10:00Z,0.40
8010,2026-09-09T05:20:00Z,0.60
8010,2026-09-09T05:30:00Z,0.40
8010,2026-09-09T05:40:00Z,0.40
8010,2026-09-09T05:50:00Z,0.80
8010,2026-09-09T06:00:00Z,1.20
8010,2026-09-09T06:10:00Z,1.00
8010,2026-09-09T06:20:00Z,0.40
8010,2026-09-09T06:30:00Z,0.60
8010,2026-09-09T06:40:00Z,0.60
8010,2026-09-09T12:20:00Z,0.20
8010,2026-09-09T12:30:00Z,0.20
8010,2026-09-09T12:40:00Z,0.60
8010,2026-09-09T12:50:00Z,1.00
8010,2026-09-09T13:00:00Z,1.20
8010,2026-09-09T13:10:00Z,1.60
8010,2026-09-09T13:20:00Z,1.40
8010,2026-09-09T13:30:00Z,1.00
8010,2026-09-09T13:40:00Z,1.40
8010,2026-09-09T13:50:00Z,1.40
8010,2026-09-09T14:00:00Z,1.40
8010,2026-09-09T14:10:00Z,2.00
8010,2026-09-09T14:20:00Z,0.80
8010,2026-09-09T15:00:00Z,0.20
8010,2026-09-09T15:10:00Z,0.20
8010,2026-09-09T15:20:00Z,0.40
8010,2026-09-09T15:30:00Z,0.60
8010,2026-09-09T15:40:00Z,0.20
8010,2026-09-09T15:50:00Z,0.80
8010,2026-09-09T16:00:00Z,0.80
8010,2026-09-09T16:10:00Z,0.60
8010,2026-09-09T16:20:00Z,0.40
8010,2026-09-09T16:30:00Z,0.60
8010,2026-09-09T16:40:00Z,0.40
8010,2026-09-09T16:50:00Z,0.20
8010,2026-09-09T17:20:00Z,0.20
8010,2026-09-09T17:30:00Z,0.20
8010,2026-09-09T17:40:00Z,0.20
8010,2026-09-09T17:50:00Z,0.20
8010,2026-09-09T18:00:00Z,0.20
8010,2026-09-09T18:20:00Z,0.20
8010,2026-09-09T18:30:00Z,0.20
8010,2026-09-09T18:40:00Z,0.20
8010,2026-09-09T19:00:00Z,0.20
8010,2026-09-09T19:10:00Z,0.20
8010,2026-09-09T19:40:00Z,0.20
8010,2026-09-09T20:20:00Z,0.20
8010,2026-09-09T21:20:00Z,0.20
8010,2026-09-09T22:20:00Z,0.20
8010,2026-09-09T22:40:00Z,0.20
8010,2026-09-09T23:00:00Z,0.40
8010,2026-09-09T23:10:00Z,0.80
8010,2026-09-09T23:20:00Z,0.80
8010,2026-09-09T23:30:00Z,0.60
8010,2026-09-09T23:40:00Z,1.20
8010,2026-09-09T23:50:00Z,0.60
8010,2026-09-10T00:00:00Z,0.60
8010,2026-09-10T00:10:00Z,0.40
8010,2026-09-10T00:20:00Z,1.40
8010,2026-09-10T00:30:00Z,1.60
8010,2026-09-10T00:40:00Z,1.40
8010,2026-09-10T00:50:00Z,0.20
8010,2026-09-10T01:10:00Z,0.60
8010,2026-09-10T01:20:00Z,0.80
8010,2026-09-10T01:30:00Z,0.60
8010,2026-09-10T01:40:00Z,1.00
8010,2026-09-10T01:50:00Z,1.00
8010,2026-09-10T02:00:00Z,1.00
8010,2026-09-10T02:10:00Z,1.00
8010,2026-09-10T02:20:00Z,1.00
8010,2026-09-08T23:00:00Z,0.20
8010,2026-09-08T23:10:00Z,0.40
8010,2026-09-08T23:20:00Z,0.60
8010,2026-09-08T23:30:00Z,0.40
8010,2026-09-08T23:40:00Z,0.40
8010,2026-09-08T23:50:00Z,0.80
8010,2026-09-09T00:00:00Z,0.40
8010,2026-09-08T21:50:00Z,0.20
8010,2026-09-10T02:30:00Z,0.80
8010,2026-09-10T02:40:00Z,0.80
8010,2026-09-10T02:50:00Z,0.60
8010,2026-09-10T03:00:00Z,0.80
8010,2026-09-10T03:10:00Z,0.40
8010,2026-09-10T03:30:00Z,0.20
8010,2026-09-10T09:30:00Z,0.20
8010,2026-09-10T10:00:00Z,0.80
8010,2026-09-10T10:10:00Z,0.40
8010,2026-09-10T10:20:00Z,0.20
8010,2026-09-10T10:30:00Z,0.60
8010,2026-09-10T10:40:00Z,1.00
8010,2026-09-10T10:50:00Z,1.00
8010,2026-09-10T11:00:00Z,2.20
8010,2026-09-10T11:10:00Z,2.00
8010,2026-09-10T11:20:00Z,1.20
8010,2026-09-10T11:30:00Z,0.60
8010,2026-09-10T11:40:00Z,1.00
8010,2026-09-10T11:50:00Z,0.40
8010,2026-09-10T12:00:00Z,0.20
8010,2026-09-10T12:10:00Z,0.20
8010,2026-09-10T12:20:00Z,0.20
8010,2026-09-10T12:30:00Z,0.20
8010,2026-09-10T12:40:00Z,0.20
8010,2026-09-10T13:10:00Z,0.20
2278,2026-09-10T07:00:00Z,1.00
2278,2026-09-10T07:10:00Z,1.00
2278,2026-09-10T07:20:00Z,0.20
2278,2026-09-10T07:30:00Z,0.40
2278,2026-09-10T07:40:00Z,0.40
2278,2026-09-10T08:00:00Z,0.60
2278,2026-09-10T08:10:00Z,4.00
2278,2026-09-10T08:20:00Z,0.60
2278,2026-09-10T08:30:00Z,0.20
2278,2026-09-10T09:00:00Z,0.20
2278,2026-09-10T09:30:00Z,0.20
2278,2026-09-10T10:00:00Z,0.20
2278,2026-09-10T10:30:00Z,0.20
2278,2026-09-10T11:10:00Z,0.20
8010,2026-09-16T18:00:00Z,0.80
8010,2026-09-16T18:10:00Z,2.00
8010,2026-09-16T18:20:00Z,3.20
8010,2026-09-16T18:30:00Z,2.20
8010,2026-09-16T18:40:00Z,1.00
8010,2026-09-16T18:50:00Z,0.20
8010,2026-09-16T19:00:00Z,0.40
8010,2026-09-16T19:10:00Z,1.60
8010,2026-09-16T19:20:00Z,0.80
8010,2026-09-16T19:30:00Z,0.80
8010,2026-09-16T19:40:00Z,0.40
8010,2026-09-16T20:00:00Z,0.20
8010,2026-09-16T22:40:00Z,0.20
8010,2026-09-16T22:50:00Z,0.40
8010,2026-09-16T23:00:00Z,0.40
8010,2026-09-16T23:10:00Z,0.20
8010,2026-09-16T23:20:00Z,0.40
8010,2026-09-16T23:30:00Z,0.20
8010,2026-09-16T23:40:00Z,0.20
8010,2026-09-16T23:50:00Z,0.40
8010,2026-09-17T03:10:00Z,0.20
2278,2026-09-16T21:30:00Z,0.60
2278,2026-09-16T21:40:00Z,2.80
2278,2026-09-16T21:50:00Z,2.40
2278,2026-09-16T22:00:00Z,0.40
2278,2026-09-16T22:10:00Z,0.20
2278,2026-09-16T22:30:00Z,6.80
2278,2026-09-16T22:40:00Z,13.00
2278,2026-09-16T22:50:00Z,5.60
2278,2026-09-16T23:00:00Z,0.60
2278,2026-09-16T23:10:00Z,1.40
2278,2026-09-16T23:20:00Z,0.80
2278,2026-09-16T23:30:00Z,1.20
2278,2026-09-16T23:40:00Z,1.20
2278,2026-09-16T23:50:00Z,0.40
2278,2026-09-17T00:00:00Z,0.20
2278,2026-09-17T00:10:00Z,0.20
2278,2026-09-17T00:20:00Z,0.20
2278,2026-09-17T00:30:00Z,0.40
2278,2026-09-17T00:40:00Z,1.00
2278,2026-09-17T00:50:00Z,0.80
2278,2026-09-17T01:00:00Z,1.60
2278,2026-09-17T01:10:00Z,0.80
2278,2026-09-17T01:20:00Z,0.80
2278,2026-09-17T01:30:00Z,1.20
2278,2026-09-17T01:40:00Z,0.40
2278,2026-09-17T01:50:00Z,0.40
2278,2026-09-17T02:00:00Z,0.20
2278,2026-09-17T02:10:00Z,0.20
2278,2026-09-17T02:30:00Z,2.80
2278,2026-09-17T02:40:00Z,2.80
2278,2026-09-17T02:50:00Z,1.00
2278,2026-09-17T03:00:00Z,1.80
2278,2026-09-17T03:10:00Z,0.60
2278,2026-09-17T03:20:00Z,0.80
2278,2026-09-17T03:30:00Z,0.40
2278,2026-09-17T03:40:00Z,0.40
2278,2026-09-17T03:50:00Z,0.20
2278,2026-09-17T04:00:00Z,0.20
2278,2026-09-17T04:40:00Z,0.20
8010,2026-09-18T05:10:00Z,0.20
8010,2026-09-18T11:10:00Z,0.40
8010,2026-09-18T11:30:00Z,1.80
8010,2026-09-18T11:40:00Z,1.60
8010,2026-09-18T11:50:00Z,0.40
8010,2026-09-18T12:00:00Z,0.20
8010,2026-09-18T12:40:00Z,0.40
8010,2026-09-18T12:50:00Z,0.80
8010,2026-09-18T13:00:00Z,0.80
8010,2026-09-18T13:10:00Z,0.20
8010,2026-09-18T13:20:00Z,0.40
8010,2026-09-18T13:30:00Z,0.40
8010,2026-09-18T14:00:00Z,0.20
2278,2026-08-23T07:50:00Z,0.20
2278,2026-08-23T08:30:00Z,0.20
2278,2026-08-23T09:00:00Z,0.20
8010,2026-07-18T12:40:00Z,0.20
8010,2026-07-18T12:50:00Z,0.20
8010,2026-07-18T13:50:00Z,0.60
8010,2026-07-18T14:00:00Z,0.20
8010,2026-07-18T16:50:00Z,2.00
8010,2026-07-18T17:00:00Z,0.40
8010,2026-07-19T02:20:00Z,0.20
2278,2026-07-15T15:10:00Z,0.20
2278,2026-07-15T15:20:00Z,0.20
2278,2026-07-15T15:40:00Z,0.40
2278,2026-07-15T15:50:00Z,0.40
8010,2026-07-14T21:40:00Z,0.20
8010,2026-06-30T10:20:00Z,0.20
8010,2026-06-30T11:00:00Z,0.20
2278,2026-06-30T07:40:00Z,0.20
2278,2026-06-30T07:50:00Z,0.20
2278,2026-06-30T08:00:00Z,0.20
2278,2026-06-22T18:20:00Z,0.60
2278,2026-06-22T18:30:00Z,0.60
2278,2026-06-22T18:40:00Z,0.20
2278,2026-06-22T18:50:00Z,0.20
8010,2026-06-09T14:00:00Z,0.20
8010,2026-06-09T14:40:00Z,1.80
8010,2026-06-09T14:50:00Z,4.00
8010,2026-06-09T15:00:00Z,2.80
8010,2026-06-09T15:10:00Z,0.40
8010,2026-06-09T15:20:00Z,0.20
8010,2026-06-09T15:40:00Z,0.20
8010,2026-06-09T17:00:00Z,0.20
2278,2026-06-06T11:00:00Z,0.40
2278,2026-06-06T11:10:00Z,0.40
2278,2026-06-06T11:30:00Z,0.20
8010,2026-05-20T11:10:00Z,0.20
8010,2026-05-15T06:40:00Z,0.40
8010,2026-05-15T06:50:00Z,0.20
8010,2026-05-15T07:00:00Z,0.40
8010,2026-05-15T07:10:00Z,0.20
8010,2026-05-15T07:20:00Z,0.20
8010,2026-05-15T07:30:00Z,0.20
8010,2026-05-15T07:50:00Z,0.20
8010,2026-05-15T08:00:00Z,0.20
8010,2026-05-15T08:20:00Z,0.20
8010,2026-05-15T09:20:00Z,0.20
8010,2026-05-15T10:00:00Z,0.20
8010,2026-05-15T10:10:00Z,0.20
8010,2026-05-15T10:30:00Z,0.20
8010,2026-05-15T11:00:00Z,0.20
8010,2026-05-15T11:20:00Z,0.20
8010,2026-05-15T11:50:00Z,0.20
8010,2026-05-15T12:10:00Z,0.20
8010,2026-05-15T12:50:00Z,0.20
8010,2026-05-15T13:00:00Z,0.20
8010,2026-05-15T13:10:00Z,0.20
8010,2026-05-15T13:30:00Z,0.20
8010,2026-05-15T14:00:00Z,0.20
8010,2026-05-15T14:40:00Z,0.20
8010,2026-05-15T15:10:00Z,0.20
8010,2026-05-15T15:20:00Z,0.20
8010,2026-05-15T15:40:00Z,0.20
8010,2026-05-15T15:50:00Z,0.20
8010,2026-05-15T16:10:00Z,0.20
2278,2026-05-15T00:30:00Z,0.20
2278,2026-05-15T08:50:00Z,0.20
2278,2026-05-15T09:10:00Z,0.20
2278,2026-05-15T09:20:00Z,0.40
2278,2026-05-15T09:30:00Z,0.40
2278,2026-05-15T09:40:00Z,0.20
2278,2026-05-15T09:50:00Z,0.20
2278,2026-05-15T10:10:00Z,0.20
2278,2026-05-15T10:20:00Z,0.20
2278,2026-05-15T10:30:00Z,0.20
2278,2026-05-15T10:40:00Z,0.20
2278,2026-05-15T10:50:00Z,0.20
2278,2026-05-15T11:10:00Z,0.20
2278,2026-05-15T11:20:00Z,0.20
2278,2026-05-15T11:30:00Z,0.20
2278,2026-05-15T11:40:00Z,0.40
2278,2026-05-15T12:00:00Z,0.40
2278,2026-05-15T12:10:00Z,0.20
2278,2026-05-15T12:20:00Z,0.40
2278,2026-05-15T12:30:00Z,0.20
2278,2026-05-15T12:40:00Z,0.20
2278,2026-05-15T12:50:00Z,0.20
2278,2026-05-15T13:00:00Z,0.20
2278,2026-05-15T13:50:00Z,0.20
2278,2026-05-15T18:10:00Z,0.20
2278,2026-09-18T06:10:00Z,0.20
2278,2026-09-18T07:00:00Z,0.20
2278,2026-09-18T07:20:00Z,1.40
2278,2026-09-18T07:30:00Z,0.80
2278,2026-09-18T07:40:00Z,2.00
2278,2026-09-18T07:50:00Z,1.80
2278,2026-09-18T08:00:00Z,0.80
2278,2026-09-18T08:10:00Z,0.60
2278,2026-09-18T08:20:00Z,0.20
2278,2026-09-18T13:30:00Z,0.20
2278,2026-09-18T13:40:00Z,1.20
2278,2026-09-18T13:50:00Z,0.60
2278,2026-09-18T14:00:00Z,0.40
8010,2026-06-28T10:50:00Z,0.20
8010,2026-06-28T13:20:00Z,0.20
8010,2026-06-28T14:10:00Z,1.20
8010,2026-06-28T14:20:00Z,0.20
8010,2026-06-28T14:30:00Z,0.60
8010,2026-06-28T14:40:00Z,0.40
8010,2026-06-28T15:20:00Z,0.20
8010,2026-06-28T15:30:00Z,0.20
8010,2026-06-28T16:40:00Z,0.20
8010,2026-06-28T17:00:00Z,0.40
8010,2026-06-28T17:30:00Z,0.20
8010,2026-05-31T11:50:00Z,0.20
8010,2026-05-31T12:10:00Z,0.20
8010,2026-05-31T18:30:00Z,0.20
8010,2026-05-31T18:40:00Z,0.20
8010,2026-05-31T18:50:00Z,0.60
8010,2026-05-31T19:00:00Z,0.40
8010,2026-05-31T19:10:00Z,0.20
8010,2026-05-31T19:30:00Z,0.20
8010,2026-05-31T19:40:00Z,0.40
8010,2026-05-31T19:50:00Z,0.40
8010,2026-05-31T20:00:00Z,0.20
8010,2026-05-31T20:10:00Z,0.20
8010,2026-05-31T20:20:00Z,0.20
8010,2026-05-31T20:40:00Z,0.20
8010,2026-05-31T21:00:00Z,0.20
8010,2026-05-31T23:10:00Z,0.20
8010,2026-10-05T06:00:00Z,0.20
8010,2026-10-05T06:40:00Z,0.40
8010,2026-10-05T06:50:00Z,1.20
8010,2026-10-05T07:00:00Z,0.80
8010,2026-10-05T07:10:00Z,0.20
8010,2026-10-05T07:40:00Z,0.20
8010,2026-10-05T10:20:00Z,1.00
8010,2026-10-05T10:30:00Z,0.60
8010,2026-10-05T10:40:00Z,0.40
8010,2026-08-07T10:30:00Z,0.20
8010,2026-08-07T10:50:00Z,0.20
8010,2026-08-07T11:00:00Z,0.20
8010,2026-08-02T11:00:00Z,0.60
8010,2026-08-02T11:10:00Z,0.40
8010,2026-08-02T11:20:00Z,0.20
8010,2026-08-02T11:30:00Z,0.20
8010,2026-08-02T12:30:00Z,0.20
2278,2026-06-04T22:50:00Z,0.20
2278,2026-06-04T23:00:00Z,0.20
2278,2026-06-04T23:10:00Z,0.80
2278,2026-06-04T23:20:00Z,1.40
2278,2026-06-04T23:30:00Z,1.60
2278,2026-06-04T23:40:00Z,0.80
2278,2026-06-04T23:50:00Z,1.40
2278,2026-06-05T00:00:00Z,1.40
2278,2026-06-05T00:10:00Z,0.60
2278,2026-06-05T00:20:00Z,1.00
2278,2026-06-05T00:30:00Z,1.00
2278,2026-06-05T00:40:00Z,0.80
2278,2026-06-05T00:50:00Z,0.80
2278,2026-06-05T01:00:00Z,0.60
2278,2026-06-05T01:10:00Z,0.40
2278,2026-06-05T01:20:00Z,0.40
2278,2026-06-05T01:30:00Z,0.60
2278,2026-06-05T01:40:00Z,0.80
2278,2026-06-05T01:50:00Z,2.40
2278,2026-06-05T02:00:00Z,1.60
2278,2026-06-05T02:10:00Z,1.20
2278,2026-06-05T02:20:00Z,0.40
2278,2026-06-05T02:30:00Z,0.40
2278,2026-06-05T02:40:00Z,0.60
2278,2026-06-05T02:50:00Z,0.60
2278,2026-06-05T03:00:00Z,0.40
2278,2026-06-05T03:10:00Z,1.80
2278,2026-06-05T03:20:00Z,1.00
2278,2026-06-05T03:30:00Z,0.40
2278,2026-06-05T03:40:00Z,0.40
2278,2026-06-05T03:50:00Z,0.60
2278,2026-06-05T04:00:00Z,0.40
2278,2026-06-05T04:40:00Z,0.20
2278,2026-10-06T14:20:00Z,0.40
2278,2026-10-06T15:20:00Z,0.20
2278,2026-10-07T00:10:00Z,0.20
8010,2026-10-06T12:30:00Z,0.40
8010,2026-10-06T12:40:00Z,0.20
8010,2026-10-06T13:20:00Z,0.40
8010,2026-10-06T13:30:00Z,0.40
8010,2026-10-06T13:40:00Z,0.20
8010,2026-10-06T13:50:00Z,0.80
8010,2026-10-06T14:00:00Z,1.00
8010,2026-10-06T14:10:00Z,1.20
8010,2026-10-06T14:20:00Z,1.00
8010,2026-10-06T14:30:00Z,0.40
8010,2026-10-06T14:40:00Z,0.40
8010,2026-10-06T14:50:00Z,0.40
8010,2026-10-06T15:00:00Z,0.20
8010,2026-10-06T15:10:00Z,0.40
8010,2026-10-06T15:20:00Z,0.40
8010,2026-10-06T15:30:00Z,0.20
8010,2026-10-06T15:40:00Z,0.20
8010,2026-10-06T15:50:00Z,0.40
8010,2026-10-06T16:00:00Z,0.60
8010,2026-10-06T16:10:00Z,0.60
8010,2026-10-06T16:20:00Z,0.40
8010,2026-10-06T16:30:00Z,0.20
8010,2026-10-06T16:50:00Z,0.20
8010,2026-10-06T17:50:00Z,0.20
8010,2026-10-06T18:30:00Z,0.20
8010,2026-10-06T18:40:00Z,0.20
8010,2026-10-06T21:30:00Z,0.20
2278,2026-10-07T17:50:00Z,0.40
2278,2026-10-07T18:00:00Z,0.60
2278,2026-10-07T18:10:00Z,0.40
2278,2026-10-07T18:20:00Z,0.40
2278,2026-10-07T18:30:00Z,0.20
2278,2026-10-07T18:40:00Z,0.40
2278,2026-10-07T18:50:00Z,0.20
2278,2026-10-07T19:00:00Z,0.20
2278,2026-10-07T19:20:00Z,0.20
2278,2026-10-07T19:30:00Z,0.20
2278,2026-10-07T19:50:00Z,0.20
2278,2026-10-07T20:00:00Z,0.20
2278,2026-10-07T20:10:00Z,0.20
2278,2026-10-07T20:30:00Z,0.20
2278,2026-10-07T20:40:00Z,0.60
2278,2026-10-07T21:00:00Z,0.20
2278,2026-10-07T21:10:00Z,0.20
2278,2026-10-07T21:20:00Z,0.40
2278,2026-10-07T21:30:00Z,0.80
2278,2026-10-07T21:40:00Z,0.40
2278,2026-10-07T21:50:00Z,0.20
2278,2026-10-07T22:10:00Z,0.40
2278,2026-10-07T22:20:00Z,1.60
2278,2026-10-07T22:30:00Z,1.20
2278,2026-10-07T22:40:00Z,0.60
2278,2026-10-07T22:50:00Z,0.20
2278,2026-10-07T23:10:00Z,0.40
2278,2026-10-07T23:20:00Z,0.20
2278,2026-10-07T23:40:00Z,0.20
2278,2026-10-07T23:50:00Z,0.40
2278,2026-10-08T00:10:00Z,0.20
2278,2026-10-08T00:30:00Z,0.40
2278,2026-10-08T00:40:00Z,0.40
2278,2026-10-08T00:50:00Z,0.20
2278,2026-10-08T01:00:00Z,0.20
2278,2026-10-08T01:10:00Z,0.20
2278,2026-10-08T01:20:00Z,0.20
2278,2026-10-08T01:30:00Z,0.20
2278,2026-10-08T02:00:00Z,0.20
2278,2026-10-08T03:00:00Z,0.20
2278,2026-10-08T04:20:00Z,0.20
2278,2026-10-08T04:40:00Z,0.20
2278,2026-10-08T05:00:00Z,0.20
2278,2026-10-08T05:20:00Z,0.20
2278,2026-10-08T05:40:00Z,0.40
2278,2026-10-08T05:50:00Z,0.80
2278,2026-10-08T06:00:00Z,1.20
2278,2026-10-08T06:10:00Z,0.40
2278,2026-10-08T06:20:00Z,1.40
2278,2026-10-08T06:30:00Z,0.80
2278,2026-10-08T06:40:00Z,4.80
2278,2026-10-08T06:50:00Z,3.00
2278,2026-10-08T07:00:00Z,2.60
2278,2026-10-08T07:10:00Z,0.20
2278,2026-10-08T07:20:00Z,1.40
2278,2026-10-08T07:50:00Z,0.80
2278,2026-10-08T08:00:00Z,0.80
2278,2026-10-08T08:10:00Z,0.20
2278,2026-10-08T08:30:00Z,1.00
2278,2026-10-08T08:40:00Z,0.80
2278,2026-10-08T08:50:00Z,0.40
2278,2026-10-08T09:10:00Z,1.60
2278,2026-10-08T09:20:00Z,0.60
2278,2026-10-08T09:40:00Z,0.20
2278,2026-10-08T09:50:00Z,0.20
2278,2026-10-08T10:00:00Z,0.20
2278,2026-10-08T10:10:00Z,0.40
2278,2026-10-08T10:30:00Z,0.20
2278,2026-10-08T10:40:00Z,0.20
