date_utc,area_name,mm_mean,mm_max,n_frames,expected_frames,updated_at_utc
2026-09-22,ruspino,0.0,0.0,288,288,2026-10-08T01:05:31Z
2026-09-23,ruspino,0.0,0.0,288,288,2026-10-08T01:05:31Z
2026-09-24,ruspino,0.0,0.0,288,288,2026-10-08T01:05:31Z
2026-09-25,ruspino,0.0,0.0,288,288,2026-10-08T01:05:31Z
2026-09-26,ruspino,0.0,0.0,288,288,2026-10-08T01:05:31Z
2026-09-27,ruspino,0.0,0.0,288,288,2026-10-08T01:05:31Z
2026-09-28,ruspino,0.0,0.0,288,288,2026-10-08T01:05:31Z
2026-09-29,ruspino,0.0,0.0,288,288,2026-10-08T01:05:31Z
2026-09-30,ruspino,0.0,0.0,288,288,2026-10-08T01:05:31Z
2026-10-01,ruspino,0.0,0.0,288,288,2026-10-08T01:05:31Z
2026-10-02,ruspino,0.0,0.0,288,288,2026-10-08T01:05:31Z
2026-10-03,ruspino,0.0,0.0,288,288,2026-10-08T01:05:31Z
2026-10-04,ruspino,0.0,0.0,288,288,2026-10-08T01:05:31Z
2026-10-05,ruspino,0.3,1.1,288,288,2026-10-08T01:05:31Z
2026-10-06,ruspino,4.3,6.7,288,288,2026-10-08T01:05:31Z
2026-10-07,ruspino,6.9,11.9,288,288,2026-10-08T01:05:31Z
2026-10-08,ruspino,0.1,0.4,12,14,2026-10-08T01:05:31Z
2026-09-22,cepina,0.0,0.0,288,288,2026-10-08T01:05:31Z
2026-09-23,cepina,0.0,0.0,288,288,2026-10-08T01:05:31Z
2026-09-24,cepina,0.2,0.4,288,288,2026-10-08T01:05:31Z
2026-09-25,cepina,0.0,0.0,288,288,2026-10-08T01:05:31Z
2026-09-26,cepina,0.0,0.0,288,288,2026-10-08T01:05:31Z
2026-09-27,cepina,0.0,0.0,288,288,2026-10-08T01:05:31Z
2026-09-28,cepina,0.0,0.0,288,288,2026-10-08T01:05:31Z
2026-09-29,cepina,0.0,0.0,288,288,2026-10-08T01:05:31Z
2026-09-30,cepina,0.0,0.0,288,288,2026-10-08T01:05:31Z
2026-10-01,cepina,0.0,0.0,288,288,2026-10-08T01:05:31Z
2026-10-02,cepina,0.0,0.0,288,288,2026-10-08T01:05:31Z
2026-10-03,cepina,0.0,0.0,288,288,2026-10-08T01:05:31Z
2026-10-04,cepina,0.0,0.0,288,288,2026-10-08T01:05:31Z
2026-10-05,cepina,3.8,7.7,288,288,2026-10-08T01:05:31Z
2026-10-06,cepina,11.1,16.5,288,288,2026-10-08T01:05:31Z
2026-10-07,cepina,0.5,0.9,288,288,2026-10-08T01:05:31Z
2026-10-08,cepina,0.1,0.2,12,14,2026-10-08T01:05:31Z
