timestamp_utc,area_name,max_mmh,mean_mmh,pixel_count,nodata_pct,ring_max_mmh,ring_wet5_pct,ring_nodata_pct,status,file,fetched_at_utc
2026-10-06T04:25:00Z,panna,,,23,100,,,100,nodata,rzc262790425vl.001.h5,2026-10-06T07:21:06Z
2026-10-06T04:30:00Z,panna,,,23,100,,,100,nodata,rzc262790430vl.001.h5,2026-10-06T07:21:06Z
2026-10-06T04:35:00Z,panna,,,23,100,,,100,nodata,rzc262790435vl.001.h5,2026-10-06T07:21:06Z
2026-10-06T04:40:00Z,panna,,,23,100,,,100,nodata,rzc262790440vl.001.h5,2026-10-06T07:21:06Z
2026-10-06T04:45:00Z,panna,,,23,100,,,100,nodata,rzc262790445vl.001.h5,2026-10-06T07:21:06Z
2026-10-06T04:50:00Z,panna,,,23,100,,,100,nodata,rzc262790450vl.001.h5,2026-10-06T07:21:06Z
2026-10-06T04:55:00Z,panna,,,23,100,,,100,nodata,rzc262790455vl.001.h5,2026-10-06T07:21:06Z
2026-10-06T05:00:00Z,panna,,,23,100,,,100,nodata,rzc262790500vl.001.h5,2026-10-06T07:21:06Z
2026-10-06T05:05:00Z,panna,,,23,100,,,100,nodata,rzc262790505vl.001.h5,2026-10-06T07:21:06Z
2026-10-06T05:10:00Z,panna,,,23,100,,,100,nodata,rzc262790510vl.001.h5,2026-10-06T07:21:06Z
2026-10-06T05:15:00Z,panna,,,23,100,,,100,nodata,rzc262790515vl.001.h5,2026-10-06T07:21:06Z
2026-10-06T05:20:00Z,panna,,,23,100,,,100,nodata,rzc262790520vl.001.h5,2026-10-06T07:21:06Z
2026-10-06T05:25:00Z,panna,,,23,100,,,100,nodata,rzc262790525vl.001.h5,2026-10-06T07:21:06Z
2026-10-06T05:30:00Z,panna,,,23,100,,,100,nodata,rzc262790530vl.001.h5,2026-10-06T07:21:06Z
2026-10-06T05:35:00Z,panna,,,23,100,,,100,nodata,rzc262790535vl.001.h5,2026-10-06T07:21:06Z
2026-10-06T05:40:00Z,panna,,,23,100,,,100,nodata,rzc262790540vl.001.h5,2026-10-06T07:21:06Z
2026-10-06T05:45:00Z,panna,,,23,100,,,100,nodata,rzc262790545vl.001.h5,2026-10-06T07:21:06Z
2026-10-06T05:50:00Z,panna,,,23,100,,,100,nodata,rzc262790550vl.001.h5,2026-10-06T07:21:06Z
2026-10-06T05:55:00Z,panna,,,23,100,,,100,nodata,rzc262790555vl.001.h5,2026-10-06T07:21:06Z
2026-10-06T06:00:00Z,panna,,,23,100,,,100,nodata,rzc262790600vl.001.h5,2026-10-06T07:21:06Z
2026-10-06T06:05:00Z,panna,,,23,100,,,100,nodata,rzc262790605vl.001.h5,2026-10-06T07:21:06Z
2026-10-06T06:10:00Z,panna,,,23,100,,,100,nodata,rzc262790610vl.001.h5,2026-10-06T07:21:06Z
2026-10-06T06:15:00Z,panna,,,23,100,,,100,nodata,rzc262790615vl.001.h5,2026-10-06T07:21:06Z
2026-10-06T06:20:00Z,panna,,,23,100,,,100,nodata,rzc262790620vl.001.h5,2026-10-06T07:21:06Z
2026-10-06T06:25:00Z,panna,,,23,100,,,100,nodata,rzc262790625vl.001.h5,2026-10-06T07:21:06Z
2026-10-06T06:30:00Z,panna,,,23,100,,,100,nodata,rzc262790630vl.001.h5,2026-10-06T07:21:06Z
2026-10-06T06:35:00Z,panna,,,23,100,,,100,nodata,rzc262790635vl.001.h5,2026-10-06T07:21:06Z
2026-10-06T06:40:00Z,panna,,,23,100,,,100,nodata,rzc262790640vl.001.h5,2026-10-06T07:21:06Z
2026-10-06T06:45:00Z,panna,,,23,100,,,100,nodata,rzc262790645vl.001.h5,2026-10-06T07:21:06Z
2026-10-06T06:50:00Z,panna,,,23,100,,,100,nodata,rzc262790650vl.001.h5,2026-10-06T07:21:06Z
2026-10-06T06:55:00Z,panna,,,23,100,,,100,nodata,rzc262790655vl.001.h5,2026-10-06T07:31:11Z
2026-10-06T07:00:00Z,panna,,,23,100,,,100,nodata,rzc262790700vl.001.h5,2026-10-06T07:31:11Z
2026-10-06T07:05:00Z,panna,,,23,100,,,100,nodata,rzc262790705vl.001.h5,2026-10-06T07:31:11Z
2026-10-06T07:10:00Z,panna,,,23,100,,,100,nodata,rzc262790710vl.001.h5,2026-10-06T07:31:11Z
2026-10-06T07:15:00Z,panna,,,23,100,,,100,nodata,rzc262790715vl.001.h5,2026-10-06T07:31:11Z
2026-10-06T07:20:00Z,panna,,,23,100,,,100,nodata,rzc262790720vl.001.h5,2026-10-06T07:31:11Z
2026-10-06T07:25:00Z,panna,,,23,100,,,100,nodata,rzc262790725vl.001.h5,2026-10-06T07:31:11Z
2026-10-06T07:30:00Z,panna,,,23,100,,,100,nodata,rzc262790730vl.001.h5,2026-10-06T07:31:11Z
2026-10-06T07:35:00Z,panna,,,23,100,,,100,nodata,rzc262790735vl.001.h5,2026-10-06T07:41:11Z
2026-10-06T07:40:00Z,panna,,,23,100,,,100,nodata,rzc262790740vl.001.h5,2026-10-06T07:41:11Z
2026-10-06T07:45:00Z,panna,,,23,100,,,100,nodata,rzc262790745vl.001.h5,2026-10-06T07:51:10Z
2026-10-06T07:50:00Z,panna,,,23,100,,,100,nodata,rzc262790750vl.001.h5,2026-10-06T08:01:05Z
2026-10-06T07:55:00Z,panna,,,23,100,,,100,nodata,rzc262790755vl.001.h5,2026-10-06T08:01:05Z
2026-10-06T08:00:00Z,panna,,,23,100,,,100,nodata,rzc262790800vl.001.h5,2026-10-06T08:01:05Z
2026-10-06T08:05:00Z,panna,,,23,100,,,100,nodata,rzc262790805vl.001.h5,2026-10-06T08:11:12Z
2026-10-06T08:10:00Z,panna,,,23,100,,,100,nodata,rzc262790810vl.001.h5,2026-10-06T08:11:12Z
2026-10-06T08:15:00Z,panna,,,23,100,,,100,nodata,rzc262790815vl.001.h5,2026-10-06T08:21:10Z
2026-10-06T08:20:00Z,panna,,,23,100,,,100,nodata,rzc262790820vl.001.h5,2026-10-06T08:21:10Z
2026-10-06T08:25:00Z,panna,,,23,100,,,100,nodata,rzc262790825vl.001.h5,2026-10-06T08:31:08Z
2026-10-06T08:30:00Z,panna,,,23,100,,,100,nodata,rzc262790830vl.001.h5,2026-10-06T08:31:08Z
2026-10-06T08:35:00Z,panna,,,23,100,,,100,nodata,rzc262790835vl.001.h5,2026-10-06T08:41:11Z
2026-10-06T08:40:00Z,panna,,,23,100,,,100,nodata,rzc262790840vl.001.h5,2026-10-06T08:41:11Z
2026-10-06T08:45:00Z,panna,,,23,100,,,100,nodata,rzc262790845vl.001.h5,2026-10-06T08:51:08Z
2026-10-06T08:50:00Z,panna,,,23,100,,,100,nodata,rzc262790850vl.001.h5,2026-10-06T08:51:08Z
2026-10-06T08:55:00Z,panna,,,23,100,,,100,nodata,rzc262790855vl.001.h5,2026-10-06T09:01:15Z
2026-10-06T09:00:00Z,panna,,,23,100,,,100,nodata,rzc262790900vl.001.h5,2026-10-06T09:01:15Z
2026-10-06T09:05:00Z,panna,,,23,100,,,100,nodata,rzc262790905vl.001.h5,2026-10-06T09:11:15Z
2026-10-06T09:10:00Z,panna,,,23,100,,,100,nodata,rzc262790910vl.001.h5,2026-10-06T09:11:15Z
2026-10-06T09:15:00Z,panna,,,23,100,,,100,nodata,rzc262790915vl.001.h5,2026-10-06T09:21:20Z
2026-10-06T09:20:00Z,panna,,,23,100,,,100,nodata,rzc262790920vl.001.h5,2026-10-06T09:21:20Z
2026-10-06T09:25:00Z,panna,,,23,100,,,100,nodata,rzc262790925vl.001.h5,2026-10-06T09:31:51Z
2026-10-06T09:30:00Z,panna,,,23,100,,,100,nodata,rzc262790930vl.001.h5,2026-10-06T09:31:51Z
2026-10-06T09:35:00Z,panna,,,23,100,,,100,nodata,rzc262790935vl.001.h5,2026-10-06T09:41:15Z
2026-10-06T09:40:00Z,panna,,,23,100,,,100,nodata,rzc262790940vl.001.h5,2026-10-06T09:41:15Z
2026-10-06T09:45:00Z,panna,,,23,100,,,100,nodata,rzc262790945vl.001.h5,2026-10-06T09:51:20Z
2026-10-06T09:50:00Z,panna,,,23,100,,,100,nodata,rzc262790950vl.001.h5,2026-10-06T10:01:11Z
2026-10-06T09:55:00Z,panna,,,23,100,,,100,nodata,rzc262790955vl.001.h5,2026-10-06T10:01:11Z
2026-10-06T10:00:00Z,panna,,,23,100,,,100,nodata,rzc262791000vl.001.h5,2026-10-06T10:01:11Z
2026-10-06T10:05:00Z,panna,,,23,100,,,100,nodata,rzc262791005rl.001.h5,2026-10-06T10:11:10Z
2026-10-06T10:10:00Z,panna,,,23,100,,,100,nodata,rzc262791010rl.001.h5,2026-10-06T10:21:13Z
2026-10-06T10:15:00Z,panna,,,23,100,,,100,nodata,rzc262791015rl.001.h5,2026-10-06T10:21:13Z
2026-10-06T10:20:00Z,panna,,,23,100,,,100,nodata,rzc262791020rl.001.h5,2026-10-06T10:31:17Z
2026-10-06T10:25:00Z,panna,,,23,100,,,100,nodata,rzc262791025rl.001.h5,2026-10-06T10:31:17Z
2026-10-06T10:30:00Z,panna,,,23,100,,,100,nodata,rzc262791030rl.001.h5,2026-10-06T10:41:19Z
2026-10-06T10:35:00Z,panna,,,23,100,,,100,nodata,rzc262791035rl.001.h5,2026-10-06T10:41:19Z
2026-10-06T10:40:00Z,panna,,,23,100,,,100,nodata,rzc262791040rl.001.h5,2026-10-06T10:51:11Z
2026-10-06T10:45:00Z,panna,,,23,100,,,100,nodata,rzc262791045rl.001.h5,2026-10-06T10:51:11Z
2026-10-06T10:50:00Z,panna,,,23,100,,,100,nodata,rzc262791050rl.001.h5,2026-10-06T11:01:07Z
2026-10-06T10:55:00Z,panna,,,23,100,,,100,nodata,rzc262791055rl.001.h5,2026-10-06T11:01:07Z
2026-10-06T11:00:00Z,panna,,,23,100,,,100,nodata,rzc262791100rl.001.h5,2026-10-06T11:11:11Z
2026-10-06T11:05:00Z,panna,,,23,100,,,100,nodata,rzc262791105rl.001.h5,2026-10-06T11:11:11Z
2026-10-06T11:10:00Z,panna,,,23,100,,,100,nodata,rzc262791110rl.001.h5,2026-10-06T11:21:15Z
2026-10-06T11:15:00Z,panna,,,23,100,,,100,nodata,rzc262791115rl.001.h5,2026-10-06T11:21:15Z
2026-10-06T11:20:00Z,panna,,,23,100,,,100,nodata,rzc262791120rl.001.h5,2026-10-06T11:31:11Z
2026-10-06T11:25:00Z,panna,,,23,100,,,100,nodata,rzc262791125rl.001.h5,2026-10-06T11:31:11Z
2026-10-06T11:30:00Z,panna,,,23,100,,,100,nodata,rzc262791130rl.001.h5,2026-10-06T11:41:04Z
2026-10-06T11:35:00Z,panna,,,23,100,,,100,nodata,rzc262791135rl.001.h5,2026-10-06T11:41:04Z
2026-10-06T11:40:00Z,panna,,,23,100,,,100,nodata,rzc262791140rl.001.h5,2026-10-06T11:51:09Z
2026-10-06T11:45:00Z,panna,,,23,100,,,100,nodata,rzc262791145rl.001.h5,2026-10-06T11:51:09Z
2026-10-06T11:50:00Z,panna,,,23,100,,,100,nodata,rzc262791150rl.001.h5,2026-10-06T12:01:25Z
2026-10-06T11:55:00Z,panna,,,23,100,,,100,nodata,rzc262791155rl.001.h5,2026-10-06T12:01:25Z
2026-10-06T12:00:00Z,panna,,,23,100,,,100,nodata,rzc262791200rl.001.h5,2026-10-06T12:11:15Z
2026-10-06T12:05:00Z,panna,,,23,100,,,100,nodata,rzc262791205rl.001.h5,2026-10-06T12:11:15Z
2026-10-06T12:10:00Z,panna,,,23,100,,,100,nodata,rzc262791210rl.001.h5,2026-10-06T12:21:18Z
2026-10-06T12:15:00Z,panna,,,23,100,,,100,nodata,rzc262791215rl.001.h5,2026-10-06T12:21:18Z
2026-10-06T12:20:00Z,panna,,,23,100,,,100,nodata,rzc262791220rl.001.h5,2026-10-06T12:31:22Z
2026-10-06T12:25:00Z,panna,,,23,100,,,100,nodata,rzc262791225rl.001.h5,2026-10-06T12:31:22Z
2026-10-06T12:30:00Z,panna,,,23,100,,,100,nodata,rzc262791230rl.001.h5,2026-10-06T12:41:13Z
2026-10-06T12:35:00Z,panna,,,23,100,,,100,nodata,rzc262791235rl.001.h5,2026-10-06T12:41:13Z
2026-10-06T12:40:00Z,panna,,,23,100,,,100,nodata,rzc262791240rl.001.h5,2026-10-06T12:51:16Z
2026-10-06T12:45:00Z,panna,,,23,100,,,100,nodata,rzc262791245rl.001.h5,2026-10-06T12:51:16Z
2026-10-06T12:50:00Z,panna,,,23,100,,,100,nodata,rzc262791250rl.001.h5,2026-10-06T13:01:15Z
2026-10-06T12:55:00Z,panna,,,23,100,,,100,nodata,rzc262791255rl.001.h5,2026-10-06T13:01:15Z
2026-10-06T13:00:00Z,panna,,,23,100,,,100,nodata,rzc262791300rl.001.h5,2026-10-06T13:11:10Z
2026-10-06T13:05:00Z,panna,,,23,100,,,100,nodata,rzc262791305rl.001.h5,2026-10-06T13:11:10Z
2026-10-06T13:10:00Z,panna,,,23,100,,,100,nodata,rzc262791310rl.001.h5,2026-10-06T13:21:19Z
2026-10-06T13:15:00Z,panna,,,23,100,,,100,nodata,rzc262791315rl.001.h5,2026-10-06T13:21:19Z
2026-10-06T13:20:00Z,panna,,,23,100,,,100,nodata,rzc262791320rl.001.h5,2026-10-06T13:31:16Z
2026-10-06T13:25:00Z,panna,,,23,100,,,100,nodata,rzc262791325rl.001.h5,2026-10-06T13:31:16Z
2026-10-06T13:30:00Z,panna,,,23,100,,,100,nodata,rzc262791330rl.001.h5,2026-10-06T13:41:11Z
2026-10-06T13:35:00Z,panna,,,23,100,,,100,nodata,rzc262791335rl.001.h5,2026-10-06T13:41:11Z
2026-10-06T13:40:00Z,panna,,,23,100,,,100,nodata,rzc262791340rl.001.h5,2026-10-06T13:51:45Z
2026-10-06T13:45:00Z,panna,,,23,100,,,100,nodata,rzc262791345rl.001.h5,2026-10-06T13:51:45Z
2026-10-06T13:50:00Z,panna,,,23,100,,,100,nodata,rzc262791350rl.001.h5,2026-10-06T14:01:22Z
2026-10-06T13:55:00Z,panna,,,23,100,,,100,nodata,rzc262791355rl.001.h5,2026-10-06T14:01:22Z
2026-10-06T14:00:00Z,panna,,,23,100,,,100,nodata,rzc262791400rl.001.h5,2026-10-06T14:11:16Z
2026-10-06T14:05:00Z,panna,,,23,100,,,100,nodata,rzc262791405rl.001.h5,2026-10-06T14:11:16Z
2026-10-06T14:10:00Z,panna,,,23,100,,,100,nodata,rzc262791410rl.001.h5,2026-10-06T14:21:07Z
2026-10-06T14:15:00Z,panna,,,23,100,,,100,nodata,rzc262791415rl.001.h5,2026-10-06T14:21:07Z
2026-10-06T14:20:00Z,panna,,,23,100,,,100,nodata,rzc262791420rl.001.h5,2026-10-06T14:31:12Z
2026-10-06T14:25:00Z,panna,,,23,100,,,100,nodata,rzc262791425rl.001.h5,2026-10-06T14:31:12Z
2026-10-06T14:30:00Z,panna,,,23,100,,,100,nodata,rzc262791430rl.001.h5,2026-10-06T14:41:22Z
2026-10-06T14:35:00Z,panna,,,23,100,,,100,nodata,rzc262791435rl.001.h5,2026-10-06T14:41:22Z
2026-10-06T14:40:00Z,panna,,,23,100,,,100,nodata,rzc262791440rl.001.h5,2026-10-06T14:51:10Z
2026-10-06T14:45:00Z,panna,,,23,100,,,100,nodata,rzc262791445rl.001.h5,2026-10-06T14:51:10Z
2026-10-06T14:50:00Z,panna,,,23,100,,,100,nodata,rzc262791450rl.001.h5,2026-10-06T15:01:23Z
2026-10-06T14:55:00Z,panna,,,23,100,,,100,nodata,rzc262791455rl.001.h5,2026-10-06T15:01:23Z
2026-10-06T15:00:00Z,panna,,,23,100,,,100,nodata,rzc262791500rl.001.h5,2026-10-06T15:11:21Z
2026-10-06T15:05:00Z,panna,,,23,100,,,100,nodata,rzc262791505rl.001.h5,2026-10-06T15:11:21Z
2026-10-06T15:10:00Z,panna,,,23,100,,,100,nodata,rzc262791510rl.001.h5,2026-10-06T15:21:46Z
2026-10-06T15:15:00Z,panna,,,23,100,,,100,nodata,rzc262791515rl.001.h5,2026-10-06T15:21:46Z
2026-10-06T15:20:00Z,panna,,,23,100,,,100,nodata,rzc262791520rl.001.h5,2026-10-06T15:31:09Z
2026-10-06T15:25:00Z,panna,,,23,100,,,100,nodata,rzc262791525rl.001.h5,2026-10-06T15:31:09Z
2026-10-06T15:30:00Z,panna,,,23,100,,,100,nodata,rzc262791530rl.001.h5,2026-10-06T15:41:14Z
2026-10-06T15:35:00Z,panna,,,23,100,,,100,nodata,rzc262791535rl.001.h5,2026-10-06T15:41:14Z
2026-10-06T15:40:00Z,panna,,,23,100,,,100,nodata,rzc262791540rl.001.h5,2026-10-06T15:51:28Z
2026-10-06T15:45:00Z,panna,,,23,100,,,100,nodata,rzc262791545rl.001.h5,2026-10-06T15:51:28Z
2026-10-06T15:50:00Z,panna,,,23,100,,,100,nodata,rzc262791550rl.001.h5,2026-10-06T16:01:29Z
2026-10-06T15:55:00Z,panna,,,23,100,,,100,nodata,rzc262791555rl.001.h5,2026-10-06T16:01:29Z
2026-10-06T16:00:00Z,panna,,,23,100,,,100,nodata,rzc262791600rl.001.h5,2026-10-06T16:11:07Z
2026-10-06T16:05:00Z,panna,,,23,100,,,100,nodata,rzc262791605rl.001.h5,2026-10-06T16:11:07Z
