timestamp_utc,area_name,ring_km,max_mmh,mean_mmh,wet5_pct,max_dist_km,max_bearing_deg,pixel_count,status,fetched_at_utc
2026-10-05T15:20:00Z,panna,10,0.49,0.009,0.0,10.6,121,508,ok,2026-10-05T15:36:09Z
2026-10-05T15:25:00Z,panna,10,0.48,0.007,0.0,10.5,198,508,ok,2026-10-05T15:36:09Z
2026-10-05T15:30:00Z,panna,10,0.51,0.019,0.0,8.7,179,508,ok,2026-10-05T15:46:11Z
2026-10-05T15:35:00Z,panna,10,0.38,0.014,0.0,8.8,152,508,ok,2026-10-05T15:46:11Z
2026-10-05T15:40:00Z,panna,10,0.54,0.005,0.0,10.6,121,508,ok,2026-10-05T15:56:10Z
2026-10-05T15:45:00Z,panna,10,0.00,0.000,0.0,,,508,ok,2026-10-05T15:56:10Z
2026-10-05T15:50:00Z,panna,10,0.00,0.000,0.0,,,508,ok,2026-10-05T16:06:09Z
2026-10-05T15:55:00Z,panna,10,0.00,0.000,0.0,,,508,ok,2026-10-05T16:06:09Z
2026-10-05T16:00:00Z,panna,10,0.00,0.000,0.0,,,508,ok,2026-10-05T16:16:04Z
2026-10-05T16:05:00Z,panna,10,0.00,0.000,0.0,,,508,ok,2026-10-05T16:16:04Z
2026-10-05T16:10:00Z,panna,10,0.00,0.000,0.0,,,508,ok,2026-10-05T16:26:03Z
2026-10-05T16:15:00Z,panna,10,0.00,0.000,0.0,,,508,ok,2026-10-05T16:26:03Z
2026-10-05T16:20:00Z,panna,10,0.00,0.000,0.0,,,508,ok,2026-10-05T16:36:12Z
2026-10-05T16:25:00Z,panna,10,0.00,0.000,0.0,,,508,ok,2026-10-05T16:36:12Z
2026-10-05T16:30:00Z,panna,10,0.00,0.000,0.0,,,508,ok,2026-10-05T16:46:12Z
2026-10-05T16:35:00Z,panna,10,0.00,0.000,0.0,,,508,ok,2026-10-05T16:46:12Z
