timestamp_utc,area_name,max_mmh,mean_mmh,pixel_count,status,fetched_at_utc
2026-10-05T06:25:00Z,ruspino,0.34,0.148,21,ok,2026-10-05T12:36:00Z
2026-10-05T06:30:00Z,ruspino,0.48,0.313,21,ok,2026-10-05T12:36:00Z
2026-10-05T06:35:00Z,ruspino,0.90,0.291,21,ok,2026-10-05T12:36:00Z
2026-10-05T06:40:00Z,ruspino,0.90,0.287,21,ok,2026-10-05T12:36:00Z
2026-10-05T06:45:00Z,ruspino,0.20,0.113,21,ok,2026-10-05T12:36:00Z
2026-10-05T06:50:00Z,ruspino,0.13,0.046,21,ok,2026-10-05T12:36:00Z
2026-10-05T06:55:00Z,ruspino,0.36,0.085,21,ok,2026-10-05T12:36:00Z
2026-10-05T07:00:00Z,ruspino,0.87,0.301,21,ok,2026-10-05T12:36:00Z
2026-10-05T07:05:00Z,ruspino,0.96,0.567,21,ok,2026-10-05T12:36:00Z
2026-10-05T07:10:00Z,ruspino,1.16,0.847,21,ok,2026-10-05T12:36:00Z
2026-10-05T07:15:00Z,ruspino,1.16,0.820,21,ok,2026-10-05T12:36:00Z
2026-10-05T07:20:00Z,ruspino,0.90,0.537,21,ok,2026-10-05T12:36:00Z
2026-10-05T07:25:00Z,ruspino,0.07,0.010,21,ok,2026-10-05T12:36:00Z
2026-10-05T07:30:00Z,ruspino,0.00,0.000,21,ok,2026-10-05T12:36:00Z
2026-10-05T07:35:00Z,ruspino,0.00,0.000,21,ok,2026-10-05T12:36:00Z
2026-10-05T07:40:00Z,ruspino,0.00,0.000,21,ok,2026-10-05T12:36:00Z
2026-10-05T07:45:00Z,ruspino,0.00,0.000,21,ok,2026-10-05T12:36:00Z
2026-10-05T07:50:00Z,ruspino,0.00,0.000,21,ok,2026-10-05T12:36:00Z
2026-10-05T07:55:00Z,ruspino,0.00,0.000,21,ok,2026-10-05T12:36:00Z
2026-10-05T08:00:00Z,ruspino,0.00,0.000,21,ok,2026-10-05T12:36:00Z
2026-10-05T08:05:00Z,ruspino,0.00,0.000,21,ok,2026-10-05T12:36:00Z
2026-10-05T08:10:00Z,ruspino,0.00,0.000,21,ok,2026-10-05T12:36:00Z
2026-10-05T08:15:00Z,ruspino,0.00,0.000,21,ok,2026-10-05T12:36:00Z
2026-10-05T08:20:00Z,ruspino,0.00,0.000,21,ok,2026-10-05T12:36:00Z
2026-10-05T08:25:00Z,ruspino,0.00,0.000,21,ok,2026-10-05T12:36:00Z
2026-10-05T08:30:00Z,ruspino,0.00,0.000,21,ok,2026-10-05T12:36:00Z
2026-10-05T08:35:00Z,ruspino,0.00,0.000,21,ok,2026-10-05T12:36:00Z
2026-10-05T08:40:00Z,ruspino,0.00,0.000,21,ok,2026-10-05T12:36:00Z
2026-10-05T08:45:00Z,ruspino,0.00,0.000,21,ok,2026-10-05T12:36:00Z
2026-10-05T08:50:00Z,ruspino,0.00,0.000,21,ok,2026-10-05T12:36:00Z
2026-10-05T08:55:00Z,ruspino,0.00,0.000,21,ok,2026-10-05T12:36:00Z
2026-10-05T09:00:00Z,ruspino,0.00,0.000,21,ok,2026-10-05T12:36:00Z
2026-10-05T09:05:00Z,ruspino,0.00,0.000,21,ok,2026-10-05T12:36:00Z
2026-10-05T09:10:00Z,ruspino,0.00,0.000,21,ok,2026-10-05T12:36:00Z
2026-10-05T09:15:00Z,ruspino,0.00,0.000,21,ok,2026-10-05T12:36:00Z
2026-10-05T09:20:00Z,ruspino,0.00,0.000,21,ok,2026-10-05T12:36:00Z
2026-10-05T09:25:00Z,ruspino,0.00,0.000,21,ok,2026-10-05T12:46:09Z
2026-10-05T09:30:00Z,ruspino,0.00,0.000,21,ok,2026-10-05T12:46:09Z
2026-10-05T09:35:00Z,ruspino,0.00,0.000,21,ok,2026-10-05T12:46:09Z
2026-10-05T09:40:00Z,ruspino,0.00,0.000,21,ok,2026-10-05T12:46:09Z
2026-10-05T09:45:00Z,ruspino,0.00,0.000,21,ok,2026-10-05T12:46:09Z
2026-10-05T09:50:00Z,ruspino,0.00,0.000,21,ok,2026-10-05T12:46:09Z
2026-10-05T09:55:00Z,ruspino,0.00,0.000,21,ok,2026-10-05T12:46:09Z
2026-10-05T10:00:00Z,ruspino,0.00,0.000,21,ok,2026-10-05T12:46:09Z
2026-10-05T10:05:00Z,ruspino,0.00,0.000,21,ok,2026-10-05T12:46:09Z
2026-10-05T10:10:00Z,ruspino,0.00,0.000,21,ok,2026-10-05T12:46:09Z
2026-10-05T10:15:00Z,ruspino,0.00,0.000,21,ok,2026-10-05T12:46:09Z
2026-10-05T10:20:00Z,ruspino,0.00,0.000,21,ok,2026-10-05T12:46:09Z
2026-10-05T10:25:00Z,ruspino,0.00,0.000,21,ok,2026-10-05T12:46:09Z
2026-10-05T10:30:00Z,ruspino,0.00,0.000,21,ok,2026-10-05T12:46:09Z
2026-10-05T10:35:00Z,ruspino,0.00,0.000,21,ok,2026-10-05T12:46:09Z
2026-10-05T10:40:00Z,ruspino,0.00,0.000,21,ok,2026-10-05T12:46:09Z
2026-10-05T10:45:00Z,ruspino,0.00,0.000,21,ok,2026-10-05T12:46:09Z
2026-10-05T10:50:00Z,ruspino,0.00,0.000,21,ok,2026-10-05T12:46:09Z
2026-10-05T10:55:00Z,ruspino,0.00,0.000,21,ok,2026-10-05T12:46:09Z
2026-10-05T11:00:00Z,ruspino,0.00,0.000,21,ok,2026-10-05T12:46:09Z
2026-10-05T11:05:00Z,ruspino,0.00,0.000,21,ok,2026-10-05T12:46:09Z
2026-10-05T11:10:00Z,ruspino,0.00,0.000,21,ok,2026-10-05T12:46:09Z
2026-10-05T11:15:00Z,ruspino,0.00,0.000,21,ok,2026-10-05T12:46:09Z
2026-10-05T11:20:00Z,ruspino,0.00,0.000,21,ok,2026-10-05T12:46:09Z
2026-10-05T11:25:00Z,ruspino,0.00,0.000,21,ok,2026-10-05T12:46:09Z
2026-10-05T11:30:00Z,ruspino,0.00,0.000,21,ok,2026-10-05T12:46:09Z
2026-10-05T11:35:00Z,ruspino,0.00,0.000,21,ok,2026-10-05T12:46:09Z
2026-10-05T11:40:00Z,ruspino,0.00,0.000,21,ok,2026-10-05T12:46:09Z
2026-10-05T11:45:00Z,ruspino,0.00,0.000,21,ok,2026-10-05T12:46:09Z
2026-10-05T11:50:00Z,ruspino,0.00,0.000,21,ok,2026-10-05T12:46:09Z
2026-10-05T11:55:00Z,ruspino,0.00,0.000,21,ok,2026-10-05T12:46:09Z
2026-10-05T12:00:00Z,ruspino,0.00,0.000,21,ok,2026-10-05T12:46:09Z
2026-10-05T12:05:00Z,ruspino,0.00,0.000,21,ok,2026-10-05T12:46:09Z
2026-10-05T12:10:00Z,ruspino,0.00,0.000,21,ok,2026-10-05T12:46:09Z
2026-10-05T12:15:00Z,ruspino,0.00,0.000,21,ok,2026-10-05T12:46:09Z
2026-10-05T12:20:00Z,ruspino,0.00,0.000,21,ok,2026-10-05T12:46:09Z
2026-10-05T12:25:00Z,ruspino,0.00,0.000,21,ok,2026-10-05T12:56:03Z
2026-10-05T12:30:00Z,ruspino,0.00,0.000,21,ok,2026-10-05T12:56:03Z
2026-10-05T12:35:00Z,ruspino,0.00,0.000,21,ok,2026-10-05T12:56:03Z
2026-10-05T12:40:00Z,ruspino,0.00,0.000,21,ok,2026-10-05T12:56:03Z
2026-10-05T12:45:00Z,ruspino,0.00,0.000,21,ok,2026-10-05T12:56:03Z
2026-10-05T12:50:00Z,ruspino,0.00,0.000,21,ok,2026-10-05T13:06:10Z
2026-10-05T12:55:00Z,ruspino,0.00,0.000,21,ok,2026-10-05T13:06:10Z
2026-10-05T13:00:00Z,ruspino,0.00,0.000,21,ok,2026-10-05T13:16:11Z
2026-10-05T13:05:00Z,ruspino,0.00,0.000,21,ok,2026-10-05T13:16:11Z
2026-10-05T13:10:00Z,ruspino,0.00,0.000,21,ok,2026-10-05T13:26:08Z
2026-10-05T13:15:00Z,ruspino,0.00,0.000,21,ok,2026-10-05T13:26:08Z
2026-10-05T13:20:00Z,ruspino,0.00,0.000,21,ok,2026-10-05T13:36:05Z
2026-10-05T13:25:00Z,ruspino,0.00,0.000,21,ok,2026-10-05T13:36:05Z
2026-10-05T13:30:00Z,ruspino,0.00,0.000,21,ok,2026-10-05T13:46:13Z
2026-10-05T13:35:00Z,ruspino,0.00,0.000,21,ok,2026-10-05T13:46:13Z
2026-10-05T13:40:00Z,ruspino,0.00,0.000,21,ok,2026-10-05T13:56:36Z
2026-10-05T13:45:00Z,ruspino,0.00,0.000,21,ok,2026-10-05T13:56:36Z
2026-10-05T13:50:00Z,ruspino,0.00,0.000,21,ok,2026-10-05T14:06:12Z
2026-10-05T13:55:00Z,ruspino,0.00,0.000,21,ok,2026-10-05T14:06:12Z
2026-10-05T14:00:00Z,ruspino,0.00,0.000,21,ok,2026-10-05T14:16:11Z
2026-10-05T14:05:00Z,ruspino,0.00,0.000,21,ok,2026-10-05T14:16:11Z
2026-10-05T14:10:00Z,ruspino,0.00,0.000,21,ok,2026-10-05T14:26:13Z
2026-10-05T14:15:00Z,ruspino,0.00,0.000,21,ok,2026-10-05T14:26:13Z
2026-10-05T14:20:00Z,ruspino,0.00,0.000,21,ok,2026-10-05T14:36:06Z
2026-10-05T14:25:00Z,ruspino,0.00,0.000,21,ok,2026-10-05T14:36:06Z
2026-10-05T14:30:00Z,ruspino,0.00,0.000,21,ok,2026-10-05T14:46:10Z
2026-10-05T14:35:00Z,ruspino,0.00,0.000,21,ok,2026-10-05T14:46:10Z
2026-10-05T14:40:00Z,ruspino,0.00,0.000,21,ok,2026-10-05T14:55:58Z
2026-10-05T14:45:00Z,ruspino,0.00,0.000,21,ok,2026-10-05T14:55:58Z
2026-10-05T14:55:00Z,ruspino,0.00,0.000,21,ok,2026-10-05T15:05:58Z
2026-10-05T15:00:00Z,ruspino,0.00,0.000,21,ok,2026-10-05T15:16:06Z
2026-10-05T15:05:00Z,ruspino,0.00,0.000,21,ok,2026-10-05T15:16:06Z
2026-10-05T15:10:00Z,ruspino,0.00,0.000,21,ok,2026-10-05T15:26:06Z
2026-10-05T15:15:00Z,ruspino,0.14,0.027,21,ok,2026-10-05T15:26:06Z
2026-10-05T15:20:00Z,ruspino,0.01,0.001,21,ok,2026-10-05T15:36:09Z
2026-10-05T15:25:00Z,ruspino,0.01,0.000,21,ok,2026-10-05T15:36:09Z
2026-10-05T15:30:00Z,ruspino,0.00,0.000,21,ok,2026-10-05T15:46:11Z
2026-10-05T15:35:00Z,ruspino,0.00,0.000,21,ok,2026-10-05T15:46:11Z
2026-10-05T15:40:00Z,ruspino,0.00,0.000,21,ok,2026-10-05T15:56:10Z
2026-10-05T15:45:00Z,ruspino,0.00,0.000,21,ok,2026-10-05T15:56:10Z
2026-10-05T15:50:00Z,ruspino,0.00,0.000,21,ok,2026-10-05T16:06:09Z
2026-10-05T15:55:00Z,ruspino,0.00,0.000,21,ok,2026-10-05T16:06:09Z
2026-10-05T16:00:00Z,ruspino,0.00,0.000,21,ok,2026-10-05T16:16:04Z
2026-10-05T16:05:00Z,ruspino,0.00,0.000,21,ok,2026-10-05T16:16:04Z
2026-10-05T16:10:00Z,ruspino,0.00,0.000,21,ok,2026-10-05T16:26:03Z
2026-10-05T16:15:00Z,ruspino,0.00,0.000,21,ok,2026-10-05T16:26:03Z
2026-10-05T16:20:00Z,ruspino,0.00,0.000,21,ok,2026-10-05T16:36:12Z
2026-10-05T16:25:00Z,ruspino,0.00,0.000,21,ok,2026-10-05T16:36:12Z
