timestamp_utc,area_name,max_mmh,mean_mmh,pixel_count,status,fetched_at_utc
2026-10-05T06:25:00Z,scarperia,0.00,0.000,21,ok,2026-10-05T12:36:00Z
2026-10-05T06:30:00Z,scarperia,0.00,0.000,21,ok,2026-10-05T12:36:00Z
2026-10-05T06:35:00Z,scarperia,0.00,0.000,21,ok,2026-10-05T12:36:00Z
2026-10-05T06:40:00Z,scarperia,0.00,0.000,21,ok,2026-10-05T12:36:00Z
2026-10-05T06:45:00Z,scarperia,0.00,0.000,21,ok,2026-10-05T12:36:00Z
2026-10-05T06:50:00Z,scarperia,0.00,0.000,21,ok,2026-10-05T12:36:00Z
2026-10-05T06:55:00Z,scarperia,0.00,0.000,21,ok,2026-10-05T12:36:00Z
2026-10-05T07:00:00Z,scarperia,0.00,0.000,21,ok,2026-10-05T12:36:00Z
2026-10-05T07:05:00Z,scarperia,0.00,0.000,21,ok,2026-10-05T12:36:00Z
2026-10-05T07:10:00Z,scarperia,0.00,0.000,21,ok,2026-10-05T12:36:00Z
2026-10-05T07:15:00Z,scarperia,0.00,0.000,21,ok,2026-10-05T12:36:00Z
2026-10-05T07:20:00Z,scarperia,0.00,0.000,21,ok,2026-10-05T12:36:00Z
2026-10-05T07:25:00Z,scarperia,0.00,0.000,21,ok,2026-10-05T12:36:00Z
2026-10-05T07:30:00Z,scarperia,0.00,0.000,21,ok,2026-10-05T12:36:00Z
2026-10-05T07:35:00Z,scarperia,0.00,0.000,21,ok,2026-10-05T12:36:00Z
2026-10-05T07:40:00Z,scarperia,0.00,0.000,21,ok,2026-10-05T12:36:00Z
2026-10-05T07:45:00Z,scarperia,0.00,0.000,21,ok,2026-10-05T12:36:00Z
2026-10-05T07:50:00Z,scarperia,0.00,0.000,21,ok,2026-10-05T12:36:00Z
2026-10-05T07:55:00Z,scarperia,0.00,0.000,21,ok,2026-10-05T12:36:00Z
2026-10-05T08:00:00Z,scarperia,0.00,0.000,21,ok,2026-10-05T12:36:00Z
2026-10-05T08:05:00Z,scarperia,0.00,0.000,21,ok,2026-10-05T12:36:00Z
2026-10-05T08:10:00Z,scarperia,0.00,0.000,21,ok,2026-10-05T12:36:00Z
2026-10-05T08:15:00Z,scarperia,0.00,0.000,21,ok,2026-10-05T12:36:00Z
2026-10-05T08:20:00Z,scarperia,0.00,0.000,21,ok,2026-10-05T12:36:00Z
2026-10-05T08:25:00Z,scarperia,0.00,0.000,21,ok,2026-10-05T12:36:00Z
2026-10-05T08:30:00Z,scarperia,0.00,0.000,21,ok,2026-10-05T12:36:00Z
2026-10-05T08:35:00Z,scarperia,0.00,0.000,21,ok,2026-10-05T12:36:00Z
2026-10-05T08:40:00Z,scarperia,0.00,0.000,21,ok,2026-10-05T12:36:00Z
2026-10-05T08:45:00Z,scarperia,0.00,0.000,21,ok,2026-10-05T12:36:00Z
2026-10-05T08:50:00Z,scarperia,0.00,0.000,21,ok,2026-10-05T12:36:00Z
2026-10-05T08:55:00Z,scarperia,0.00,0.000,21,ok,2026-10-05T12:36:00Z
2026-10-05T09:00:00Z,scarperia,0.00,0.000,21,ok,2026-10-05T12:36:00Z
2026-10-05T09:05:00Z,scarperia,0.00,0.000,21,ok,2026-10-05T12:36:00Z
2026-10-05T09:10:00Z,scarperia,0.83,0.599,21,ok,2026-10-05T12:36:00Z
2026-10-05T09:15:00Z,scarperia,0.78,0.545,21,ok,2026-10-05T12:36:00Z
2026-10-05T09:20:00Z,scarperia,0.70,0.479,21,ok,2026-10-05T12:36:00Z
2026-10-05T09:25:00Z,scarperia,1.02,0.709,21,ok,2026-10-05T12:46:09Z
2026-10-05T09:30:00Z,scarperia,0.85,0.622,21,ok,2026-10-05T12:46:09Z
2026-10-05T09:35:00Z,scarperia,0.78,0.593,21,ok,2026-10-05T12:46:09Z
2026-10-05T09:40:00Z,scarperia,0.70,0.587,21,ok,2026-10-05T12:46:09Z
2026-10-05T09:45:00Z,scarperia,0.78,0.629,21,ok,2026-10-05T12:46:09Z
2026-10-05T09:50:00Z,scarperia,0.78,0.605,21,ok,2026-10-05T12:46:09Z
2026-10-05T09:55:00Z,scarperia,0.78,0.658,21,ok,2026-10-05T12:46:09Z
2026-10-05T10:00:00Z,scarperia,0.74,0.602,21,ok,2026-10-05T12:46:09Z
2026-10-05T10:05:00Z,scarperia,0.69,0.552,21,ok,2026-10-05T12:46:09Z
2026-10-05T10:10:00Z,scarperia,0.70,0.554,21,ok,2026-10-05T12:46:09Z
2026-10-05T10:15:00Z,scarperia,0.78,0.662,21,ok,2026-10-05T12:46:09Z
2026-10-05T10:20:00Z,scarperia,0.89,0.633,21,ok,2026-10-05T12:46:09Z
2026-10-05T10:25:00Z,scarperia,0.78,0.596,21,ok,2026-10-05T12:46:09Z
2026-10-05T10:30:00Z,scarperia,1.00,0.731,21,ok,2026-10-05T12:46:09Z
2026-10-05T10:35:00Z,scarperia,0.75,0.496,21,ok,2026-10-05T12:46:09Z
2026-10-05T10:40:00Z,scarperia,0.57,0.296,21,ok,2026-10-05T12:46:09Z
2026-10-05T10:45:00Z,scarperia,0.00,0.000,21,ok,2026-10-05T12:46:09Z
2026-10-05T10:50:00Z,scarperia,0.00,0.000,21,ok,2026-10-05T12:46:09Z
2026-10-05T10:55:00Z,scarperia,0.00,0.000,21,ok,2026-10-05T12:46:09Z
2026-10-05T11:00:00Z,scarperia,0.44,0.021,21,ok,2026-10-05T12:46:09Z
2026-10-05T11:05:00Z,scarperia,0.77,0.249,21,ok,2026-10-05T12:46:09Z
2026-10-05T11:10:00Z,scarperia,0.79,0.378,21,ok,2026-10-05T12:46:09Z
2026-10-05T11:15:00Z,scarperia,0.82,0.408,21,ok,2026-10-05T12:46:09Z
2026-10-05T11:20:00Z,scarperia,0.79,0.624,21,ok,2026-10-05T12:46:09Z
2026-10-05T11:25:00Z,scarperia,0.74,0.646,21,ok,2026-10-05T12:46:09Z
2026-10-05T11:30:00Z,scarperia,0.69,0.126,21,ok,2026-10-05T12:46:09Z
2026-10-05T11:35:00Z,scarperia,0.00,0.000,21,ok,2026-10-05T12:46:09Z
2026-10-05T11:40:00Z,scarperia,0.00,0.000,21,ok,2026-10-05T12:46:09Z
2026-10-05T11:45:00Z,scarperia,0.00,0.000,21,ok,2026-10-05T12:46:09Z
2026-10-05T11:50:00Z,scarperia,0.47,0.085,21,ok,2026-10-05T12:46:09Z
2026-10-05T11:55:00Z,scarperia,0.37,0.104,21,ok,2026-10-05T12:46:09Z
2026-10-05T12:00:00Z,scarperia,0.00,0.000,21,ok,2026-10-05T12:46:09Z
2026-10-05T12:05:00Z,scarperia,0.00,0.000,21,ok,2026-10-05T12:46:09Z
2026-10-05T12:10:00Z,scarperia,0.00,0.000,21,ok,2026-10-05T12:46:09Z
2026-10-05T12:15:00Z,scarperia,0.00,0.000,21,ok,2026-10-05T12:46:09Z
2026-10-05T12:20:00Z,scarperia,0.00,0.000,21,ok,2026-10-05T12:46:09Z
2026-10-05T12:25:00Z,scarperia,0.00,0.000,21,ok,2026-10-05T12:56:03Z
2026-10-05T12:30:00Z,scarperia,0.00,0.000,21,ok,2026-10-05T12:56:03Z
2026-10-05T12:35:00Z,scarperia,0.00,0.000,21,ok,2026-10-05T12:56:03Z
2026-10-05T12:40:00Z,scarperia,0.00,0.000,21,ok,2026-10-05T12:56:03Z
2026-10-05T12:45:00Z,scarperia,0.00,0.000,21,ok,2026-10-05T12:56:03Z
2026-10-05T12:50:00Z,scarperia,0.00,0.000,21,ok,2026-10-05T13:06:10Z
2026-10-05T12:55:00Z,scarperia,0.00,0.000,21,ok,2026-10-05T13:06:10Z
2026-10-05T13:00:00Z,scarperia,0.00,0.000,21,ok,2026-10-05T13:16:11Z
2026-10-05T13:05:00Z,scarperia,0.00,0.000,21,ok,2026-10-05T13:16:11Z
2026-10-05T13:10:00Z,scarperia,0.00,0.000,21,ok,2026-10-05T13:26:08Z
2026-10-05T13:15:00Z,scarperia,0.00,0.000,21,ok,2026-10-05T13:26:08Z
2026-10-05T13:20:00Z,scarperia,0.00,0.000,21,ok,2026-10-05T13:36:05Z
2026-10-05T13:25:00Z,scarperia,0.00,0.000,21,ok,2026-10-05T13:36:05Z
2026-10-05T13:30:00Z,scarperia,0.44,0.021,21,ok,2026-10-05T13:46:13Z
2026-10-05T13:35:00Z,scarperia,0.00,0.000,21,ok,2026-10-05T13:46:13Z
2026-10-05T13:40:00Z,scarperia,0.00,0.000,21,ok,2026-10-05T13:56:36Z
2026-10-05T13:45:00Z,scarperia,0.51,0.049,21,ok,2026-10-05T13:56:36Z
2026-10-05T13:50:00Z,scarperia,0.00,0.000,21,ok,2026-10-05T14:06:12Z
2026-10-05T13:55:00Z,scarperia,0.00,0.000,21,ok,2026-10-05T14:06:12Z
2026-10-05T14:00:00Z,scarperia,0.00,0.000,21,ok,2026-10-05T14:16:11Z
2026-10-05T14:05:00Z,scarperia,0.00,0.000,21,ok,2026-10-05T14:16:11Z
2026-10-05T14:10:00Z,scarperia,0.00,0.000,21,ok,2026-10-05T14:26:13Z
2026-10-05T14:15:00Z,scarperia,0.00,0.000,21,ok,2026-10-05T14:26:13Z
2026-10-05T14:20:00Z,scarperia,0.00,0.000,21,ok,2026-10-05T14:36:06Z
2026-10-05T14:25:00Z,scarperia,0.00,0.000,21,ok,2026-10-05T14:36:06Z
2026-10-05T14:30:00Z,scarperia,0.00,0.000,21,ok,2026-10-05T14:46:10Z
2026-10-05T14:35:00Z,scarperia,0.00,0.000,21,ok,2026-10-05T14:46:10Z
2026-10-05T14:40:00Z,scarperia,0.00,0.000,21,ok,2026-10-05T14:55:58Z
2026-10-05T14:45:00Z,scarperia,0.00,0.000,21,ok,2026-10-05T14:55:58Z
2026-10-05T14:55:00Z,scarperia,0.00,0.000,21,ok,2026-10-05T15:05:58Z
2026-10-05T15:00:00Z,scarperia,0.00,0.000,21,ok,2026-10-05T15:16:06Z
2026-10-05T15:05:00Z,scarperia,0.00,0.000,21,ok,2026-10-05T15:16:06Z
2026-10-05T15:10:00Z,scarperia,0.00,0.000,21,ok,2026-10-05T15:26:06Z
2026-10-05T15:15:00Z,scarperia,0.00,0.000,21,ok,2026-10-05T15:26:06Z
2026-10-05T15:20:00Z,scarperia,0.00,0.000,21,ok,2026-10-05T15:36:09Z
2026-10-05T15:25:00Z,scarperia,0.00,0.000,21,ok,2026-10-05T15:36:09Z
2026-10-05T15:30:00Z,scarperia,0.00,0.000,21,ok,2026-10-05T15:46:11Z
2026-10-05T15:35:00Z,scarperia,0.00,0.000,21,ok,2026-10-05T15:46:11Z
2026-10-05T15:40:00Z,scarperia,0.00,0.000,21,ok,2026-10-05T15:56:10Z
2026-10-05T15:45:00Z,scarperia,0.00,0.000,21,ok,2026-10-05T15:56:10Z
2026-10-05T15:50:00Z,scarperia,0.00,0.000,21,ok,2026-10-05T16:06:09Z
2026-10-05T15:55:00Z,scarperia,0.00,0.000,21,ok,2026-10-05T16:06:09Z
2026-10-05T16:00:00Z,scarperia,0.00,0.000,21,ok,2026-10-05T16:16:04Z
2026-10-05T16:05:00Z,scarperia,0.00,0.000,21,ok,2026-10-05T16:16:04Z
2026-10-05T16:10:00Z,scarperia,0.00,0.000,21,ok,2026-10-05T16:26:03Z
2026-10-05T16:15:00Z,scarperia,0.00,0.000,21,ok,2026-10-05T16:26:03Z
2026-10-05T16:20:00Z,scarperia,0.00,0.000,21,ok,2026-10-05T16:36:12Z
2026-10-05T16:25:00Z,scarperia,0.00,0.000,21,ok,2026-10-05T16:36:12Z
2026-10-05T16:30:00Z,scarperia,0.00,0.000,21,ok,2026-10-05T16:46:12Z
2026-10-05T16:35:00Z,scarperia,0.00,0.000,21,ok,2026-10-05T16:46:12Z
2026-10-05T16:40:00Z,scarperia,0.00,0.000,21,ok,2026-10-05T16:56:02Z
2026-10-05T16:45:00Z,scarperia,0.00,0.000,21,ok,2026-10-05T16:56:02Z
2026-10-05T16:50:00Z,scarperia,0.00,0.000,21,ok,2026-10-05T17:06:01Z
2026-10-05T16:55:00Z,scarperia,0.00,0.000,21,ok,2026-10-05T17:06:01Z
2026-10-05T17:00:00Z,scarperia,0.00,0.000,21,ok,2026-10-05T17:16:01Z
2026-10-05T17:05:00Z,scarperia,0.00,0.000,21,ok,2026-10-05T17:16:01Z
2026-10-05T17:10:00Z,scarperia,0.00,0.000,21,ok,2026-10-05T17:26:12Z
2026-10-05T17:15:00Z,scarperia,0.00,0.000,21,ok,2026-10-05T17:26:12Z
2026-10-05T17:20:00Z,scarperia,0.00,0.000,21,ok,2026-10-05T17:36:14Z
2026-10-05T17:25:00Z,scarperia,0.00,0.000,21,ok,2026-10-05T17:36:14Z
2026-10-05T17:30:00Z,scarperia,0.00,0.000,21,ok,2026-10-05T17:46:13Z
2026-10-05T17:35:00Z,scarperia,0.00,0.000,21,ok,2026-10-05T17:46:13Z
2026-10-05T17:40:00Z,scarperia,0.00,0.000,21,ok,2026-10-05T17:56:08Z
2026-10-05T17:45:00Z,scarperia,0.00,0.000,21,ok,2026-10-05T17:56:08Z
2026-10-05T17:50:00Z,scarperia,0.00,0.000,21,ok,2026-10-05T18:06:10Z
2026-10-05T17:55:00Z,scarperia,0.00,0.000,21,ok,2026-10-05T18:06:10Z
2026-10-05T18:00:00Z,scarperia,0.00,0.000,21,ok,2026-10-05T18:16:07Z
2026-10-05T18:05:00Z,scarperia,0.00,0.000,21,ok,2026-10-05T18:16:07Z
2026-10-05T18:10:00Z,scarperia,0.00,0.000,21,ok,2026-10-05T18:25:57Z
2026-10-05T18:15:00Z,scarperia,0.00,0.000,21,ok,2026-10-05T18:25:57Z
2026-10-05T18:20:00Z,scarperia,0.00,0.000,21,ok,2026-10-05T18:36:04Z
2026-10-05T18:25:00Z,scarperia,0.00,0.000,21,ok,2026-10-05T18:36:04Z
2026-10-05T18:30:00Z,scarperia,0.00,0.000,21,ok,2026-10-05T18:46:06Z
2026-10-05T18:35:00Z,scarperia,0.00,0.000,21,ok,2026-10-05T18:46:06Z
2026-10-05T18:40:00Z,scarperia,0.00,0.000,21,ok,2026-10-05T18:50:46Z
2026-10-05T18:45:00Z,scarperia,0.00,0.000,21,ok,2026-10-05T19:04:56Z
2026-10-05T18:50:00Z,scarperia,0.00,0.000,21,ok,2026-10-05T19:04:56Z
2026-10-05T18:55:00Z,scarperia,0.00,0.000,21,ok,2026-10-05T19:04:56Z
2026-10-05T19:00:00Z,scarperia,0.00,0.000,21,ok,2026-10-05T19:11:24Z
2026-10-05T19:05:00Z,scarperia,0.00,0.000,21,ok,2026-10-05T19:21:06Z
2026-10-05T19:10:00Z,scarperia,0.00,0.000,21,ok,2026-10-05T19:21:06Z
2026-10-05T19:15:00Z,scarperia,0.00,0.000,21,ok,2026-10-05T19:31:37Z
2026-10-05T19:20:00Z,scarperia,0.00,0.000,21,ok,2026-10-05T19:31:37Z
2026-10-05T19:25:00Z,scarperia,0.00,0.000,21,ok,2026-10-05T20:21:43Z
2026-10-05T19:30:00Z,scarperia,0.00,0.000,21,ok,2026-10-05T20:21:43Z
2026-10-05T19:35:00Z,scarperia,0.00,0.000,21,ok,2026-10-05T20:21:43Z
2026-10-05T19:40:00Z,scarperia,0.00,0.000,21,ok,2026-10-05T20:21:43Z
2026-10-05T19:45:00Z,scarperia,0.00,0.000,21,ok,2026-10-05T20:21:43Z
2026-10-05T19:50:00Z,scarperia,0.00,0.000,21,ok,2026-10-05T20:21:43Z
2026-10-05T19:55:00Z,scarperia,0.00,0.000,21,ok,2026-10-05T20:21:43Z
2026-10-05T20:00:00Z,scarperia,0.00,0.000,21,ok,2026-10-05T20:21:43Z
2026-10-05T20:05:00Z,scarperia,0.00,0.000,21,ok,2026-10-05T20:21:43Z
2026-10-05T20:10:00Z,scarperia,0.00,0.000,21,ok,2026-10-05T20:21:43Z
2026-10-05T20:15:00Z,scarperia,0.00,0.000,21,ok,2026-10-05T20:56:22Z
2026-10-05T20:20:00Z,scarperia,0.00,0.000,21,ok,2026-10-05T20:56:22Z
2026-10-05T20:25:00Z,scarperia,0.00,0.000,21,ok,2026-10-05T20:56:22Z
2026-10-05T20:30:00Z,scarperia,0.00,0.000,21,ok,2026-10-05T20:56:22Z
2026-10-05T20:35:00Z,scarperia,0.00,0.000,21,ok,2026-10-05T20:56:22Z
2026-10-05T20:40:00Z,scarperia,0.00,0.000,21,ok,2026-10-05T20:56:22Z
2026-10-05T20:45:00Z,scarperia,0.00,0.000,21,ok,2026-10-05T20:56:22Z
2026-10-05T20:50:00Z,scarperia,0.00,0.000,21,ok,2026-10-05T21:13:44Z
2026-10-05T20:55:00Z,scarperia,0.00,0.000,21,ok,2026-10-05T21:13:44Z
2026-10-05T21:00:00Z,scarperia,0.00,0.000,21,ok,2026-10-05T21:13:44Z
2026-10-05T21:05:00Z,scarperia,0.00,0.000,21,ok,2026-10-05T21:13:44Z
2026-10-05T21:10:00Z,scarperia,0.00,0.000,21,ok,2026-10-05T21:21:31Z
2026-10-05T21:15:00Z,scarperia,0.00,0.000,21,ok,2026-10-05T21:31:12Z
2026-10-05T21:20:00Z,scarperia,0.00,0.000,21,ok,2026-10-05T21:31:12Z
2026-10-05T21:25:00Z,scarperia,0.00,0.000,21,ok,2026-10-05T21:41:15Z
2026-10-05T21:30:00Z,scarperia,0.00,0.000,21,ok,2026-10-05T21:41:15Z
2026-10-05T21:35:00Z,scarperia,0.00,0.000,21,ok,2026-10-05T21:51:03Z
2026-10-05T21:40:00Z,scarperia,0.00,0.000,21,ok,2026-10-05T21:51:03Z
2026-10-05T21:45:00Z,scarperia,0.00,0.000,21,ok,2026-10-05T22:00:55Z
2026-10-05T21:50:00Z,scarperia,0.00,0.000,21,ok,2026-10-05T22:00:55Z
2026-10-05T21:55:00Z,scarperia,0.00,0.000,21,ok,2026-10-05T22:11:03Z
2026-10-05T22:00:00Z,scarperia,0.00,0.000,21,ok,2026-10-05T22:11:03Z
2026-10-05T22:05:00Z,scarperia,0.00,0.000,21,ok,2026-10-05T22:21:02Z
2026-10-05T22:10:00Z,scarperia,0.00,0.000,21,ok,2026-10-05T22:21:02Z
2026-10-05T22:15:00Z,scarperia,0.00,0.000,21,ok,2026-10-05T22:30:56Z
2026-10-05T22:20:00Z,scarperia,0.00,0.000,21,ok,2026-10-05T22:30:56Z
2026-10-05T22:25:00Z,scarperia,0.00,0.000,21,ok,2026-10-05T22:41:05Z
2026-10-05T22:30:00Z,scarperia,0.00,0.000,21,ok,2026-10-05T22:41:05Z
2026-10-05T22:35:00Z,scarperia,0.00,0.000,21,ok,2026-10-05T22:51:06Z
2026-10-05T22:40:00Z,scarperia,0.00,0.000,21,ok,2026-10-05T22:51:06Z
2026-10-05T22:45:00Z,scarperia,0.00,0.000,21,ok,2026-10-05T23:01:08Z
2026-10-05T22:50:00Z,scarperia,0.00,0.000,21,ok,2026-10-05T23:01:08Z
2026-10-05T22:55:00Z,scarperia,0.00,0.000,21,ok,2026-10-05T23:11:07Z
2026-10-05T23:00:00Z,scarperia,0.00,0.000,21,ok,2026-10-05T23:11:07Z
2026-10-05T23:05:00Z,scarperia,0.00,0.000,21,ok,2026-10-05T23:21:13Z
2026-10-05T23:10:00Z,scarperia,0.00,0.000,21,ok,2026-10-05T23:21:13Z
2026-10-05T23:15:00Z,scarperia,0.00,0.000,21,ok,2026-10-05T23:30:55Z
2026-10-05T23:20:00Z,scarperia,0.00,0.000,21,ok,2026-10-05T23:30:55Z
2026-10-05T23:25:00Z,scarperia,0.00,0.000,21,ok,2026-10-05T23:40:58Z
2026-10-05T23:30:00Z,scarperia,0.00,0.000,21,ok,2026-10-05T23:40:58Z
2026-10-05T23:35:00Z,scarperia,0.00,0.000,21,ok,2026-10-05T23:50:59Z
2026-10-05T23:40:00Z,scarperia,0.00,0.000,21,ok,2026-10-05T23:50:59Z
2026-10-05T23:45:00Z,scarperia,0.00,0.000,21,ok,2026-10-06T00:01:05Z
2026-10-05T23:50:00Z,scarperia,0.00,0.000,21,ok,2026-10-06T00:01:05Z
2026-10-05T23:55:00Z,scarperia,0.00,0.000,21,ok,2026-10-06T00:11:00Z
2026-10-06T00:00:00Z,scarperia,0.00,0.000,21,ok,2026-10-06T00:11:00Z
2026-10-06T00:05:00Z,scarperia,0.00,0.000,21,ok,2026-10-06T00:21:08Z
2026-10-06T00:10:00Z,scarperia,0.00,0.000,21,ok,2026-10-06T00:21:08Z
2026-10-06T00:15:00Z,scarperia,0.00,0.000,21,ok,2026-10-06T00:29:29Z
2026-10-06T00:20:00Z,scarperia,0.00,0.000,21,ok,2026-10-06T00:29:29Z
2026-10-06T00:25:00Z,scarperia,0.00,0.000,21,ok,2026-10-06T00:41:08Z
2026-10-06T00:30:00Z,scarperia,0.00,0.000,21,ok,2026-10-06T00:41:08Z
2026-10-06T00:35:00Z,scarperia,0.00,0.000,21,ok,2026-10-06T00:51:01Z
2026-10-06T00:40:00Z,scarperia,0.00,0.000,21,ok,2026-10-06T00:51:01Z
2026-10-06T00:45:00Z,scarperia,0.00,0.000,21,ok,2026-10-06T01:01:02Z
2026-10-06T00:50:00Z,scarperia,0.00,0.000,21,ok,2026-10-06T01:01:02Z
2026-10-06T00:55:00Z,scarperia,0.00,0.000,21,ok,2026-10-06T01:11:03Z
2026-10-06T01:00:00Z,scarperia,0.00,0.000,21,ok,2026-10-06T01:11:03Z
2026-10-06T01:05:00Z,scarperia,0.00,0.000,21,ok,2026-10-06T01:20:59Z
2026-10-06T01:10:00Z,scarperia,0.00,0.000,21,ok,2026-10-06T01:20:59Z
2026-10-06T01:15:00Z,scarperia,0.00,0.000,21,ok,2026-10-06T01:31:09Z
2026-10-06T01:20:00Z,scarperia,0.00,0.000,21,ok,2026-10-06T01:31:09Z
2026-10-06T01:25:00Z,scarperia,0.00,0.000,21,ok,2026-10-06T01:40:58Z
2026-10-06T01:30:00Z,scarperia,0.00,0.000,21,ok,2026-10-06T01:40:58Z
2026-10-06T01:35:00Z,scarperia,0.00,0.000,21,ok,2026-10-06T01:51:00Z
2026-10-06T01:40:00Z,scarperia,0.00,0.000,21,ok,2026-10-06T01:51:00Z
2026-10-06T01:45:00Z,scarperia,0.00,0.000,21,ok,2026-10-06T02:00:58Z
2026-10-06T01:50:00Z,scarperia,0.00,0.000,21,ok,2026-10-06T02:00:58Z
2026-10-06T01:55:00Z,scarperia,0.00,0.000,21,ok,2026-10-06T02:10:56Z
2026-10-06T02:00:00Z,scarperia,0.00,0.000,21,ok,2026-10-06T02:10:56Z
2026-10-06T02:05:00Z,scarperia,0.00,0.000,21,ok,2026-10-06T02:21:07Z
2026-10-06T02:10:00Z,scarperia,0.00,0.000,21,ok,2026-10-06T02:21:07Z
2026-10-06T02:15:00Z,scarperia,0.00,0.000,21,ok,2026-10-06T02:31:04Z
2026-10-06T02:20:00Z,scarperia,0.00,0.000,21,ok,2026-10-06T02:31:04Z
2026-10-06T02:25:00Z,scarperia,0.00,0.000,21,ok,2026-10-06T02:41:01Z
2026-10-06T02:30:00Z,scarperia,0.00,0.000,21,ok,2026-10-06T02:41:01Z
2026-10-06T02:35:00Z,scarperia,0.00,0.000,21,ok,2026-10-06T02:50:56Z
2026-10-06T02:40:00Z,scarperia,0.00,0.000,21,ok,2026-10-06T02:50:56Z
2026-10-06T02:45:00Z,scarperia,0.00,0.000,21,ok,2026-10-06T03:01:22Z
2026-10-06T02:50:00Z,scarperia,0.00,0.000,21,ok,2026-10-06T03:01:22Z
2026-10-06T02:55:00Z,scarperia,0.00,0.000,21,ok,2026-10-06T03:10:57Z
2026-10-06T03:00:00Z,scarperia,0.00,0.000,21,ok,2026-10-06T03:10:57Z
2026-10-06T03:05:00Z,scarperia,0.00,0.000,21,ok,2026-10-06T03:21:07Z
2026-10-06T03:10:00Z,scarperia,0.00,0.000,21,ok,2026-10-06T03:21:07Z
2026-10-06T03:15:00Z,scarperia,0.00,0.000,21,ok,2026-10-06T03:31:01Z
2026-10-06T03:20:00Z,scarperia,0.00,0.000,21,ok,2026-10-06T03:31:01Z
2026-10-06T03:25:00Z,scarperia,0.00,0.000,21,ok,2026-10-06T03:41:08Z
2026-10-06T03:30:00Z,scarperia,0.00,0.000,21,ok,2026-10-06T03:41:08Z
2026-10-06T03:35:00Z,scarperia,0.00,0.000,21,ok,2026-10-06T03:51:06Z
2026-10-06T03:40:00Z,scarperia,0.00,0.000,21,ok,2026-10-06T03:51:06Z
2026-10-06T03:45:00Z,scarperia,0.00,0.000,21,ok,2026-10-06T04:00:58Z
2026-10-06T03:50:00Z,scarperia,0.00,0.000,21,ok,2026-10-06T04:00:58Z
2026-10-06T03:55:00Z,scarperia,0.00,0.000,21,ok,2026-10-06T04:11:16Z
2026-10-06T04:00:00Z,scarperia,0.00,0.000,21,ok,2026-10-06T04:11:16Z
2026-10-06T04:05:00Z,scarperia,0.00,0.000,21,ok,2026-10-06T04:20:59Z
2026-10-06T04:10:00Z,scarperia,0.00,0.000,21,ok,2026-10-06T04:20:59Z
2026-10-06T04:15:00Z,scarperia,0.00,0.000,21,ok,2026-10-06T04:31:02Z
2026-10-06T04:20:00Z,scarperia,0.00,0.000,21,ok,2026-10-06T04:31:02Z
2026-10-06T04:25:00Z,scarperia,0.00,0.000,21,ok,2026-10-06T04:41:07Z
2026-10-06T04:30:00Z,scarperia,0.00,0.000,21,ok,2026-10-06T04:41:07Z
2026-10-06T04:35:00Z,scarperia,0.00,0.000,21,ok,2026-10-06T04:51:10Z
2026-10-06T04:40:00Z,scarperia,0.00,0.000,21,ok,2026-10-06T04:51:10Z
2026-10-06T04:45:00Z,scarperia,0.00,0.000,21,ok,2026-10-06T05:01:08Z
2026-10-06T04:50:00Z,scarperia,0.00,0.000,21,ok,2026-10-06T05:01:08Z
2026-10-06T04:55:00Z,scarperia,0.00,0.000,21,ok,2026-10-06T05:11:05Z
2026-10-06T05:00:00Z,scarperia,0.00,0.000,21,ok,2026-10-06T05:11:05Z
2026-10-06T05:05:00Z,scarperia,0.00,0.000,21,ok,2026-10-06T05:21:01Z
2026-10-06T05:10:00Z,scarperia,0.00,0.000,21,ok,2026-10-06T05:21:01Z
2026-10-06T05:15:00Z,scarperia,0.00,0.000,21,ok,2026-10-06T05:31:05Z
2026-10-06T05:20:00Z,scarperia,0.00,0.000,21,ok,2026-10-06T05:31:05Z
2026-10-06T05:25:00Z,scarperia,0.00,0.000,21,ok,2026-10-06T05:41:01Z
2026-10-06T05:30:00Z,scarperia,0.00,0.000,21,ok,2026-10-06T05:41:01Z
2026-10-06T05:35:00Z,scarperia,0.00,0.000,21,ok,2026-10-06T05:51:02Z
2026-10-06T05:40:00Z,scarperia,0.00,0.000,21,ok,2026-10-06T05:51:02Z
2026-10-06T05:45:00Z,scarperia,0.00,0.000,21,ok,2026-10-06T06:01:06Z
2026-10-06T05:50:00Z,scarperia,0.00,0.000,21,ok,2026-10-06T06:01:06Z
2026-10-06T05:55:00Z,scarperia,0.00,0.000,21,ok,2026-10-06T06:10:54Z
2026-10-06T06:00:00Z,scarperia,0.00,0.000,21,ok,2026-10-06T06:10:54Z
2026-10-06T06:05:00Z,scarperia,0.00,0.000,21,ok,2026-10-06T06:21:02Z
2026-10-06T06:10:00Z,scarperia,0.00,0.000,21,ok,2026-10-06T06:21:02Z
2026-10-06T06:15:00Z,scarperia,0.00,0.000,21,ok,2026-10-06T06:31:12Z
2026-10-06T06:20:00Z,scarperia,0.00,0.000,21,ok,2026-10-06T06:31:12Z
2026-10-06T06:25:00Z,scarperia,0.00,0.000,21,ok,2026-10-06T06:40:58Z
2026-10-06T06:30:00Z,scarperia,0.00,0.000,21,ok,2026-10-06T06:40:58Z
2026-10-06T06:35:00Z,scarperia,0.00,0.000,21,ok,2026-10-06T06:48:10Z
2026-10-06T06:40:00Z,scarperia,0.00,0.000,21,ok,2026-10-06T06:48:10Z
2026-10-06T06:45:00Z,scarperia,0.00,0.000,21,ok,2026-10-06T07:01:31Z
2026-10-06T06:50:00Z,scarperia,0.00,0.000,21,ok,2026-10-06T07:01:31Z
2026-10-06T06:55:00Z,scarperia,0.00,0.000,21,ok,2026-10-06T07:11:09Z
2026-10-06T07:00:00Z,scarperia,0.00,0.000,21,ok,2026-10-06T07:11:09Z
2026-10-06T07:05:00Z,scarperia,0.00,0.000,21,ok,2026-10-06T07:21:00Z
2026-10-06T07:10:00Z,scarperia,0.00,0.000,21,ok,2026-10-06T07:21:00Z
2026-10-06T07:15:00Z,scarperia,0.00,0.000,21,ok,2026-10-06T07:31:05Z
2026-10-06T07:20:00Z,scarperia,0.00,0.000,21,ok,2026-10-06T07:31:05Z
2026-10-06T07:25:00Z,scarperia,0.00,0.000,21,ok,2026-10-06T07:41:06Z
2026-10-06T07:30:00Z,scarperia,0.00,0.000,21,ok,2026-10-06T07:41:06Z
2026-10-06T07:35:00Z,scarperia,0.00,0.000,21,ok,2026-10-06T07:51:04Z
2026-10-06T07:40:00Z,scarperia,0.00,0.000,21,ok,2026-10-06T07:51:04Z
2026-10-06T07:45:00Z,scarperia,0.00,0.000,21,ok,2026-10-06T08:00:59Z
2026-10-06T07:50:00Z,scarperia,0.00,0.000,21,ok,2026-10-06T08:00:59Z
2026-10-06T07:55:00Z,scarperia,0.00,0.000,21,ok,2026-10-06T08:11:04Z
2026-10-06T08:00:00Z,scarperia,0.00,0.000,21,ok,2026-10-06T08:11:04Z
2026-10-06T08:05:00Z,scarperia,0.00,0.000,21,ok,2026-10-06T08:21:02Z
2026-10-06T08:10:00Z,scarperia,0.00,0.000,21,ok,2026-10-06T08:21:02Z
2026-10-06T08:15:00Z,scarperia,0.00,0.000,21,ok,2026-10-06T08:31:01Z
2026-10-06T08:20:00Z,scarperia,0.00,0.000,21,ok,2026-10-06T08:31:01Z
2026-10-06T08:25:00Z,scarperia,0.00,0.000,21,ok,2026-10-06T08:41:05Z
2026-10-06T08:30:00Z,scarperia,0.00,0.000,21,ok,2026-10-06T08:41:05Z
2026-10-06T08:35:00Z,scarperia,0.00,0.000,21,ok,2026-10-06T08:51:01Z
2026-10-06T08:40:00Z,scarperia,0.00,0.000,21,ok,2026-10-06T08:51:01Z
2026-10-06T08:45:00Z,scarperia,0.00,0.000,21,ok,2026-10-06T09:01:09Z
2026-10-06T08:50:00Z,scarperia,0.00,0.000,21,ok,2026-10-06T09:01:09Z
2026-10-06T08:55:00Z,scarperia,0.00,0.000,21,ok,2026-10-06T09:11:09Z
2026-10-06T09:00:00Z,scarperia,0.00,0.000,21,ok,2026-10-06T09:11:09Z
2026-10-06T09:05:00Z,scarperia,0.00,0.000,21,ok,2026-10-06T09:21:13Z
2026-10-06T09:10:00Z,scarperia,0.00,0.000,21,ok,2026-10-06T09:21:13Z
2026-10-06T09:15:00Z,scarperia,0.00,0.000,21,ok,2026-10-06T09:31:44Z
2026-10-06T09:20:00Z,scarperia,0.00,0.000,21,ok,2026-10-06T09:31:44Z
2026-10-06T09:25:00Z,scarperia,0.00,0.000,21,ok,2026-10-06T09:41:08Z
2026-10-06T09:30:00Z,scarperia,0.00,0.000,21,ok,2026-10-06T09:41:08Z
2026-10-06T09:35:00Z,scarperia,0.00,0.000,21,ok,2026-10-06T09:51:13Z
2026-10-06T09:40:00Z,scarperia,0.00,0.000,21,ok,2026-10-06T09:51:13Z
2026-10-06T09:45:00Z,scarperia,0.00,0.000,21,ok,2026-10-06T10:01:04Z
2026-10-06T09:50:00Z,scarperia,0.00,0.000,21,ok,2026-10-06T10:01:04Z
2026-10-06T09:55:00Z,scarperia,0.00,0.000,21,ok,2026-10-06T10:11:04Z
2026-10-06T10:00:00Z,scarperia,0.00,0.000,21,ok,2026-10-06T10:11:04Z
2026-10-06T10:05:00Z,scarperia,0.00,0.000,21,ok,2026-10-06T10:21:07Z
2026-10-06T10:10:00Z,scarperia,0.00,0.000,21,ok,2026-10-06T10:21:07Z
2026-10-06T10:15:00Z,scarperia,0.00,0.000,21,ok,2026-10-06T10:31:09Z
2026-10-06T10:20:00Z,scarperia,0.00,0.000,21,ok,2026-10-06T10:31:09Z
2026-10-06T10:25:00Z,scarperia,0.00,0.000,21,ok,2026-10-06T10:41:12Z
2026-10-06T10:30:00Z,scarperia,0.00,0.000,21,ok,2026-10-06T10:41:12Z
2026-10-06T10:35:00Z,scarperia,0.00,0.000,21,ok,2026-10-06T10:51:03Z
2026-10-06T10:40:00Z,scarperia,0.00,0.000,21,ok,2026-10-06T10:51:03Z
2026-10-06T10:45:00Z,scarperia,0.00,0.000,21,ok,2026-10-06T11:01:01Z
2026-10-06T10:50:00Z,scarperia,0.00,0.000,21,ok,2026-10-06T11:01:01Z
2026-10-06T10:55:00Z,scarperia,0.00,0.000,21,ok,2026-10-06T11:11:06Z
2026-10-06T11:00:00Z,scarperia,0.00,0.000,21,ok,2026-10-06T11:11:06Z
2026-10-06T11:05:00Z,scarperia,0.00,0.000,21,ok,2026-10-06T11:21:08Z
2026-10-06T11:10:00Z,scarperia,0.00,0.000,21,ok,2026-10-06T11:21:08Z
2026-10-06T11:15:00Z,scarperia,0.00,0.000,21,ok,2026-10-06T11:31:04Z
2026-10-06T11:20:00Z,scarperia,0.00,0.000,21,ok,2026-10-06T11:31:04Z
2026-10-06T11:25:00Z,scarperia,0.00,0.000,21,ok,2026-10-06T11:40:58Z
2026-10-06T11:30:00Z,scarperia,0.00,0.000,21,ok,2026-10-06T11:40:58Z
2026-10-06T11:35:00Z,scarperia,0.00,0.000,21,ok,2026-10-06T11:51:01Z
2026-10-06T11:40:00Z,scarperia,0.00,0.000,21,ok,2026-10-06T11:51:01Z
2026-10-06T11:45:00Z,scarperia,0.56,0.026,21,ok,2026-10-06T12:01:18Z
2026-10-06T11:50:00Z,scarperia,0.00,0.000,21,ok,2026-10-06T12:01:18Z
2026-10-06T11:55:00Z,scarperia,0.23,0.011,21,ok,2026-10-06T12:11:09Z
2026-10-06T12:00:00Z,scarperia,0.69,0.127,21,ok,2026-10-06T12:11:09Z
2026-10-06T12:05:00Z,scarperia,1.22,0.380,21,ok,2026-10-06T12:21:11Z
2026-10-06T12:10:00Z,scarperia,2.91,0.975,21,ok,2026-10-06T12:21:11Z
2026-10-06T12:15:00Z,scarperia,4.96,1.870,21,ok,2026-10-06T12:31:13Z
2026-10-06T12:20:00Z,scarperia,4.94,2.586,21,ok,2026-10-06T12:31:13Z
2026-10-06T12:25:00Z,scarperia,5.31,3.038,21,ok,2026-10-06T12:41:06Z
2026-10-06T12:30:00Z,scarperia,3.56,2.070,21,ok,2026-10-06T12:41:06Z
2026-10-06T12:35:00Z,scarperia,3.01,1.706,21,ok,2026-10-06T12:51:10Z
2026-10-06T12:40:00Z,scarperia,3.08,1.688,21,ok,2026-10-06T12:51:10Z
2026-10-06T12:45:00Z,scarperia,4.53,2.022,21,ok,2026-10-06T13:01:10Z
2026-10-06T12:50:00Z,scarperia,3.98,1.941,21,ok,2026-10-06T13:01:10Z
2026-10-06T12:55:00Z,scarperia,3.74,1.856,21,ok,2026-10-06T13:11:04Z
2026-10-06T13:00:00Z,scarperia,3.05,1.409,21,ok,2026-10-06T13:11:04Z
2026-10-06T13:05:00Z,scarperia,2.85,0.995,21,ok,2026-10-06T13:21:13Z
2026-10-06T13:10:00Z,scarperia,2.47,0.672,21,ok,2026-10-06T13:21:13Z
2026-10-06T13:15:00Z,scarperia,2.05,0.361,21,ok,2026-10-06T13:31:10Z
2026-10-06T13:20:00Z,scarperia,1.01,0.137,21,ok,2026-10-06T13:31:10Z
2026-10-06T13:25:00Z,scarperia,0.00,0.000,21,ok,2026-10-06T13:41:06Z
2026-10-06T13:30:00Z,scarperia,0.00,0.000,21,ok,2026-10-06T13:41:06Z
2026-10-06T13:35:00Z,scarperia,0.00,0.000,21,ok,2026-10-06T13:51:39Z
2026-10-06T13:40:00Z,scarperia,0.00,0.000,21,ok,2026-10-06T13:51:39Z
2026-10-06T13:45:00Z,scarperia,0.00,0.000,21,ok,2026-10-06T14:01:16Z
2026-10-06T13:50:00Z,scarperia,0.00,0.000,21,ok,2026-10-06T14:01:16Z
2026-10-06T13:55:00Z,scarperia,0.00,0.000,21,ok,2026-10-06T14:11:09Z
2026-10-06T14:00:00Z,scarperia,0.00,0.000,21,ok,2026-10-06T14:11:09Z
2026-10-06T14:05:00Z,scarperia,0.00,0.000,21,ok,2026-10-06T14:21:01Z
2026-10-06T14:10:00Z,scarperia,0.00,0.000,21,ok,2026-10-06T14:21:01Z
2026-10-06T14:15:00Z,scarperia,0.00,0.000,21,ok,2026-10-06T14:31:06Z
2026-10-06T14:20:00Z,scarperia,0.00,0.000,21,ok,2026-10-06T14:31:06Z
2026-10-06T14:25:00Z,scarperia,0.00,0.000,21,ok,2026-10-06T14:41:14Z
2026-10-06T14:30:00Z,scarperia,0.00,0.000,21,ok,2026-10-06T14:41:14Z
2026-10-06T14:35:00Z,scarperia,0.25,0.021,21,ok,2026-10-06T14:51:04Z
2026-10-06T14:40:00Z,scarperia,0.42,0.097,21,ok,2026-10-06T14:51:04Z
2026-10-06T14:45:00Z,scarperia,0.71,0.160,21,ok,2026-10-06T15:01:17Z
2026-10-06T14:50:00Z,scarperia,0.89,0.205,21,ok,2026-10-06T15:01:17Z
2026-10-06T14:55:00Z,scarperia,0.66,0.089,21,ok,2026-10-06T15:11:15Z
2026-10-06T15:00:00Z,scarperia,0.20,0.010,21,ok,2026-10-06T15:11:15Z
2026-10-06T15:05:00Z,scarperia,0.00,0.000,21,ok,2026-10-06T15:21:41Z
2026-10-06T15:10:00Z,scarperia,0.00,0.000,21,ok,2026-10-06T15:21:41Z
2026-10-06T15:15:00Z,scarperia,0.00,0.000,21,ok,2026-10-06T15:31:03Z
2026-10-06T15:20:00Z,scarperia,0.00,0.000,21,ok,2026-10-06T15:31:03Z
2026-10-06T15:25:00Z,scarperia,0.00,0.000,21,ok,2026-10-06T15:41:08Z
2026-10-06T15:30:00Z,scarperia,0.00,0.000,21,ok,2026-10-06T15:41:08Z
2026-10-06T15:35:00Z,scarperia,0.00,0.000,21,ok,2026-10-06T15:51:21Z
2026-10-06T15:40:00Z,scarperia,0.00,0.000,21,ok,2026-10-06T15:51:21Z
2026-10-06T15:45:00Z,scarperia,0.00,0.000,21,ok,2026-10-06T16:01:24Z
2026-10-06T15:50:00Z,scarperia,0.00,0.000,21,ok,2026-10-06T16:01:24Z
2026-10-06T15:55:00Z,scarperia,0.00,0.000,21,ok,2026-10-06T16:11:01Z
2026-10-06T16:00:00Z,scarperia,0.00,0.000,21,ok,2026-10-06T16:11:01Z
2026-10-06T16:05:00Z,scarperia,0.00,0.000,21,ok,2026-10-06T16:29:13Z
2026-10-06T16:10:00Z,scarperia,0.00,0.000,21,ok,2026-10-06T16:29:13Z
2026-10-06T16:15:00Z,scarperia,0.00,0.000,21,ok,2026-10-06T16:29:13Z
2026-10-06T16:20:00Z,scarperia,0.00,0.000,21,ok,2026-10-06T16:29:13Z
2026-10-06T16:25:00Z,scarperia,0.00,0.000,21,ok,2026-10-06T16:41:05Z
2026-10-06T16:30:00Z,scarperia,0.00,0.000,21,ok,2026-10-06T16:41:05Z
2026-10-06T16:35:00Z,scarperia,0.00,0.000,21,ok,2026-10-06T16:51:17Z
2026-10-06T16:40:00Z,scarperia,0.00,0.000,21,ok,2026-10-06T16:51:17Z
2026-10-06T16:45:00Z,scarperia,0.00,0.000,21,ok,2026-10-06T17:01:41Z
2026-10-06T16:50:00Z,scarperia,0.00,0.000,21,ok,2026-10-06T17:01:41Z
2026-10-06T16:55:00Z,scarperia,0.00,0.000,21,ok,2026-10-06T17:11:09Z
2026-10-06T17:00:00Z,scarperia,0.00,0.000,21,ok,2026-10-06T17:11:09Z
2026-10-06T17:05:00Z,scarperia,0.00,0.000,21,ok,2026-10-06T17:21:06Z
2026-10-06T17:10:00Z,scarperia,0.00,0.000,21,ok,2026-10-06T17:21:06Z
2026-10-06T17:15:00Z,scarperia,0.00,0.000,21,ok,2026-10-06T17:30:59Z
2026-10-06T17:20:00Z,scarperia,0.00,0.000,21,ok,2026-10-06T17:30:59Z
2026-10-06T17:25:00Z,scarperia,0.00,0.000,21,ok,2026-10-06T17:41:15Z
2026-10-06T17:30:00Z,scarperia,0.00,0.000,21,ok,2026-10-06T17:41:15Z
2026-10-06T17:35:00Z,scarperia,0.00,0.000,21,ok,2026-10-06T17:50:58Z
2026-10-06T17:40:00Z,scarperia,0.00,0.000,21,ok,2026-10-06T17:50:58Z
2026-10-06T17:45:00Z,scarperia,0.00,0.000,21,ok,2026-10-06T18:01:11Z
2026-10-06T17:50:00Z,scarperia,0.00,0.000,21,ok,2026-10-06T18:01:11Z
2026-10-06T17:55:00Z,scarperia,0.00,0.000,21,ok,2026-10-06T18:11:22Z
2026-10-06T18:00:00Z,scarperia,0.00,0.000,21,ok,2026-10-06T18:11:22Z
2026-10-06T18:05:00Z,scarperia,0.00,0.000,21,ok,2026-10-06T18:21:09Z
2026-10-06T18:10:00Z,scarperia,0.00,0.000,21,ok,2026-10-06T18:21:09Z
2026-10-06T18:15:00Z,scarperia,0.00,0.000,21,ok,2026-10-06T18:31:09Z
2026-10-06T18:20:00Z,scarperia,0.00,0.000,21,ok,2026-10-06T18:31:09Z
2026-10-06T18:25:00Z,scarperia,0.00,0.000,21,ok,2026-10-06T18:41:04Z
2026-10-06T18:30:00Z,scarperia,0.00,0.000,21,ok,2026-10-06T18:41:04Z
2026-10-06T18:35:00Z,scarperia,0.00,0.000,21,ok,2026-10-06T18:51:17Z
2026-10-06T18:40:00Z,scarperia,0.00,0.000,21,ok,2026-10-06T18:51:17Z
2026-10-06T18:45:00Z,scarperia,0.00,0.000,21,ok,2026-10-06T19:01:13Z
2026-10-06T18:50:00Z,scarperia,0.00,0.000,21,ok,2026-10-06T19:01:13Z
2026-10-06T18:55:00Z,scarperia,0.00,0.000,21,ok,2026-10-06T19:06:55Z
2026-10-06T19:00:00Z,scarperia,0.00,0.000,21,ok,2026-10-06T19:16:02Z
2026-10-06T19:05:00Z,scarperia,0.00,0.000,21,ok,2026-10-06T19:16:02Z
2026-10-06T19:10:00Z,scarperia,0.00,0.000,21,ok,2026-10-06T19:26:16Z
2026-10-06T19:15:00Z,scarperia,0.00,0.000,21,ok,2026-10-06T19:26:16Z
2026-10-06T19:20:00Z,scarperia,0.00,0.000,21,ok,2026-10-06T19:36:07Z
2026-10-06T19:25:00Z,scarperia,0.00,0.000,21,ok,2026-10-06T19:36:07Z
2026-10-06T19:30:00Z,scarperia,0.00,0.000,21,ok,2026-10-06T19:51:04Z
2026-10-06T19:35:00Z,scarperia,0.00,0.000,21,ok,2026-10-06T19:51:04Z
2026-10-06T19:40:00Z,scarperia,0.00,0.000,21,ok,2026-10-06T19:51:04Z
2026-10-06T19:45:00Z,scarperia,0.00,0.000,21,ok,2026-10-06T20:01:08Z
2026-10-06T19:50:00Z,scarperia,0.00,0.000,21,ok,2026-10-06T20:01:08Z
2026-10-06T19:55:00Z,scarperia,0.00,0.000,21,ok,2026-10-06T20:10:57Z
2026-10-06T20:00:00Z,scarperia,0.00,0.000,21,ok,2026-10-06T20:10:57Z
2026-10-06T20:05:00Z,scarperia,0.00,0.000,21,ok,2026-10-06T20:21:12Z
2026-10-06T20:10:00Z,scarperia,0.00,0.000,21,ok,2026-10-06T20:21:12Z
2026-10-06T20:15:00Z,scarperia,0.00,0.000,21,ok,2026-10-06T20:31:01Z
2026-10-06T20:20:00Z,scarperia,0.00,0.000,21,ok,2026-10-06T20:31:01Z
2026-10-06T20:25:00Z,scarperia,0.00,0.000,21,ok,2026-10-06T20:41:14Z
2026-10-06T20:30:00Z,scarperia,0.00,0.000,21,ok,2026-10-06T20:41:14Z
2026-10-06T20:35:00Z,scarperia,0.00,0.000,21,ok,2026-10-06T20:51:05Z
2026-10-06T20:40:00Z,scarperia,0.00,0.000,21,ok,2026-10-06T20:51:05Z
2026-10-06T20:45:00Z,scarperia,0.00,0.000,21,ok,2026-10-06T21:00:58Z
2026-10-06T20:50:00Z,scarperia,0.00,0.000,21,ok,2026-10-06T21:00:58Z
2026-10-06T20:55:00Z,scarperia,0.00,0.000,21,ok,2026-10-06T21:11:03Z
2026-10-06T21:00:00Z,scarperia,0.00,0.000,21,ok,2026-10-06T21:11:03Z
2026-10-06T21:05:00Z,scarperia,0.00,0.000,21,ok,2026-10-06T21:21:08Z
2026-10-06T21:10:00Z,scarperia,0.00,0.000,21,ok,2026-10-06T21:21:08Z
2026-10-06T21:15:00Z,scarperia,0.00,0.000,21,ok,2026-10-06T21:31:08Z
2026-10-06T21:20:00Z,scarperia,0.00,0.000,21,ok,2026-10-06T21:31:08Z
2026-10-06T21:25:00Z,scarperia,0.00,0.000,21,ok,2026-10-06T21:40:58Z
2026-10-06T21:30:00Z,scarperia,0.00,0.000,21,ok,2026-10-06T21:40:58Z
2026-10-06T21:35:00Z,scarperia,0.00,0.000,21,ok,2026-10-06T21:51:02Z
2026-10-06T21:40:00Z,scarperia,0.00,0.000,21,ok,2026-10-06T21:51:02Z
2026-10-06T21:45:00Z,scarperia,0.00,0.000,21,ok,2026-10-06T22:01:03Z
2026-10-06T21:50:00Z,scarperia,0.00,0.000,21,ok,2026-10-06T22:01:03Z
2026-10-06T21:55:00Z,scarperia,0.00,0.000,21,ok,2026-10-06T22:11:10Z
2026-10-06T22:00:00Z,scarperia,0.00,0.000,21,ok,2026-10-06T22:11:10Z
2026-10-06T22:05:00Z,scarperia,0.00,0.000,21,ok,2026-10-06T22:21:09Z
2026-10-06T22:10:00Z,scarperia,0.00,0.000,21,ok,2026-10-06T22:21:09Z
2026-10-06T22:15:00Z,scarperia,0.00,0.000,21,ok,2026-10-06T22:30:57Z
2026-10-06T22:20:00Z,scarperia,0.00,0.000,21,ok,2026-10-06T22:30:57Z
2026-10-06T22:25:00Z,scarperia,0.00,0.000,21,ok,2026-10-06T22:41:00Z
2026-10-06T22:30:00Z,scarperia,0.00,0.000,21,ok,2026-10-06T22:41:00Z
2026-10-06T22:35:00Z,scarperia,0.00,0.000,21,ok,2026-10-06T22:50:58Z
2026-10-06T22:40:00Z,scarperia,0.00,0.000,21,ok,2026-10-06T22:50:58Z
2026-10-06T22:45:00Z,scarperia,0.00,0.000,21,ok,2026-10-06T23:01:02Z
2026-10-06T22:50:00Z,scarperia,0.00,0.000,21,ok,2026-10-06T23:01:02Z
2026-10-06T22:55:00Z,scarperia,0.00,0.000,21,ok,2026-10-06T23:03:24Z
2026-10-06T23:00:00Z,scarperia,0.00,0.000,21,ok,2026-10-06T23:16:01Z
2026-10-06T23:05:00Z,scarperia,0.00,0.000,21,ok,2026-10-06T23:16:01Z
2026-10-06T23:10:00Z,scarperia,0.00,0.000,21,ok,2026-10-06T23:26:04Z
2026-10-06T23:15:00Z,scarperia,0.00,0.000,21,ok,2026-10-06T23:26:04Z
2026-10-06T23:20:00Z,scarperia,0.00,0.000,21,ok,2026-10-06T23:36:07Z
2026-10-06T23:25:00Z,scarperia,0.00,0.000,21,ok,2026-10-06T23:36:07Z
2026-10-06T23:30:00Z,scarperia,0.00,0.000,21,ok,2026-10-06T23:45:58Z
2026-10-06T23:35:00Z,scarperia,0.00,0.000,21,ok,2026-10-06T23:45:58Z
2026-10-06T23:40:00Z,scarperia,0.00,0.000,21,ok,2026-10-06T23:56:07Z
2026-10-06T23:45:00Z,scarperia,0.00,0.000,21,ok,2026-10-06T23:56:07Z
2026-10-06T23:50:00Z,scarperia,0.00,0.000,21,ok,2026-10-07T00:06:00Z
2026-10-06T23:55:00Z,scarperia,0.00,0.000,21,ok,2026-10-07T00:06:00Z
2026-10-07T00:00:00Z,scarperia,0.00,0.000,21,ok,2026-10-07T00:15:57Z
2026-10-07T00:05:00Z,scarperia,0.00,0.000,21,ok,2026-10-07T00:15:57Z
2026-10-07T00:10:00Z,scarperia,0.00,0.000,21,ok,2026-10-07T00:26:36Z
2026-10-07T00:15:00Z,scarperia,0.00,0.000,21,ok,2026-10-07T00:26:36Z
2026-10-07T00:20:00Z,scarperia,0.00,0.000,21,ok,2026-10-07T00:43:41Z
2026-10-07T00:25:00Z,scarperia,0.00,0.000,21,ok,2026-10-07T00:43:41Z
2026-10-07T00:30:00Z,scarperia,0.00,0.000,21,ok,2026-10-07T00:43:41Z
2026-10-07T00:35:00Z,scarperia,0.00,0.000,21,ok,2026-10-07T00:43:41Z
2026-10-07T00:40:00Z,scarperia,0.00,0.000,21,ok,2026-10-07T00:56:12Z
2026-10-07T00:45:00Z,scarperia,0.00,0.000,21,ok,2026-10-07T00:56:12Z
2026-10-07T00:50:00Z,scarperia,0.00,0.000,21,ok,2026-10-07T01:06:11Z
2026-10-07T00:55:00Z,scarperia,0.00,0.000,21,ok,2026-10-07T01:06:11Z
2026-10-07T01:00:00Z,scarperia,0.00,0.000,21,ok,2026-10-07T01:15:59Z
2026-10-07T01:05:00Z,scarperia,0.00,0.000,21,ok,2026-10-07T01:15:59Z
2026-10-07T01:10:00Z,scarperia,0.00,0.000,21,ok,2026-10-07T01:26:03Z
2026-10-07T01:15:00Z,scarperia,0.00,0.000,21,ok,2026-10-07T01:26:03Z
2026-10-07T01:20:00Z,scarperia,0.00,0.000,21,ok,2026-10-07T01:36:04Z
2026-10-07T01:25:00Z,scarperia,0.00,0.000,21,ok,2026-10-07T01:36:04Z
2026-10-07T01:30:00Z,scarperia,0.00,0.000,21,ok,2026-10-07T01:46:08Z
2026-10-07T01:35:00Z,scarperia,0.00,0.000,21,ok,2026-10-07T01:46:08Z
2026-10-07T01:40:00Z,scarperia,0.00,0.000,21,ok,2026-10-07T01:56:01Z
2026-10-07T01:45:00Z,scarperia,0.00,0.000,21,ok,2026-10-07T01:56:01Z
2026-10-07T01:50:00Z,scarperia,0.00,0.000,21,ok,2026-10-07T02:05:57Z
2026-10-07T01:55:00Z,scarperia,0.00,0.000,21,ok,2026-10-07T02:05:57Z
2026-10-07T02:00:00Z,scarperia,0.00,0.000,21,ok,2026-10-07T02:16:05Z
2026-10-07T02:05:00Z,scarperia,0.00,0.000,21,ok,2026-10-07T02:16:05Z
2026-10-07T02:10:00Z,scarperia,0.00,0.000,21,ok,2026-10-07T02:18:56Z
2026-10-07T02:15:00Z,scarperia,0.00,0.000,21,ok,2026-10-07T02:31:03Z
2026-10-07T02:20:00Z,scarperia,0.00,0.000,21,ok,2026-10-07T02:31:03Z
2026-10-07T02:25:00Z,scarperia,0.00,0.000,21,ok,2026-10-07T02:41:02Z
2026-10-07T02:30:00Z,scarperia,0.00,0.000,21,ok,2026-10-07T02:41:02Z
2026-10-07T02:35:00Z,scarperia,0.00,0.000,21,ok,2026-10-07T02:51:04Z
2026-10-07T02:40:00Z,scarperia,0.00,0.000,21,ok,2026-10-07T02:51:04Z
2026-10-07T02:45:00Z,scarperia,0.00,0.000,21,ok,2026-10-07T03:01:02Z
2026-10-07T02:50:00Z,scarperia,0.00,0.000,21,ok,2026-10-07T03:01:02Z
2026-10-07T02:55:00Z,scarperia,0.00,0.000,21,ok,2026-10-07T03:11:05Z
2026-10-07T03:00:00Z,scarperia,0.00,0.000,21,ok,2026-10-07T03:11:05Z
2026-10-07T03:05:00Z,scarperia,0.00,0.000,21,ok,2026-10-07T03:21:03Z
2026-10-07T03:10:00Z,scarperia,0.00,0.000,21,ok,2026-10-07T03:21:03Z
2026-10-07T03:15:00Z,scarperia,0.00,0.000,21,ok,2026-10-07T03:31:11Z
2026-10-07T03:20:00Z,scarperia,0.00,0.000,21,ok,2026-10-07T03:31:11Z
2026-10-07T03:25:00Z,scarperia,0.00,0.000,21,ok,2026-10-07T03:40:54Z
2026-10-07T03:30:00Z,scarperia,0.00,0.000,21,ok,2026-10-07T03:40:54Z
2026-10-07T03:35:00Z,scarperia,0.00,0.000,21,ok,2026-10-07T03:50:57Z
2026-10-07T03:40:00Z,scarperia,0.00,0.000,21,ok,2026-10-07T03:50:57Z
2026-10-07T03:45:00Z,scarperia,0.00,0.000,21,ok,2026-10-07T04:01:02Z
2026-10-07T03:50:00Z,scarperia,0.00,0.000,21,ok,2026-10-07T04:01:02Z
2026-10-07T03:55:00Z,scarperia,0.00,0.000,21,ok,2026-10-07T04:11:01Z
2026-10-07T04:00:00Z,scarperia,0.00,0.000,21,ok,2026-10-07T04:11:01Z
2026-10-07T04:05:00Z,scarperia,0.00,0.000,21,ok,2026-10-07T04:21:07Z
2026-10-07T04:10:00Z,scarperia,0.00,0.000,21,ok,2026-10-07T04:21:07Z
2026-10-07T04:15:00Z,scarperia,0.00,0.000,21,ok,2026-10-07T04:31:03Z
2026-10-07T04:20:00Z,scarperia,0.00,0.000,21,ok,2026-10-07T04:31:03Z
2026-10-07T04:25:00Z,scarperia,0.00,0.000,21,ok,2026-10-07T04:40:57Z
2026-10-07T04:30:00Z,scarperia,0.00,0.000,21,ok,2026-10-07T04:40:57Z
2026-10-07T04:35:00Z,scarperia,0.00,0.000,21,ok,2026-10-07T04:51:02Z
2026-10-07T04:40:00Z,scarperia,0.00,0.000,21,ok,2026-10-07T04:51:02Z
2026-10-07T04:45:00Z,scarperia,0.00,0.000,21,ok,2026-10-07T05:01:19Z
2026-10-07T04:50:00Z,scarperia,0.00,0.000,21,ok,2026-10-07T05:01:19Z
2026-10-07T04:55:00Z,scarperia,0.00,0.000,21,ok,2026-10-07T05:11:01Z
2026-10-07T05:00:00Z,scarperia,0.00,0.000,21,ok,2026-10-07T05:11:01Z
2026-10-07T05:05:00Z,scarperia,0.00,0.000,21,ok,2026-10-07T05:21:14Z
2026-10-07T05:10:00Z,scarperia,0.00,0.000,21,ok,2026-10-07T05:21:14Z
2026-10-07T05:15:00Z,scarperia,0.00,0.000,21,ok,2026-10-07T05:31:16Z
2026-10-07T05:20:00Z,scarperia,0.00,0.000,21,ok,2026-10-07T05:31:16Z
2026-10-07T05:25:00Z,scarperia,0.00,0.000,21,ok,2026-10-07T05:41:16Z
2026-10-07T05:30:00Z,scarperia,0.00,0.000,21,ok,2026-10-07T05:41:16Z
2026-10-07T05:35:00Z,scarperia,0.00,0.000,21,ok,2026-10-07T05:51:03Z
2026-10-07T05:40:00Z,scarperia,0.00,0.000,21,ok,2026-10-07T05:51:03Z
2026-10-07T05:45:00Z,scarperia,0.00,0.000,21,ok,2026-10-07T06:01:35Z
2026-10-07T05:50:00Z,scarperia,0.00,0.000,21,ok,2026-10-07T06:01:35Z
2026-10-07T05:55:00Z,scarperia,0.00,0.000,21,ok,2026-10-07T06:11:07Z
2026-10-07T06:00:00Z,scarperia,0.00,0.000,21,ok,2026-10-07T06:11:07Z
2026-10-07T06:05:00Z,scarperia,0.00,0.000,21,ok,2026-10-07T06:21:05Z
2026-10-07T06:10:00Z,scarperia,0.00,0.000,21,ok,2026-10-07T06:21:05Z
2026-10-07T06:15:00Z,scarperia,0.00,0.000,21,ok,2026-10-07T06:31:08Z
2026-10-07T06:20:00Z,scarperia,0.00,0.000,21,ok,2026-10-07T06:31:08Z
2026-10-07T06:25:00Z,scarperia,0.00,0.000,21,ok,2026-10-07T06:41:07Z
2026-10-07T06:30:00Z,scarperia,0.00,0.000,21,ok,2026-10-07T06:41:07Z
2026-10-07T06:35:00Z,scarperia,0.00,0.000,21,ok,2026-10-07T06:51:14Z
2026-10-07T06:40:00Z,scarperia,0.00,0.000,21,ok,2026-10-07T06:51:14Z
2026-10-07T06:45:00Z,scarperia,0.00,0.000,21,ok,2026-10-07T07:01:27Z
2026-10-07T06:50:00Z,scarperia,0.00,0.000,21,ok,2026-10-07T07:01:27Z
2026-10-07T06:55:00Z,scarperia,0.00,0.000,21,ok,2026-10-07T07:11:08Z
2026-10-07T07:00:00Z,scarperia,0.00,0.000,21,ok,2026-10-07T07:11:08Z
2026-10-07T07:05:00Z,scarperia,0.00,0.000,21,ok,2026-10-07T07:21:06Z
2026-10-07T07:10:00Z,scarperia,0.00,0.000,21,ok,2026-10-07T07:21:06Z
2026-10-07T07:15:00Z,scarperia,0.00,0.000,21,ok,2026-10-07T07:31:02Z
2026-10-07T07:20:00Z,scarperia,0.00,0.000,21,ok,2026-10-07T07:31:02Z
2026-10-07T07:25:00Z,scarperia,0.00,0.000,21,ok,2026-10-07T07:41:09Z
2026-10-07T07:30:00Z,scarperia,0.00,0.000,21,ok,2026-10-07T07:41:09Z
2026-10-07T07:35:00Z,scarperia,0.00,0.000,21,ok,2026-10-07T07:51:10Z
2026-10-07T07:40:00Z,scarperia,0.00,0.000,21,ok,2026-10-07T07:51:10Z
2026-10-07T07:45:00Z,scarperia,0.00,0.000,21,ok,2026-10-07T08:01:02Z
2026-10-07T07:50:00Z,scarperia,0.00,0.000,21,ok,2026-10-07T08:01:02Z
2026-10-07T07:55:00Z,scarperia,0.00,0.000,21,ok,2026-10-07T08:11:17Z
2026-10-07T08:00:00Z,scarperia,0.00,0.000,21,ok,2026-10-07T08:11:17Z
2026-10-07T08:05:00Z,scarperia,0.00,0.000,21,ok,2026-10-07T08:21:07Z
2026-10-07T08:10:00Z,scarperia,0.00,0.000,21,ok,2026-10-07T08:21:07Z
2026-10-07T08:15:00Z,scarperia,0.00,0.000,21,ok,2026-10-07T08:31:33Z
2026-10-07T08:20:00Z,scarperia,0.00,0.000,21,ok,2026-10-07T08:31:33Z
2026-10-07T08:25:00Z,scarperia,0.00,0.000,21,ok,2026-10-07T08:41:15Z
2026-10-07T08:30:00Z,scarperia,0.00,0.000,21,ok,2026-10-07T08:41:15Z
2026-10-07T08:35:00Z,scarperia,0.00,0.000,21,ok,2026-10-07T08:51:14Z
2026-10-07T08:40:00Z,scarperia,0.00,0.000,21,ok,2026-10-07T08:51:14Z
2026-10-07T08:45:00Z,scarperia,0.00,0.000,21,ok,2026-10-07T08:56:12Z
2026-10-07T08:50:00Z,scarperia,0.00,0.000,21,ok,2026-10-07T09:06:03Z
2026-10-07T08:55:00Z,scarperia,0.00,0.000,21,ok,2026-10-07T09:06:03Z
2026-10-07T09:00:00Z,scarperia,0.00,0.000,21,ok,2026-10-07T09:16:14Z
2026-10-07T09:05:00Z,scarperia,0.00,0.000,21,ok,2026-10-07T09:16:14Z
2026-10-07T09:10:00Z,scarperia,0.00,0.000,21,ok,2026-10-07T09:26:09Z
2026-10-07T09:15:00Z,scarperia,0.00,0.000,21,ok,2026-10-07T09:26:09Z
2026-10-07T09:20:00Z,scarperia,0.00,0.000,21,ok,2026-10-07T09:36:22Z
2026-10-07T09:25:00Z,scarperia,0.00,0.000,21,ok,2026-10-07T09:36:22Z
2026-10-07T09:30:00Z,scarperia,0.00,0.000,21,ok,2026-10-07T09:46:14Z
2026-10-07T09:35:00Z,scarperia,0.00,0.000,21,ok,2026-10-07T09:46:14Z
2026-10-07T09:40:00Z,scarperia,0.00,0.000,21,ok,2026-10-07T09:56:09Z
2026-10-07T09:45:00Z,scarperia,0.00,0.000,21,ok,2026-10-07T09:56:09Z
2026-10-07T09:50:00Z,scarperia,0.00,0.000,21,ok,2026-10-07T10:06:16Z
2026-10-07T09:55:00Z,scarperia,0.00,0.000,21,ok,2026-10-07T10:06:16Z
2026-10-07T10:00:00Z,scarperia,0.00,0.000,21,ok,2026-10-07T10:16:11Z
2026-10-07T10:05:00Z,scarperia,0.00,0.000,21,ok,2026-10-07T10:16:11Z
2026-10-07T10:10:00Z,scarperia,0.00,0.000,21,ok,2026-10-07T10:26:12Z
2026-10-07T10:15:00Z,scarperia,0.00,0.000,21,ok,2026-10-07T10:26:12Z
2026-10-07T10:20:00Z,scarperia,0.00,0.000,21,ok,2026-10-07T10:36:11Z
2026-10-07T10:25:00Z,scarperia,0.00,0.000,21,ok,2026-10-07T10:36:11Z
2026-10-07T10:30:00Z,scarperia,0.00,0.000,21,ok,2026-10-07T10:46:06Z
2026-10-07T10:35:00Z,scarperia,0.00,0.000,21,ok,2026-10-07T10:46:06Z
2026-10-07T10:40:00Z,scarperia,0.00,0.000,21,ok,2026-10-07T10:56:19Z
2026-10-07T10:45:00Z,scarperia,0.00,0.000,21,ok,2026-10-07T10:56:19Z
2026-10-07T10:50:00Z,scarperia,0.00,0.000,21,ok,2026-10-07T11:06:10Z
2026-10-07T10:55:00Z,scarperia,0.00,0.000,21,ok,2026-10-07T11:06:10Z
2026-10-07T11:00:00Z,scarperia,0.00,0.000,21,ok,2026-10-07T11:16:11Z
2026-10-07T11:05:00Z,scarperia,0.00,0.000,21,ok,2026-10-07T11:16:11Z
2026-10-07T11:10:00Z,scarperia,0.99,0.318,21,ok,2026-10-07T11:26:15Z
2026-10-07T11:15:00Z,scarperia,0.52,0.241,21,ok,2026-10-07T11:26:15Z
2026-10-07T11:20:00Z,scarperia,0.22,0.040,21,ok,2026-10-07T11:36:06Z
2026-10-07T11:25:00Z,scarperia,0.00,0.000,21,ok,2026-10-07T11:36:06Z
2026-10-07T11:30:00Z,scarperia,0.00,0.000,21,ok,2026-10-07T11:46:05Z
2026-10-07T11:35:00Z,scarperia,0.00,0.000,21,ok,2026-10-07T11:46:05Z
2026-10-07T11:40:00Z,scarperia,0.00,0.000,21,ok,2026-10-07T11:56:13Z
2026-10-07T11:45:00Z,scarperia,0.00,0.000,21,ok,2026-10-07T11:56:13Z
2026-10-07T11:50:00Z,scarperia,0.00,0.000,21,ok,2026-10-07T12:06:40Z
2026-10-07T11:55:00Z,scarperia,0.00,0.000,21,ok,2026-10-07T12:06:40Z
2026-10-07T12:00:00Z,scarperia,0.00,0.000,21,ok,2026-10-07T12:16:21Z
2026-10-07T12:05:00Z,scarperia,0.00,0.000,21,ok,2026-10-07T12:16:21Z
2026-10-07T12:10:00Z,scarperia,0.00,0.000,21,ok,2026-10-07T12:26:04Z
2026-10-07T12:15:00Z,scarperia,0.00,0.000,21,ok,2026-10-07T12:26:04Z
2026-10-07T12:20:00Z,scarperia,0.00,0.000,21,ok,2026-10-07T12:36:10Z
2026-10-07T12:25:00Z,scarperia,0.00,0.000,21,ok,2026-10-07T12:36:10Z
2026-10-07T12:30:00Z,scarperia,0.00,0.000,21,ok,2026-10-07T12:46:21Z
2026-10-07T12:35:00Z,scarperia,0.00,0.000,21,ok,2026-10-07T12:46:21Z
2026-10-07T12:40:00Z,scarperia,0.00,0.000,21,ok,2026-10-07T12:56:12Z
2026-10-07T12:45:00Z,scarperia,0.00,0.000,21,ok,2026-10-07T12:56:12Z
2026-10-07T12:50:00Z,scarperia,0.00,0.000,21,ok,2026-10-07T13:06:12Z
2026-10-07T12:55:00Z,scarperia,0.00,0.000,21,ok,2026-10-07T13:06:12Z
2026-10-07T13:00:00Z,scarperia,0.00,0.000,21,ok,2026-10-07T13:16:15Z
2026-10-07T13:05:00Z,scarperia,0.00,0.000,21,ok,2026-10-07T13:16:15Z
2026-10-07T13:10:00Z,scarperia,0.00,0.000,21,ok,2026-10-07T13:26:07Z
2026-10-07T13:15:00Z,scarperia,0.00,0.000,21,ok,2026-10-07T13:26:07Z
2026-10-07T13:20:00Z,scarperia,0.00,0.000,21,ok,2026-10-07T13:36:09Z
2026-10-07T13:25:00Z,scarperia,0.00,0.000,21,ok,2026-10-07T13:36:09Z
2026-10-07T13:30:00Z,scarperia,0.00,0.000,21,ok,2026-10-07T13:46:20Z
2026-10-07T13:35:00Z,scarperia,0.00,0.000,21,ok,2026-10-07T13:46:20Z
2026-10-07T13:40:00Z,scarperia,0.00,0.000,21,ok,2026-10-07T13:56:10Z
2026-10-07T13:45:00Z,scarperia,0.00,0.000,21,ok,2026-10-07T13:56:10Z
2026-10-07T13:50:00Z,scarperia,0.00,0.000,21,ok,2026-10-07T14:06:09Z
2026-10-07T13:55:00Z,scarperia,0.00,0.000,21,ok,2026-10-07T14:06:09Z
2026-10-07T14:00:00Z,scarperia,0.00,0.000,21,ok,2026-10-07T14:16:13Z
2026-10-07T14:05:00Z,scarperia,0.00,0.000,21,ok,2026-10-07T14:16:13Z
2026-10-07T14:10:00Z,scarperia,0.00,0.000,21,ok,2026-10-07T14:26:05Z
2026-10-07T14:15:00Z,scarperia,0.00,0.000,21,ok,2026-10-07T14:26:05Z
2026-10-07T14:20:00Z,scarperia,0.00,0.000,21,ok,2026-10-07T14:36:09Z
2026-10-07T14:25:00Z,scarperia,0.00,0.000,21,ok,2026-10-07T14:36:09Z
2026-10-07T14:30:00Z,scarperia,0.00,0.000,21,ok,2026-10-07T14:46:15Z
2026-10-07T14:35:00Z,scarperia,0.00,0.000,21,ok,2026-10-07T14:46:15Z
2026-10-07T14:40:00Z,scarperia,0.00,0.000,21,ok,2026-10-07T14:56:06Z
2026-10-07T14:45:00Z,scarperia,0.00,0.000,21,ok,2026-10-07T14:56:06Z
2026-10-07T14:50:00Z,scarperia,0.00,0.000,21,ok,2026-10-07T15:06:06Z
2026-10-07T14:55:00Z,scarperia,0.00,0.000,21,ok,2026-10-07T15:06:06Z
2026-10-07T15:00:00Z,scarperia,0.00,0.000,21,ok,2026-10-07T15:21:09Z
2026-10-07T15:05:00Z,scarperia,0.00,0.000,21,ok,2026-10-07T15:21:09Z
2026-10-07T15:10:00Z,scarperia,0.00,0.000,21,ok,2026-10-07T15:21:09Z
2026-10-07T15:15:00Z,scarperia,0.00,0.000,21,ok,2026-10-07T15:31:11Z
2026-10-07T15:20:00Z,scarperia,0.00,0.000,21,ok,2026-10-07T15:31:11Z
2026-10-07T15:25:00Z,scarperia,0.00,0.000,21,ok,2026-10-07T15:41:11Z
2026-10-07T15:30:00Z,scarperia,0.00,0.000,21,ok,2026-10-07T15:41:11Z
2026-10-07T15:35:00Z,scarperia,0.00,0.000,21,ok,2026-10-07T15:51:04Z
2026-10-07T15:40:00Z,scarperia,0.00,0.000,21,ok,2026-10-07T15:51:04Z
2026-10-07T15:45:00Z,scarperia,0.00,0.000,21,ok,2026-10-07T16:01:23Z
2026-10-07T15:50:00Z,scarperia,0.77,0.226,21,ok,2026-10-07T16:01:23Z
2026-10-07T15:55:00Z,scarperia,0.83,0.136,21,ok,2026-10-07T16:11:19Z
2026-10-07T16:00:00Z,scarperia,0.00,0.000,21,ok,2026-10-07T16:11:19Z
2026-10-07T16:05:00Z,scarperia,0.00,0.000,21,ok,2026-10-07T16:20:22Z
2026-10-07T16:10:00Z,scarperia,0.00,0.000,21,ok,2026-10-07T16:20:22Z
2026-10-07T16:15:00Z,scarperia,0.00,0.000,21,ok,2026-10-07T16:31:08Z
2026-10-07T16:20:00Z,scarperia,0.00,0.000,21,ok,2026-10-07T16:31:08Z
2026-10-07T16:25:00Z,scarperia,0.00,0.000,21,ok,2026-10-07T16:41:11Z
2026-10-07T16:30:00Z,scarperia,0.00,0.000,21,ok,2026-10-07T16:41:11Z
2026-10-07T16:35:00Z,scarperia,0.00,0.000,21,ok,2026-10-07T16:51:09Z
2026-10-07T16:40:00Z,scarperia,0.00,0.000,21,ok,2026-10-07T16:51:09Z
2026-10-07T16:45:00Z,scarperia,0.00,0.000,21,ok,2026-10-07T17:06:10Z
2026-10-07T16:50:00Z,scarperia,0.00,0.000,21,ok,2026-10-07T17:06:10Z
2026-10-07T16:55:00Z,scarperia,0.00,0.000,21,ok,2026-10-07T17:06:10Z
2026-10-07T17:00:00Z,scarperia,0.00,0.000,21,ok,2026-10-07T17:16:07Z
2026-10-07T17:05:00Z,scarperia,0.00,0.000,21,ok,2026-10-07T17:16:07Z
2026-10-07T17:10:00Z,scarperia,0.00,0.000,21,ok,2026-10-07T17:26:15Z
2026-10-07T17:15:00Z,scarperia,0.00,0.000,21,ok,2026-10-07T17:26:15Z
2026-10-07T17:20:00Z,scarperia,0.00,0.000,21,ok,2026-10-07T17:36:07Z
2026-10-07T17:25:00Z,scarperia,0.00,0.000,21,ok,2026-10-07T17:36:07Z
2026-10-07T17:30:00Z,scarperia,0.00,0.000,21,ok,2026-10-07T17:46:12Z
2026-10-07T17:35:00Z,scarperia,0.00,0.000,21,ok,2026-10-07T17:46:12Z
2026-10-07T17:40:00Z,scarperia,0.00,0.000,21,ok,2026-10-07T17:56:03Z
2026-10-07T17:45:00Z,scarperia,0.00,0.000,21,ok,2026-10-07T17:56:03Z
2026-10-07T17:50:00Z,scarperia,0.00,0.000,21,ok,2026-10-07T18:06:06Z
2026-10-07T17:55:00Z,scarperia,0.00,0.000,21,ok,2026-10-07T18:06:06Z
2026-10-07T18:00:00Z,scarperia,0.00,0.000,21,ok,2026-10-07T18:16:09Z
2026-10-07T18:05:00Z,scarperia,0.00,0.000,21,ok,2026-10-07T18:16:09Z
2026-10-07T18:10:00Z,scarperia,0.00,0.000,21,ok,2026-10-07T18:26:12Z
2026-10-07T18:15:00Z,scarperia,0.00,0.000,21,ok,2026-10-07T18:26:12Z
2026-10-07T18:20:00Z,scarperia,0.00,0.000,21,ok,2026-10-07T18:36:01Z
2026-10-07T18:25:00Z,scarperia,0.00,0.000,21,ok,2026-10-07T18:36:01Z
2026-10-07T18:30:00Z,scarperia,0.00,0.000,21,ok,2026-10-07T18:46:24Z
2026-10-07T18:35:00Z,scarperia,0.00,0.000,21,ok,2026-10-07T18:46:24Z
2026-10-07T18:40:00Z,scarperia,0.00,0.000,21,ok,2026-10-07T18:56:07Z
2026-10-07T18:45:00Z,scarperia,0.00,0.000,21,ok,2026-10-07T18:56:07Z
2026-10-07T18:50:00Z,scarperia,0.00,0.000,21,ok,2026-10-07T19:06:14Z
2026-10-07T18:55:00Z,scarperia,0.00,0.000,21,ok,2026-10-07T19:06:14Z
2026-10-07T19:00:00Z,scarperia,0.00,0.000,21,ok,2026-10-07T19:16:15Z
2026-10-07T19:05:00Z,scarperia,1.95,0.204,21,ok,2026-10-07T19:16:15Z
2026-10-07T19:10:00Z,scarperia,0.61,0.056,21,ok,2026-10-07T19:26:17Z
2026-10-07T19:15:00Z,scarperia,1.06,0.661,21,ok,2026-10-07T19:26:17Z
2026-10-07T19:20:00Z,scarperia,1.61,1.154,21,ok,2026-10-07T19:36:14Z
2026-10-07T19:25:00Z,scarperia,1.59,1.342,21,ok,2026-10-07T19:36:14Z
2026-10-07T19:30:00Z,scarperia,2.80,2.032,21,ok,2026-10-07T19:46:11Z
2026-10-07T19:35:00Z,scarperia,16.34,6.249,21,ok,2026-10-07T19:46:11Z
2026-10-07T19:40:00Z,scarperia,11.59,9.385,21,ok,2026-10-07T19:56:03Z
2026-10-07T19:45:00Z,scarperia,18.69,15.840,21,ok,2026-10-07T19:56:03Z
2026-10-07T19:50:00Z,scarperia,10.83,9.531,21,ok,2026-10-07T20:06:06Z
2026-10-07T19:55:00Z,scarperia,11.00,8.843,21,ok,2026-10-07T20:06:06Z
2026-10-07T20:00:00Z,scarperia,16.43,13.213,21,ok,2026-10-07T20:16:05Z
2026-10-07T20:05:00Z,scarperia,16.68,12.955,21,ok,2026-10-07T20:16:05Z
2026-10-07T20:10:00Z,scarperia,14.89,12.138,21,ok,2026-10-07T20:26:18Z
2026-10-07T20:15:00Z,scarperia,26.73,14.951,21,ok,2026-10-07T20:26:18Z
2026-10-07T20:20:00Z,scarperia,37.61,27.501,21,ok,2026-10-07T20:36:04Z
2026-10-07T20:25:00Z,scarperia,39.42,27.770,21,ok,2026-10-07T20:36:04Z
2026-10-07T20:30:00Z,scarperia,16.47,13.554,21,ok,2026-10-07T20:46:09Z
2026-10-07T20:35:00Z,scarperia,32.74,12.956,21,ok,2026-10-07T20:46:09Z
2026-10-07T20:40:00Z,scarperia,16.48,12.880,21,ok,2026-10-07T20:56:07Z
2026-10-07T20:45:00Z,scarperia,13.80,10.420,21,ok,2026-10-07T20:56:07Z
2026-10-07T20:50:00Z,scarperia,11.07,8.557,21,ok,2026-10-07T21:06:14Z
2026-10-07T20:55:00Z,scarperia,10.80,8.019,21,ok,2026-10-07T21:06:14Z
2026-10-07T21:00:00Z,scarperia,5.03,3.088,21,ok,2026-10-07T21:16:21Z
2026-10-07T21:05:00Z,scarperia,1.79,1.469,21,ok,2026-10-07T21:16:21Z
2026-10-07T21:10:00Z,scarperia,0.96,0.363,21,ok,2026-10-07T21:25:09Z
2026-10-07T21:15:00Z,scarperia,0.00,0.000,21,ok,2026-10-07T21:25:09Z
2026-10-07T21:20:00Z,scarperia,0.00,0.000,21,ok,2026-10-07T21:36:18Z
2026-10-07T21:25:00Z,scarperia,0.00,0.000,21,ok,2026-10-07T21:36:18Z
2026-10-07T21:30:00Z,scarperia,0.00,0.000,21,ok,2026-10-07T21:46:09Z
2026-10-07T21:35:00Z,scarperia,0.00,0.000,21,ok,2026-10-07T21:46:09Z
2026-10-07T21:40:00Z,scarperia,0.00,0.000,21,ok,2026-10-07T21:56:04Z
2026-10-07T21:45:00Z,scarperia,0.00,0.000,21,ok,2026-10-07T21:56:04Z
2026-10-07T21:50:00Z,scarperia,0.00,0.000,21,ok,2026-10-07T22:06:03Z
2026-10-07T21:55:00Z,scarperia,0.00,0.000,21,ok,2026-10-07T22:06:03Z
2026-10-07T22:00:00Z,scarperia,0.00,0.000,21,ok,2026-10-07T22:16:06Z
2026-10-07T22:05:00Z,scarperia,0.00,0.000,21,ok,2026-10-07T22:16:06Z
2026-10-07T22:10:00Z,scarperia,0.00,0.000,21,ok,2026-10-07T22:26:15Z
2026-10-07T22:15:00Z,scarperia,0.00,0.000,21,ok,2026-10-07T22:26:15Z
2026-10-07T22:20:00Z,scarperia,0.00,0.000,21,ok,2026-10-07T22:36:06Z
2026-10-07T22:25:00Z,scarperia,0.00,0.000,21,ok,2026-10-07T22:36:06Z
2026-10-07T22:30:00Z,scarperia,0.00,0.000,21,ok,2026-10-07T22:46:06Z
2026-10-07T22:35:00Z,scarperia,0.00,0.000,21,ok,2026-10-07T22:46:06Z
2026-10-07T22:40:00Z,scarperia,0.00,0.000,21,ok,2026-10-07T22:56:04Z
2026-10-07T22:45:00Z,scarperia,0.00,0.000,21,ok,2026-10-07T22:56:04Z
2026-10-07T22:50:00Z,scarperia,0.00,0.000,21,ok,2026-10-07T23:06:16Z
2026-10-07T22:55:00Z,scarperia,0.00,0.000,21,ok,2026-10-07T23:06:16Z
2026-10-07T23:00:00Z,scarperia,0.00,0.000,21,ok,2026-10-07T23:16:05Z
2026-10-07T23:05:00Z,scarperia,0.00,0.000,21,ok,2026-10-07T23:16:05Z
2026-10-07T23:10:00Z,scarperia,0.00,0.000,21,ok,2026-10-07T23:26:08Z
2026-10-07T23:15:00Z,scarperia,0.00,0.000,21,ok,2026-10-07T23:26:08Z
2026-10-07T23:20:00Z,scarperia,0.00,0.000,21,ok,2026-10-07T23:36:00Z
2026-10-07T23:25:00Z,scarperia,0.00,0.000,21,ok,2026-10-07T23:36:00Z
2026-10-07T23:30:00Z,scarperia,0.00,0.000,21,ok,2026-10-07T23:46:06Z
2026-10-07T23:35:00Z,scarperia,0.00,0.000,21,ok,2026-10-07T23:46:06Z
2026-10-07T23:40:00Z,scarperia,0.00,0.000,21,ok,2026-10-07T23:56:08Z
2026-10-07T23:45:00Z,scarperia,0.00,0.000,21,ok,2026-10-07T23:56:08Z
2026-10-07T23:50:00Z,scarperia,0.00,0.000,21,ok,2026-10-08T00:06:02Z
2026-10-07T23:55:00Z,scarperia,0.60,0.202,21,ok,2026-10-08T00:06:02Z
2026-10-08T00:00:00Z,scarperia,1.11,0.430,21,ok,2026-10-08T00:16:00Z
2026-10-08T00:05:00Z,scarperia,0.00,0.000,21,ok,2026-10-08T00:16:00Z
2026-10-08T00:10:00Z,scarperia,0.66,0.123,21,ok,2026-10-08T00:26:03Z
2026-10-08T00:15:00Z,scarperia,1.30,1.147,21,ok,2026-10-08T00:26:03Z
2026-10-08T00:20:00Z,scarperia,1.96,1.401,21,ok,2026-10-08T00:36:01Z
2026-10-08T00:25:00Z,scarperia,1.06,0.261,21,ok,2026-10-08T00:36:01Z
2026-10-08T00:30:00Z,scarperia,0.75,0.274,21,ok,2026-10-08T00:46:11Z
2026-10-08T00:35:00Z,scarperia,0.69,0.096,21,ok,2026-10-08T00:46:11Z
2026-10-08T00:40:00Z,scarperia,0.62,0.390,21,ok,2026-10-08T00:56:03Z
2026-10-08T00:45:00Z,scarperia,0.38,0.052,21,ok,2026-10-08T00:56:03Z
2026-10-08T00:50:00Z,scarperia,0.00,0.000,21,ok,2026-10-08T01:06:02Z
2026-10-08T00:55:00Z,scarperia,0.39,0.019,21,ok,2026-10-08T01:06:02Z
2026-10-08T01:00:00Z,scarperia,0.23,0.011,21,ok,2026-10-08T01:14:22Z
2026-10-08T01:05:00Z,scarperia,0.62,0.482,21,ok,2026-10-08T01:14:22Z
2026-10-08T01:10:00Z,scarperia,0.59,0.084,21,ok,2026-10-08T01:26:05Z
2026-10-08T01:15:00Z,scarperia,1.16,0.558,21,ok,2026-10-08T01:26:05Z
2026-10-08T01:20:00Z,scarperia,0.60,0.078,21,ok,2026-10-08T01:36:04Z
2026-10-08T01:25:00Z,scarperia,0.00,0.000,21,ok,2026-10-08T01:36:04Z
2026-10-08T01:30:00Z,scarperia,0.00,0.000,21,ok,2026-10-08T01:46:07Z
2026-10-08T01:35:00Z,scarperia,0.00,0.000,21,ok,2026-10-08T01:46:07Z
2026-10-08T01:40:00Z,scarperia,0.00,0.000,21,ok,2026-10-08T01:56:07Z
2026-10-08T01:45:00Z,scarperia,0.00,0.000,21,ok,2026-10-08T01:56:07Z
2026-10-08T01:50:00Z,scarperia,0.00,0.000,21,ok,2026-10-08T02:06:11Z
2026-10-08T01:55:00Z,scarperia,0.00,0.000,21,ok,2026-10-08T02:06:11Z
2026-10-08T02:00:00Z,scarperia,0.00,0.000,21,ok,2026-10-08T02:16:15Z
2026-10-08T02:05:00Z,scarperia,0.00,0.000,21,ok,2026-10-08T02:16:15Z
2026-10-08T02:10:00Z,scarperia,0.00,0.000,21,ok,2026-10-08T02:26:14Z
2026-10-08T02:15:00Z,scarperia,0.00,0.000,21,ok,2026-10-08T02:26:14Z
2026-10-08T02:20:00Z,scarperia,0.00,0.000,21,ok,2026-10-08T02:36:12Z
2026-10-08T02:25:00Z,scarperia,0.00,0.000,21,ok,2026-10-08T02:36:12Z
2026-10-08T02:30:00Z,scarperia,0.00,0.000,21,ok,2026-10-08T02:46:13Z
2026-10-08T02:35:00Z,scarperia,0.00,0.000,21,ok,2026-10-08T02:46:13Z
2026-10-08T02:40:00Z,scarperia,0.00,0.000,21,ok,2026-10-08T02:56:09Z
2026-10-08T02:45:00Z,scarperia,0.00,0.000,21,ok,2026-10-08T02:56:09Z
2026-10-08T02:50:00Z,scarperia,0.00,0.000,21,ok,2026-10-08T03:06:08Z
2026-10-08T02:55:00Z,scarperia,0.00,0.000,21,ok,2026-10-08T03:06:08Z
2026-10-08T03:00:00Z,scarperia,0.00,0.000,21,ok,2026-10-08T03:15:59Z
2026-10-08T03:05:00Z,scarperia,0.00,0.000,21,ok,2026-10-08T03:15:59Z
2026-10-08T03:10:00Z,scarperia,0.00,0.000,21,ok,2026-10-08T03:26:11Z
2026-10-08T03:15:00Z,scarperia,0.00,0.000,21,ok,2026-10-08T03:26:11Z
2026-10-08T03:20:00Z,scarperia,0.00,0.000,21,ok,2026-10-08T03:36:09Z
2026-10-08T03:25:00Z,scarperia,0.00,0.000,21,ok,2026-10-08T03:36:09Z
2026-10-08T03:30:00Z,scarperia,0.00,0.000,21,ok,2026-10-08T03:46:24Z
2026-10-08T03:35:00Z,scarperia,0.65,0.080,21,ok,2026-10-08T03:46:24Z
2026-10-08T03:40:00Z,scarperia,1.12,0.494,21,ok,2026-10-08T03:56:16Z
2026-10-08T03:45:00Z,scarperia,0.96,0.167,21,ok,2026-10-08T03:56:16Z
2026-10-08T03:50:00Z,scarperia,0.00,0.000,21,ok,2026-10-08T04:06:03Z
2026-10-08T03:55:00Z,scarperia,0.00,0.000,21,ok,2026-10-08T04:06:03Z
2026-10-08T04:00:00Z,scarperia,0.00,0.000,21,ok,2026-10-08T04:16:07Z
2026-10-08T04:05:00Z,scarperia,0.00,0.000,21,ok,2026-10-08T04:16:07Z
2026-10-08T04:10:00Z,scarperia,0.00,0.000,21,ok,2026-10-08T04:26:05Z
2026-10-08T04:15:00Z,scarperia,0.00,0.000,21,ok,2026-10-08T04:26:05Z
2026-10-08T04:20:00Z,scarperia,0.00,0.000,21,ok,2026-10-08T04:36:07Z
2026-10-08T04:25:00Z,scarperia,1.04,0.281,21,ok,2026-10-08T04:36:07Z
2026-10-08T04:30:00Z,scarperia,3.21,1.400,21,ok,2026-10-08T04:46:13Z
2026-10-08T04:35:00Z,scarperia,19.10,7.359,21,ok,2026-10-08T04:46:13Z
2026-10-08T04:40:00Z,scarperia,3.99,2.414,21,ok,2026-10-08T04:56:03Z
2026-10-08T04:45:00Z,scarperia,1.63,1.110,21,ok,2026-10-08T04:56:03Z
2026-10-08T04:50:00Z,scarperia,2.36,1.385,21,ok,2026-10-08T05:06:08Z
2026-10-08T04:55:00Z,scarperia,2.58,2.152,21,ok,2026-10-08T05:06:08Z
2026-10-08T05:00:00Z,scarperia,3.10,1.963,21,ok,2026-10-08T05:16:02Z
2026-10-08T05:05:00Z,scarperia,4.82,3.459,21,ok,2026-10-08T05:16:02Z
2026-10-08T05:10:00Z,scarperia,3.40,3.245,21,ok,2026-10-08T05:26:12Z
2026-10-08T05:15:00Z,scarperia,1.90,0.924,21,ok,2026-10-08T05:26:12Z
2026-10-08T05:20:00Z,scarperia,0.00,0.000,21,ok,2026-10-08T05:36:14Z
2026-10-08T05:25:00Z,scarperia,0.00,0.000,21,ok,2026-10-08T05:36:14Z
2026-10-08T05:30:00Z,scarperia,0.00,0.000,21,ok,2026-10-08T05:46:07Z
2026-10-08T05:35:00Z,scarperia,0.00,0.000,21,ok,2026-10-08T05:46:07Z
2026-10-08T05:40:00Z,scarperia,0.00,0.000,21,ok,2026-10-08T05:56:05Z
2026-10-08T05:45:00Z,scarperia,0.00,0.000,21,ok,2026-10-08T05:56:05Z
2026-10-08T05:50:00Z,scarperia,0.00,0.000,21,ok,2026-10-08T06:06:22Z
2026-10-08T05:55:00Z,scarperia,0.00,0.000,21,ok,2026-10-08T06:06:22Z
2026-10-08T06:00:00Z,scarperia,0.00,0.000,21,ok,2026-10-08T06:16:03Z
2026-10-08T06:05:00Z,scarperia,0.00,0.000,21,ok,2026-10-08T06:16:03Z
2026-10-08T06:10:00Z,scarperia,0.00,0.000,21,ok,2026-10-08T06:26:18Z
2026-10-08T06:15:00Z,scarperia,0.00,0.000,21,ok,2026-10-08T06:26:18Z
2026-10-08T06:20:00Z,scarperia,0.00,0.000,21,ok,2026-10-08T06:36:10Z
2026-10-08T06:25:00Z,scarperia,0.00,0.000,21,ok,2026-10-08T06:36:10Z
2026-10-08T06:30:00Z,scarperia,0.00,0.000,21,ok,2026-10-08T06:44:37Z
2026-10-08T06:35:00Z,scarperia,0.00,0.000,21,ok,2026-10-08T06:44:37Z
2026-10-08T06:40:00Z,scarperia,0.00,0.000,21,ok,2026-10-08T06:56:10Z
2026-10-08T06:45:00Z,scarperia,0.00,0.000,21,ok,2026-10-08T06:56:10Z
2026-10-08T06:50:00Z,scarperia,0.00,0.000,21,ok,2026-10-08T07:06:18Z
2026-10-08T06:55:00Z,scarperia,0.00,0.000,21,ok,2026-10-08T07:06:18Z
2026-10-08T07:00:00Z,scarperia,0.00,0.000,21,ok,2026-10-08T07:16:08Z
2026-10-08T07:05:00Z,scarperia,0.00,0.000,21,ok,2026-10-08T07:16:08Z
2026-10-08T07:10:00Z,scarperia,0.00,0.000,21,ok,2026-10-08T07:26:15Z
2026-10-08T07:15:00Z,scarperia,0.00,0.000,21,ok,2026-10-08T07:26:15Z
2026-10-08T07:20:00Z,scarperia,0.00,0.000,21,ok,2026-10-08T07:33:44Z
2026-10-08T07:25:00Z,scarperia,0.00,0.000,21,ok,2026-10-08T07:33:44Z
2026-10-08T07:30:00Z,scarperia,0.00,0.000,21,ok,2026-10-08T07:46:19Z
2026-10-08T07:35:00Z,scarperia,1.15,0.173,21,ok,2026-10-08T07:46:19Z
2026-10-08T07:40:00Z,scarperia,1.37,0.750,21,ok,2026-10-08T07:56:32Z
2026-10-08T07:45:00Z,scarperia,0.88,0.522,21,ok,2026-10-08T07:56:32Z
2026-10-08T07:50:00Z,scarperia,0.00,0.000,21,ok,2026-10-08T08:06:32Z
2026-10-08T07:55:00Z,scarperia,0.56,0.027,21,ok,2026-10-08T08:06:32Z
2026-10-08T08:00:00Z,scarperia,0.14,0.007,21,ok,2026-10-08T08:16:41Z
2026-10-08T08:05:00Z,scarperia,1.35,0.149,21,ok,2026-10-08T08:16:41Z
2026-10-08T08:10:00Z,scarperia,0.00,0.000,21,ok,2026-10-08T08:26:32Z
2026-10-08T08:15:00Z,scarperia,0.00,0.000,21,ok,2026-10-08T08:26:32Z
2026-10-08T08:20:00Z,scarperia,0.00,0.000,21,ok,2026-10-08T08:36:42Z
2026-10-08T08:25:00Z,scarperia,0.00,0.000,21,ok,2026-10-08T08:36:42Z
2026-10-08T08:30:00Z,scarperia,0.00,0.000,21,ok,2026-10-08T08:46:42Z
2026-10-08T08:35:00Z,scarperia,0.00,0.000,21,ok,2026-10-08T08:46:42Z
2026-10-08T08:40:00Z,scarperia,0.00,0.000,21,ok,2026-10-08T08:56:35Z
2026-10-08T08:45:00Z,scarperia,0.00,0.000,21,ok,2026-10-08T08:56:35Z
2026-10-08T08:50:00Z,scarperia,0.00,0.000,21,ok,2026-10-08T09:06:36Z
2026-10-08T08:55:00Z,scarperia,0.00,0.000,21,ok,2026-10-08T09:06:36Z
2026-10-08T09:00:00Z,scarperia,0.00,0.000,21,ok,2026-10-08T09:16:32Z
2026-10-08T09:05:00Z,scarperia,0.00,0.000,21,ok,2026-10-08T09:16:32Z
2026-10-08T09:10:00Z,scarperia,0.00,0.000,21,ok,2026-10-08T09:26:43Z
2026-10-08T09:15:00Z,scarperia,0.00,0.000,21,ok,2026-10-08T09:26:43Z
2026-10-08T09:20:00Z,scarperia,0.00,0.000,21,ok,2026-10-08T09:36:30Z
2026-10-08T09:25:00Z,scarperia,0.00,0.000,21,ok,2026-10-08T09:36:30Z
2026-10-08T09:30:00Z,scarperia,0.00,0.000,21,ok,2026-10-08T09:46:32Z
2026-10-08T09:35:00Z,scarperia,0.00,0.000,21,ok,2026-10-08T09:46:32Z
2026-10-08T09:40:00Z,scarperia,1.21,0.426,21,ok,2026-10-08T09:56:41Z
2026-10-08T09:45:00Z,scarperia,0.79,0.565,21,ok,2026-10-08T09:56:41Z
2026-10-08T09:50:00Z,scarperia,1.02,0.768,21,ok,2026-10-08T10:06:37Z
2026-10-08T09:55:00Z,scarperia,0.87,0.688,21,ok,2026-10-08T10:06:37Z
2026-10-08T10:00:00Z,scarperia,1.56,1.276,21,ok,2026-10-08T10:16:29Z
2026-10-08T10:05:00Z,scarperia,2.00,1.843,21,ok,2026-10-08T10:16:29Z
2026-10-08T10:10:00Z,scarperia,2.43,2.257,21,ok,2026-10-08T10:26:38Z
2026-10-08T10:15:00Z,scarperia,2.14,1.855,21,ok,2026-10-08T10:26:38Z
2026-10-08T10:20:00Z,scarperia,2.03,1.864,21,ok,2026-10-08T10:36:28Z
2026-10-08T10:25:00Z,scarperia,1.82,1.371,21,ok,2026-10-08T10:36:28Z
2026-10-08T10:30:00Z,scarperia,1.74,0.890,21,ok,2026-10-08T10:46:29Z
2026-10-08T10:35:00Z,scarperia,1.44,1.060,21,ok,2026-10-08T10:46:29Z
2026-10-08T10:40:00Z,scarperia,1.92,1.608,21,ok,2026-10-08T10:56:27Z
2026-10-08T10:45:00Z,scarperia,2.38,2.017,21,ok,2026-10-08T10:56:27Z
2026-10-08T10:50:00Z,scarperia,2.02,0.932,21,ok,2026-10-08T11:06:31Z
2026-10-08T10:55:00Z,scarperia,1.97,1.612,21,ok,2026-10-08T11:06:31Z
2026-10-08T11:00:00Z,scarperia,3.82,1.944,21,ok,2026-10-08T11:16:34Z
2026-10-08T11:05:00Z,scarperia,1.08,0.651,21,ok,2026-10-08T11:16:34Z
2026-10-08T11:10:00Z,scarperia,0.69,0.148,21,ok,2026-10-08T11:26:30Z
2026-10-08T11:15:00Z,scarperia,0.43,0.054,21,ok,2026-10-08T11:26:30Z
2026-10-08T11:20:00Z,scarperia,0.00,0.000,21,ok,2026-10-08T11:36:26Z
2026-10-08T11:25:00Z,scarperia,0.00,0.000,21,ok,2026-10-08T11:36:26Z
2026-10-08T11:30:00Z,scarperia,0.00,0.000,21,ok,2026-10-08T11:46:40Z
2026-10-08T11:35:00Z,scarperia,0.00,0.000,21,ok,2026-10-08T11:46:40Z
2026-10-08T11:40:00Z,scarperia,0.00,0.000,21,ok,2026-10-08T11:56:41Z
2026-10-08T11:45:00Z,scarperia,0.00,0.000,21,ok,2026-10-08T11:56:41Z
2026-10-08T11:50:00Z,scarperia,0.00,0.000,21,ok,2026-10-08T12:06:31Z
2026-10-08T11:55:00Z,scarperia,0.00,0.000,21,ok,2026-10-08T12:06:31Z
2026-10-08T12:00:00Z,scarperia,0.00,0.000,21,ok,2026-10-08T12:16:39Z
2026-10-08T12:05:00Z,scarperia,0.19,0.009,21,ok,2026-10-08T12:16:39Z
2026-10-08T12:10:00Z,scarperia,0.00,0.000,21,ok,2026-10-08T12:26:36Z
2026-10-08T12:15:00Z,scarperia,0.00,0.000,21,ok,2026-10-08T12:26:36Z
2026-10-08T12:20:00Z,scarperia,0.00,0.000,21,ok,2026-10-08T12:36:31Z
2026-10-08T12:25:00Z,scarperia,0.00,0.000,21,ok,2026-10-08T12:36:31Z
2026-10-08T12:30:00Z,scarperia,0.00,0.000,21,ok,2026-10-08T12:46:40Z
2026-10-08T12:35:00Z,scarperia,0.00,0.000,21,ok,2026-10-08T12:46:40Z
2026-10-08T12:40:00Z,scarperia,0.00,0.000,21,ok,2026-10-08T12:56:34Z
2026-10-08T12:45:00Z,scarperia,0.00,0.000,21,ok,2026-10-08T12:56:34Z
2026-10-08T12:50:00Z,scarperia,0.00,0.000,21,ok,2026-10-08T13:07:04Z
2026-10-08T12:55:00Z,scarperia,0.00,0.000,21,ok,2026-10-08T13:07:04Z
2026-10-08T13:00:00Z,scarperia,0.00,0.000,21,ok,2026-10-08T13:16:25Z
2026-10-08T13:05:00Z,scarperia,0.00,0.000,21,ok,2026-10-08T13:16:25Z
2026-10-08T13:10:00Z,scarperia,0.00,0.000,21,ok,2026-10-08T13:26:33Z
2026-10-08T13:15:00Z,scarperia,0.00,0.000,21,ok,2026-10-08T13:26:33Z
2026-10-08T13:20:00Z,scarperia,0.00,0.000,21,ok,2026-10-08T13:36:36Z
2026-10-08T13:25:00Z,scarperia,0.40,0.019,21,ok,2026-10-08T13:36:36Z
2026-10-08T13:30:00Z,scarperia,2.73,0.735,21,ok,2026-10-08T13:46:47Z
2026-10-08T13:35:00Z,scarperia,4.11,1.912,21,ok,2026-10-08T13:46:47Z
2026-10-08T13:40:00Z,scarperia,3.28,1.614,21,ok,2026-10-08T13:56:29Z
2026-10-08T13:45:00Z,scarperia,1.40,0.258,21,ok,2026-10-08T13:56:29Z
2026-10-08T13:50:00Z,scarperia,0.00,0.000,21,ok,2026-10-08T14:06:26Z
2026-10-08T13:55:00Z,scarperia,2.86,0.802,21,ok,2026-10-08T14:06:26Z
2026-10-08T14:00:00Z,scarperia,3.06,1.583,21,ok,2026-10-08T14:16:44Z
2026-10-08T14:05:00Z,scarperia,4.69,1.635,21,ok,2026-10-08T14:16:44Z
2026-10-08T14:10:00Z,scarperia,6.17,1.025,21,ok,2026-10-08T14:26:29Z
2026-10-08T14:15:00Z,scarperia,0.28,0.025,21,ok,2026-10-08T14:26:29Z
2026-10-08T14:20:00Z,scarperia,0.00,0.000,21,ok,2026-10-08T14:36:32Z
2026-10-08T14:25:00Z,scarperia,0.00,0.000,21,ok,2026-10-08T14:36:32Z
2026-10-08T14:30:00Z,scarperia,0.00,0.000,21,ok,2026-10-08T14:46:35Z
2026-10-08T14:35:00Z,scarperia,0.00,0.000,21,ok,2026-10-08T14:46:35Z
2026-10-08T14:40:00Z,scarperia,0.00,0.000,21,ok,2026-10-08T14:56:38Z
2026-10-08T14:45:00Z,scarperia,0.00,0.000,21,ok,2026-10-08T14:56:38Z
2026-10-08T14:50:00Z,scarperia,0.00,0.000,21,ok,2026-10-08T15:06:40Z
2026-10-08T14:55:00Z,scarperia,0.00,0.000,21,ok,2026-10-08T15:06:40Z
2026-10-08T15:00:00Z,scarperia,0.00,0.000,21,ok,2026-10-08T15:16:50Z
2026-10-08T15:05:00Z,scarperia,0.00,0.000,21,ok,2026-10-08T15:16:50Z
2026-10-08T15:10:00Z,scarperia,0.00,0.000,21,ok,2026-10-08T15:26:33Z
2026-10-08T15:15:00Z,scarperia,0.00,0.000,21,ok,2026-10-08T15:26:33Z
2026-10-08T15:20:00Z,scarperia,0.00,0.000,21,ok,2026-10-08T15:36:29Z
2026-10-08T15:25:00Z,scarperia,0.00,0.000,21,ok,2026-10-08T15:36:29Z
2026-10-08T15:30:00Z,scarperia,0.00,0.000,21,ok,2026-10-08T15:46:42Z
2026-10-08T15:35:00Z,scarperia,0.00,0.000,21,ok,2026-10-08T15:46:42Z
2026-10-08T15:40:00Z,scarperia,0.00,0.000,21,ok,2026-10-08T15:56:27Z
2026-10-08T15:45:00Z,scarperia,0.00,0.000,21,ok,2026-10-08T15:56:27Z
2026-10-08T15:50:00Z,scarperia,0.00,0.000,21,ok,2026-10-08T16:06:36Z
2026-10-08T15:55:00Z,scarperia,0.00,0.000,21,ok,2026-10-08T16:06:36Z
2026-10-08T16:00:00Z,scarperia,0.00,0.000,21,ok,2026-10-08T16:16:41Z
2026-10-08T16:05:00Z,scarperia,0.00,0.000,21,ok,2026-10-08T16:16:41Z
2026-10-08T16:10:00Z,scarperia,0.00,0.000,21,ok,2026-10-08T16:26:36Z
2026-10-08T16:15:00Z,scarperia,0.00,0.000,21,ok,2026-10-08T16:26:36Z
2026-10-08T16:20:00Z,scarperia,0.00,0.000,21,ok,2026-10-08T16:36:27Z
2026-10-08T16:25:00Z,scarperia,0.00,0.000,21,ok,2026-10-08T16:36:27Z
2026-10-08T16:30:00Z,scarperia,0.00,0.000,21,ok,2026-10-08T16:46:39Z
2026-10-08T16:35:00Z,scarperia,0.00,0.000,21,ok,2026-10-08T16:46:39Z
2026-10-08T16:40:00Z,scarperia,0.00,0.000,21,ok,2026-10-08T16:56:36Z
2026-10-08T16:45:00Z,scarperia,0.00,0.000,21,ok,2026-10-08T16:56:36Z
2026-10-08T16:50:00Z,scarperia,0.00,0.000,21,ok,2026-10-08T17:06:33Z
2026-10-08T16:55:00Z,scarperia,0.00,0.000,21,ok,2026-10-08T17:06:33Z
2026-10-08T17:00:00Z,scarperia,0.00,0.000,21,ok,2026-10-08T17:16:37Z
2026-10-08T17:05:00Z,scarperia,0.00,0.000,21,ok,2026-10-08T17:16:37Z
2026-10-08T17:10:00Z,scarperia,0.00,0.000,21,ok,2026-10-08T17:26:28Z
2026-10-08T17:15:00Z,scarperia,0.00,0.000,21,ok,2026-10-08T17:26:28Z
2026-10-08T17:20:00Z,scarperia,0.00,0.000,21,ok,2026-10-08T17:36:29Z
2026-10-08T17:25:00Z,scarperia,0.00,0.000,21,ok,2026-10-08T17:36:29Z
2026-10-08T17:30:00Z,scarperia,0.76,0.184,21,ok,2026-10-08T17:46:38Z
2026-10-08T17:35:00Z,scarperia,1.05,0.175,21,ok,2026-10-08T17:46:38Z
2026-10-08T17:40:00Z,scarperia,2.04,0.523,21,ok,2026-10-08T17:56:40Z
2026-10-08T17:45:00Z,scarperia,2.27,0.225,21,ok,2026-10-08T17:56:40Z
2026-10-08T17:50:00Z,scarperia,2.05,0.374,21,ok,2026-10-08T18:06:31Z
2026-10-08T17:55:00Z,scarperia,2.37,0.453,21,ok,2026-10-08T18:06:31Z
2026-10-08T18:00:00Z,scarperia,1.84,0.365,21,ok,2026-10-08T18:16:45Z
2026-10-08T18:05:00Z,scarperia,2.69,0.290,21,ok,2026-10-08T18:16:45Z
2026-10-08T18:10:00Z,scarperia,3.15,0.251,21,ok,2026-10-08T18:26:31Z
2026-10-08T18:15:00Z,scarperia,1.38,0.080,21,ok,2026-10-08T18:26:31Z
2026-10-08T18:20:00Z,scarperia,1.42,0.117,21,ok,2026-10-08T18:36:39Z
2026-10-08T18:25:00Z,scarperia,1.00,0.047,21,ok,2026-10-08T18:36:39Z
2026-10-08T18:30:00Z,scarperia,0.00,0.000,21,ok,2026-10-08T18:46:34Z
2026-10-08T18:35:00Z,scarperia,0.00,0.000,21,ok,2026-10-08T18:46:34Z
2026-10-08T18:40:00Z,scarperia,0.00,0.000,21,ok,2026-10-08T18:56:36Z
2026-10-08T18:45:00Z,scarperia,0.00,0.000,21,ok,2026-10-08T18:56:36Z
2026-10-08T18:50:00Z,scarperia,0.00,0.000,21,ok,2026-10-08T19:07:14Z
2026-10-08T18:55:00Z,scarperia,0.00,0.000,21,ok,2026-10-08T19:07:14Z
2026-10-08T19:00:00Z,scarperia,0.00,0.000,21,ok,2026-10-08T19:16:34Z
2026-10-08T19:05:00Z,scarperia,0.00,0.000,21,ok,2026-10-08T19:16:34Z
2026-10-08T19:10:00Z,scarperia,0.00,0.000,21,ok,2026-10-08T19:26:29Z
2026-10-08T19:15:00Z,scarperia,0.00,0.000,21,ok,2026-10-08T19:26:29Z
2026-10-08T19:20:00Z,scarperia,0.00,0.000,21,ok,2026-10-08T19:36:26Z
2026-10-08T19:25:00Z,scarperia,0.00,0.000,21,ok,2026-10-08T19:36:26Z
2026-10-08T19:30:00Z,scarperia,0.00,0.000,21,ok,2026-10-08T19:46:41Z
2026-10-08T19:35:00Z,scarperia,0.00,0.000,21,ok,2026-10-08T19:46:41Z
2026-10-08T19:40:00Z,scarperia,0.00,0.000,21,ok,2026-10-08T19:56:28Z
2026-10-08T19:45:00Z,scarperia,0.00,0.000,21,ok,2026-10-08T19:56:28Z
2026-10-08T19:50:00Z,scarperia,0.00,0.000,21,ok,2026-10-08T20:06:25Z
2026-10-08T19:55:00Z,scarperia,0.00,0.000,21,ok,2026-10-08T20:06:25Z
2026-10-08T20:00:00Z,scarperia,0.00,0.000,21,ok,2026-10-08T20:16:30Z
2026-10-08T20:05:00Z,scarperia,0.89,0.359,21,ok,2026-10-08T20:16:30Z
2026-10-08T20:10:00Z,scarperia,0.84,0.576,21,ok,2026-10-08T20:26:23Z
2026-10-08T20:15:00Z,scarperia,0.51,0.273,21,ok,2026-10-08T20:26:23Z
2026-10-08T20:20:00Z,scarperia,0.00,0.000,21,ok,2026-10-08T20:36:30Z
2026-10-08T20:25:00Z,scarperia,0.00,0.000,21,ok,2026-10-08T20:36:30Z
2026-10-08T20:30:00Z,scarperia,0.00,0.000,21,ok,2026-10-08T20:39:07Z
2026-10-08T20:35:00Z,scarperia,0.00,0.000,21,ok,2026-10-08T20:51:22Z
2026-10-08T20:40:00Z,scarperia,0.00,0.000,21,ok,2026-10-08T20:51:22Z
2026-10-08T20:45:00Z,scarperia,0.00,0.000,21,ok,2026-10-08T21:01:51Z
2026-10-08T20:50:00Z,scarperia,0.00,0.000,21,ok,2026-10-08T21:01:51Z
2026-10-08T20:55:00Z,scarperia,0.00,0.000,21,ok,2026-10-08T21:11:32Z
2026-10-08T21:00:00Z,scarperia,0.00,0.000,21,ok,2026-10-08T21:11:32Z
2026-10-08T21:05:00Z,scarperia,0.00,0.000,21,ok,2026-10-08T21:21:25Z
2026-10-08T21:10:00Z,scarperia,0.00,0.000,21,ok,2026-10-08T21:21:25Z
2026-10-08T21:15:00Z,scarperia,0.00,0.000,21,ok,2026-10-08T21:31:36Z
2026-10-08T21:20:00Z,scarperia,0.00,0.000,21,ok,2026-10-08T21:31:36Z
2026-10-08T21:25:00Z,scarperia,0.00,0.000,21,ok,2026-10-08T21:41:23Z
2026-10-08T21:30:00Z,scarperia,0.00,0.000,21,ok,2026-10-08T21:41:23Z
2026-10-08T21:35:00Z,scarperia,0.00,0.000,21,ok,2026-10-08T21:51:35Z
2026-10-08T21:40:00Z,scarperia,0.00,0.000,21,ok,2026-10-08T21:51:35Z
2026-10-08T21:45:00Z,scarperia,0.00,0.000,21,ok,2026-10-08T22:01:48Z
2026-10-08T21:50:00Z,scarperia,0.00,0.000,21,ok,2026-10-08T22:01:48Z
2026-10-08T21:55:00Z,scarperia,0.00,0.000,21,ok,2026-10-08T22:11:35Z
2026-10-08T22:00:00Z,scarperia,0.00,0.000,21,ok,2026-10-08T22:11:35Z
2026-10-08T22:05:00Z,scarperia,0.75,0.104,21,ok,2026-10-08T22:21:31Z
2026-10-08T22:10:00Z,scarperia,1.52,0.892,21,ok,2026-10-08T22:21:31Z
2026-10-08T22:15:00Z,scarperia,4.03,1.984,21,ok,2026-10-08T22:31:36Z
2026-10-08T22:20:00Z,scarperia,8.80,3.252,21,ok,2026-10-08T22:31:36Z
2026-10-08T22:25:00Z,scarperia,21.03,7.906,21,ok,2026-10-08T22:41:25Z
2026-10-08T22:30:00Z,scarperia,19.80,12.200,21,ok,2026-10-08T22:41:25Z
2026-10-08T22:35:00Z,scarperia,15.40,12.563,21,ok,2026-10-08T22:51:35Z
2026-10-08T22:40:00Z,scarperia,11.81,9.650,21,ok,2026-10-08T22:51:35Z
2026-10-08T22:45:00Z,scarperia,8.99,6.725,21,ok,2026-10-08T23:01:47Z
2026-10-08T22:50:00Z,scarperia,10.80,7.656,21,ok,2026-10-08T23:01:47Z
2026-10-08T22:55:00Z,scarperia,1.55,1.108,21,ok,2026-10-08T23:11:25Z
2026-10-08T23:00:00Z,scarperia,2.20,1.154,21,ok,2026-10-08T23:11:25Z
2026-10-08T23:05:00Z,scarperia,4.95,1.855,21,ok,2026-10-08T23:21:34Z
2026-10-08T23:10:00Z,scarperia,20.43,4.625,21,ok,2026-10-08T23:21:34Z
2026-10-08T23:15:00Z,scarperia,21.91,5.524,21,ok,2026-10-08T23:31:49Z
2026-10-08T23:20:00Z,scarperia,6.44,3.533,21,ok,2026-10-08T23:31:49Z
2026-10-08T23:25:00Z,scarperia,2.80,1.371,21,ok,2026-10-08T23:41:26Z
2026-10-08T23:30:00Z,scarperia,0.41,0.107,21,ok,2026-10-08T23:41:26Z
2026-10-08T23:35:00Z,scarperia,0.00,0.000,21,ok,2026-10-08T23:51:30Z
2026-10-08T23:40:00Z,scarperia,0.00,0.000,21,ok,2026-10-08T23:51:30Z
2026-10-08T23:45:00Z,scarperia,0.00,0.000,21,ok,2026-10-09T00:02:08Z
2026-10-08T23:50:00Z,scarperia,0.00,0.000,21,ok,2026-10-09T00:02:08Z
2026-10-08T23:55:00Z,scarperia,0.00,0.000,21,ok,2026-10-09T00:11:44Z
2026-10-09T00:00:00Z,scarperia,0.00,0.000,21,ok,2026-10-09T00:11:44Z
2026-10-09T00:05:00Z,scarperia,0.00,0.000,21,ok,2026-10-09T00:21:38Z
2026-10-09T00:10:00Z,scarperia,0.00,0.000,21,ok,2026-10-09T00:21:38Z
2026-10-09T00:15:00Z,scarperia,0.00,0.000,21,ok,2026-10-09T00:31:49Z
2026-10-09T00:20:00Z,scarperia,0.00,0.000,21,ok,2026-10-09T00:31:49Z
2026-10-09T00:25:00Z,scarperia,0.00,0.000,21,ok,2026-10-09T00:40:32Z
2026-10-09T00:30:00Z,scarperia,0.00,0.000,21,ok,2026-10-09T00:40:32Z
2026-10-09T00:35:00Z,scarperia,0.00,0.000,21,ok,2026-10-09T00:51:31Z
2026-10-09T00:40:00Z,scarperia,0.00,0.000,21,ok,2026-10-09T00:51:31Z
2026-10-09T00:45:00Z,scarperia,0.00,0.000,21,ok,2026-10-09T01:01:53Z
2026-10-09T00:50:00Z,scarperia,0.00,0.000,21,ok,2026-10-09T01:01:53Z
2026-10-09T00:55:00Z,scarperia,0.00,0.000,21,ok,2026-10-09T01:11:50Z
2026-10-09T01:00:00Z,scarperia,0.00,0.000,21,ok,2026-10-09T01:11:50Z
2026-10-09T01:05:00Z,scarperia,0.00,0.000,21,ok,2026-10-09T01:21:42Z
2026-10-09T01:10:00Z,scarperia,0.00,0.000,21,ok,2026-10-09T01:21:42Z
2026-10-09T01:15:00Z,scarperia,0.76,0.135,21,ok,2026-10-09T01:31:45Z
2026-10-09T01:20:00Z,scarperia,1.01,0.145,21,ok,2026-10-09T01:31:45Z
2026-10-09T01:25:00Z,scarperia,0.50,0.048,21,ok,2026-10-09T01:41:46Z
2026-10-09T01:30:00Z,scarperia,0.42,0.045,21,ok,2026-10-09T01:41:46Z
2026-10-09T01:35:00Z,scarperia,1.64,0.244,21,ok,2026-10-09T01:51:39Z
2026-10-09T01:40:00Z,scarperia,3.01,1.488,21,ok,2026-10-09T01:51:39Z
2026-10-09T01:45:00Z,scarperia,3.90,2.126,21,ok,2026-10-09T02:02:32Z
2026-10-09T01:50:00Z,scarperia,3.79,3.229,21,ok,2026-10-09T02:02:32Z
2026-10-09T01:55:00Z,scarperia,3.62,3.137,21,ok,2026-10-09T02:12:01Z
2026-10-09T02:00:00Z,scarperia,3.10,2.520,21,ok,2026-10-09T02:12:01Z
2026-10-09T02:05:00Z,scarperia,1.88,1.431,21,ok,2026-10-09T02:22:10Z
2026-10-09T02:10:00Z,scarperia,1.00,0.762,21,ok,2026-10-09T02:22:10Z
2026-10-09T02:15:00Z,scarperia,0.45,0.116,21,ok,2026-10-09T02:32:02Z
2026-10-09T02:20:00Z,scarperia,0.00,0.000,21,ok,2026-10-09T02:32:02Z
2026-10-09T02:25:00Z,scarperia,0.00,0.000,21,ok,2026-10-09T02:41:57Z
2026-10-09T02:30:00Z,scarperia,0.00,0.000,21,ok,2026-10-09T02:41:57Z
2026-10-09T02:35:00Z,scarperia,0.00,0.000,21,ok,2026-10-09T02:51:38Z
2026-10-09T02:40:00Z,scarperia,0.00,0.000,21,ok,2026-10-09T02:51:38Z
2026-10-09T02:45:00Z,scarperia,0.00,0.000,21,ok,2026-10-09T03:02:01Z
2026-10-09T02:50:00Z,scarperia,0.00,0.000,21,ok,2026-10-09T03:02:01Z
2026-10-09T02:55:00Z,scarperia,0.00,0.000,21,ok,2026-10-09T03:11:45Z
2026-10-09T03:00:00Z,scarperia,0.00,0.000,21,ok,2026-10-09T03:11:45Z
2026-10-09T03:05:00Z,scarperia,0.00,0.000,21,ok,2026-10-09T03:21:54Z
2026-10-09T03:10:00Z,scarperia,0.00,0.000,21,ok,2026-10-09T03:21:54Z
2026-10-09T03:15:00Z,scarperia,0.00,0.000,21,ok,2026-10-09T03:31:59Z
2026-10-09T03:20:00Z,scarperia,0.00,0.000,21,ok,2026-10-09T03:31:59Z
2026-10-09T03:25:00Z,scarperia,0.00,0.000,21,ok,2026-10-09T03:41:57Z
2026-10-09T03:30:00Z,scarperia,0.00,0.000,21,ok,2026-10-09T03:41:57Z
2026-10-09T03:35:00Z,scarperia,0.00,0.000,21,ok,2026-10-09T03:51:42Z
2026-10-09T03:40:00Z,scarperia,0.00,0.000,21,ok,2026-10-09T03:51:42Z
2026-10-09T03:45:00Z,scarperia,0.00,0.000,21,ok,2026-10-09T04:01:55Z
2026-10-09T03:50:00Z,scarperia,0.00,0.000,21,ok,2026-10-09T04:01:55Z
2026-10-09T03:55:00Z,scarperia,0.00,0.000,21,ok,2026-10-09T04:11:57Z
2026-10-09T04:00:00Z,scarperia,0.00,0.000,21,ok,2026-10-09T04:11:57Z
2026-10-09T04:05:00Z,scarperia,0.00,0.000,21,ok,2026-10-09T04:21:41Z
2026-10-09T04:10:00Z,scarperia,0.00,0.000,21,ok,2026-10-09T04:21:41Z
2026-10-09T04:15:00Z,scarperia,0.00,0.000,21,ok,2026-10-09T04:31:50Z
2026-10-09T04:20:00Z,scarperia,0.00,0.000,21,ok,2026-10-09T04:31:50Z
2026-10-09T04:25:00Z,scarperia,0.00,0.000,21,ok,2026-10-09T04:41:54Z
2026-10-09T04:30:00Z,scarperia,0.00,0.000,21,ok,2026-10-09T04:41:54Z
2026-10-09T04:35:00Z,scarperia,0.00,0.000,21,ok,2026-10-09T04:51:42Z
2026-10-09T04:40:00Z,scarperia,0.00,0.000,21,ok,2026-10-09T04:51:42Z
2026-10-09T04:45:00Z,scarperia,0.00,0.000,21,ok,2026-10-09T05:02:25Z
2026-10-09T04:50:00Z,scarperia,0.00,0.000,21,ok,2026-10-09T05:02:25Z
2026-10-09T04:55:00Z,scarperia,0.00,0.000,21,ok,2026-10-09T05:11:49Z
2026-10-09T05:00:00Z,scarperia,0.00,0.000,21,ok,2026-10-09T05:11:49Z
2026-10-09T05:05:00Z,scarperia,0.00,0.000,21,ok,2026-10-09T05:22:00Z
2026-10-09T05:10:00Z,scarperia,0.00,0.000,21,ok,2026-10-09T05:22:00Z
2026-10-09T05:15:00Z,scarperia,0.00,0.000,21,ok,2026-10-09T05:31:58Z
2026-10-09T05:20:00Z,scarperia,0.00,0.000,21,ok,2026-10-09T05:31:58Z
2026-10-09T05:25:00Z,scarperia,0.00,0.000,21,ok,2026-10-09T05:41:44Z
2026-10-09T05:30:00Z,scarperia,0.00,0.000,21,ok,2026-10-09T05:41:44Z
2026-10-09T05:35:00Z,scarperia,0.00,0.000,21,ok,2026-10-09T05:51:54Z
2026-10-09T05:40:00Z,scarperia,0.00,0.000,21,ok,2026-10-09T05:51:54Z
2026-10-09T05:45:00Z,scarperia,0.00,0.000,21,ok,2026-10-09T06:01:48Z
2026-10-09T05:50:00Z,scarperia,0.00,0.000,21,ok,2026-10-09T06:01:48Z
2026-10-09T05:55:00Z,scarperia,0.00,0.000,21,ok,2026-10-09T06:11:25Z
2026-10-09T06:00:00Z,scarperia,0.00,0.000,21,ok,2026-10-09T06:11:25Z
2026-10-09T06:05:00Z,scarperia,0.00,0.000,21,ok,2026-10-09T06:21:38Z
2026-10-09T06:10:00Z,scarperia,0.00,0.000,21,ok,2026-10-09T06:21:38Z
2026-10-09T06:15:00Z,scarperia,0.00,0.000,21,ok,2026-10-09T06:32:01Z
2026-10-09T06:20:00Z,scarperia,0.00,0.000,21,ok,2026-10-09T06:32:01Z
2026-10-09T06:25:00Z,scarperia,0.00,0.000,21,ok,2026-10-09T06:42:03Z
2026-10-09T06:30:00Z,scarperia,0.00,0.000,21,ok,2026-10-09T06:42:03Z
2026-10-09T06:35:00Z,scarperia,0.00,0.000,21,ok,2026-10-09T06:47:07Z
2026-10-09T06:40:00Z,scarperia,0.00,0.000,21,ok,2026-10-09T06:56:42Z
2026-10-09T06:45:00Z,scarperia,0.00,0.000,21,ok,2026-10-09T06:56:42Z
2026-10-09T06:50:00Z,scarperia,0.00,0.000,21,ok,2026-10-09T07:06:38Z
2026-10-09T06:55:00Z,scarperia,0.00,0.000,21,ok,2026-10-09T07:06:38Z
2026-10-09T07:00:00Z,scarperia,0.00,0.000,21,ok,2026-10-09T07:16:53Z
2026-10-09T07:05:00Z,scarperia,0.00,0.000,21,ok,2026-10-09T07:16:53Z
2026-10-09T07:10:00Z,scarperia,0.00,0.000,21,ok,2026-10-09T07:26:57Z
2026-10-09T07:15:00Z,scarperia,0.00,0.000,21,ok,2026-10-09T07:26:57Z
2026-10-09T07:20:00Z,scarperia,0.00,0.000,21,ok,2026-10-09T07:36:33Z
2026-10-09T07:25:00Z,scarperia,0.00,0.000,21,ok,2026-10-09T07:36:33Z
2026-10-09T07:30:00Z,scarperia,0.00,0.000,21,ok,2026-10-09T07:47:04Z
2026-10-09T07:35:00Z,scarperia,0.00,0.000,21,ok,2026-10-09T07:47:04Z
2026-10-09T07:40:00Z,scarperia,0.00,0.000,21,ok,2026-10-09T07:56:50Z
2026-10-09T07:45:00Z,scarperia,0.00,0.000,21,ok,2026-10-09T07:56:50Z
2026-10-09T07:50:00Z,scarperia,0.00,0.000,21,ok,2026-10-09T08:06:34Z
2026-10-09T07:55:00Z,scarperia,0.00,0.000,21,ok,2026-10-09T08:06:34Z
2026-10-09T08:00:00Z,scarperia,0.00,0.000,21,ok,2026-10-09T08:16:52Z
2026-10-09T08:05:00Z,scarperia,0.00,0.000,21,ok,2026-10-09T08:16:52Z
2026-10-09T08:10:00Z,scarperia,0.00,0.000,21,ok,2026-10-09T08:26:49Z
2026-10-09T08:15:00Z,scarperia,0.00,0.000,21,ok,2026-10-09T08:26:49Z
2026-10-09T08:20:00Z,scarperia,0.00,0.000,21,ok,2026-10-09T08:36:46Z
2026-10-09T08:25:00Z,scarperia,0.00,0.000,21,ok,2026-10-09T08:36:46Z
2026-10-09T08:30:00Z,scarperia,0.00,0.000,21,ok,2026-10-09T08:46:44Z
2026-10-09T08:35:00Z,scarperia,0.00,0.000,21,ok,2026-10-09T08:46:44Z
2026-10-09T08:40:00Z,scarperia,0.00,0.000,21,ok,2026-10-09T08:56:33Z
2026-10-09T08:45:00Z,scarperia,0.00,0.000,21,ok,2026-10-09T08:56:33Z
2026-10-09T08:50:00Z,scarperia,0.00,0.000,21,ok,2026-10-09T09:06:35Z
2026-10-09T08:55:00Z,scarperia,0.00,0.000,21,ok,2026-10-09T09:06:35Z
2026-10-09T09:00:00Z,scarperia,0.00,0.000,21,ok,2026-10-09T09:16:44Z
2026-10-09T09:05:00Z,scarperia,0.00,0.000,21,ok,2026-10-09T09:16:44Z
2026-10-09T09:10:00Z,scarperia,0.00,0.000,21,ok,2026-10-09T09:26:48Z
2026-10-09T09:15:00Z,scarperia,0.00,0.000,21,ok,2026-10-09T09:26:48Z
2026-10-09T09:20:00Z,scarperia,0.00,0.000,21,ok,2026-10-09T09:36:41Z
2026-10-09T09:25:00Z,scarperia,0.00,0.000,21,ok,2026-10-09T09:36:41Z
2026-10-09T09:30:00Z,scarperia,0.00,0.000,21,ok,2026-10-09T09:46:47Z
2026-10-09T09:35:00Z,scarperia,0.00,0.000,21,ok,2026-10-09T09:46:47Z
2026-10-09T09:40:00Z,scarperia,0.00,0.000,21,ok,2026-10-09T09:56:34Z
2026-10-09T09:45:00Z,scarperia,0.00,0.000,21,ok,2026-10-09T09:56:34Z
2026-10-09T09:50:00Z,scarperia,0.00,0.000,21,ok,2026-10-09T10:06:33Z
2026-10-09T09:55:00Z,scarperia,0.00,0.000,21,ok,2026-10-09T10:06:33Z
2026-10-09T10:00:00Z,scarperia,0.00,0.000,21,ok,2026-10-09T10:16:56Z
2026-10-09T10:05:00Z,scarperia,0.00,0.000,21,ok,2026-10-09T10:16:56Z
2026-10-09T10:10:00Z,scarperia,0.00,0.000,21,ok,2026-10-09T10:26:30Z
2026-10-09T10:15:00Z,scarperia,0.00,0.000,21,ok,2026-10-09T10:26:30Z
2026-10-09T10:20:00Z,scarperia,0.00,0.000,21,ok,2026-10-09T10:36:28Z
2026-10-09T10:25:00Z,scarperia,0.00,0.000,21,ok,2026-10-09T10:36:28Z
2026-10-09T10:30:00Z,scarperia,0.00,0.000,21,ok,2026-10-09T10:46:39Z
2026-10-09T10:35:00Z,scarperia,0.00,0.000,21,ok,2026-10-09T10:46:39Z
2026-10-09T10:40:00Z,scarperia,0.00,0.000,21,ok,2026-10-09T10:56:31Z
2026-10-09T10:45:00Z,scarperia,0.00,0.000,21,ok,2026-10-09T10:56:31Z
2026-10-09T10:50:00Z,scarperia,0.00,0.000,21,ok,2026-10-09T11:06:45Z
2026-10-09T10:55:00Z,scarperia,0.00,0.000,21,ok,2026-10-09T11:06:45Z
2026-10-09T11:00:00Z,scarperia,0.00,0.000,21,ok,2026-10-09T11:16:50Z
2026-10-09T11:05:00Z,scarperia,0.00,0.000,21,ok,2026-10-09T11:16:50Z
2026-10-09T11:10:00Z,scarperia,0.00,0.000,21,ok,2026-10-09T11:26:33Z
2026-10-09T11:15:00Z,scarperia,0.00,0.000,21,ok,2026-10-09T11:26:33Z
2026-10-09T11:20:00Z,scarperia,0.00,0.000,21,ok,2026-10-09T11:36:43Z
2026-10-09T11:25:00Z,scarperia,0.00,0.000,21,ok,2026-10-09T11:36:43Z
2026-10-09T11:30:00Z,scarperia,0.00,0.000,21,ok,2026-10-09T11:46:40Z
2026-10-09T11:35:00Z,scarperia,0.00,0.000,21,ok,2026-10-09T11:46:40Z
2026-10-09T11:40:00Z,scarperia,0.00,0.000,21,ok,2026-10-09T11:56:33Z
2026-10-09T11:45:00Z,scarperia,0.00,0.000,21,ok,2026-10-09T11:56:33Z
2026-10-09T11:50:00Z,scarperia,0.00,0.000,21,ok,2026-10-09T12:06:36Z
2026-10-09T11:55:00Z,scarperia,0.00,0.000,21,ok,2026-10-09T12:06:36Z
2026-10-09T12:00:00Z,scarperia,0.00,0.000,21,ok,2026-10-09T12:16:45Z
2026-10-09T12:05:00Z,scarperia,0.00,0.000,21,ok,2026-10-09T12:16:45Z
2026-10-09T12:10:00Z,scarperia,0.00,0.000,21,ok,2026-10-09T12:26:36Z
2026-10-09T12:15:00Z,scarperia,0.00,0.000,21,ok,2026-10-09T12:26:36Z
2026-10-09T12:20:00Z,scarperia,0.00,0.000,21,ok,2026-10-09T12:37:02Z
2026-10-09T12:25:00Z,scarperia,0.00,0.000,21,ok,2026-10-09T12:37:02Z
2026-10-09T12:30:00Z,scarperia,0.00,0.000,21,ok,2026-10-09T12:46:56Z
2026-10-09T12:35:00Z,scarperia,0.00,0.000,21,ok,2026-10-09T12:46:56Z
2026-10-09T12:40:00Z,scarperia,0.00,0.000,21,ok,2026-10-09T12:56:41Z
2026-10-09T12:45:00Z,scarperia,0.00,0.000,21,ok,2026-10-09T12:56:41Z
2026-10-09T12:50:00Z,scarperia,0.00,0.000,21,ok,2026-10-09T13:06:40Z
2026-10-09T12:55:00Z,scarperia,0.00,0.000,21,ok,2026-10-09T13:06:40Z
2026-10-09T13:00:00Z,scarperia,0.00,0.000,21,ok,2026-10-09T13:16:50Z
2026-10-09T13:05:00Z,scarperia,0.00,0.000,21,ok,2026-10-09T13:16:50Z
2026-10-09T13:10:00Z,scarperia,0.00,0.000,21,ok,2026-10-09T13:26:50Z
2026-10-09T13:15:00Z,scarperia,0.00,0.000,21,ok,2026-10-09T13:26:50Z
2026-10-09T13:20:00Z,scarperia,0.00,0.000,21,ok,2026-10-09T13:36:48Z
2026-10-09T13:25:00Z,scarperia,0.53,0.085,21,ok,2026-10-09T13:36:48Z
2026-10-09T13:30:00Z,scarperia,1.00,0.344,21,ok,2026-10-09T13:47:09Z
2026-10-09T13:35:00Z,scarperia,1.36,0.742,21,ok,2026-10-09T13:47:09Z
2026-10-09T13:40:00Z,scarperia,1.63,1.124,21,ok,2026-10-09T13:52:46Z
2026-10-09T13:45:00Z,scarperia,1.71,1.208,21,ok,2026-10-09T13:52:46Z
2026-10-09T13:50:00Z,scarperia,2.93,1.833,21,ok,2026-10-09T14:03:26Z
2026-10-09T13:55:00Z,scarperia,2.22,1.592,21,ok,2026-10-09T14:03:26Z
2026-10-09T14:00:00Z,scarperia,1.99,0.735,21,ok,2026-10-09T14:12:28Z
2026-10-09T14:05:00Z,scarperia,0.38,0.036,21,ok,2026-10-09T14:22:16Z
2026-10-09T14:10:00Z,scarperia,0.00,0.000,21,ok,2026-10-09T14:22:16Z
2026-10-09T14:15:00Z,scarperia,0.00,0.000,21,ok,2026-10-09T14:32:20Z
2026-10-09T14:20:00Z,scarperia,0.00,0.000,21,ok,2026-10-09T14:32:20Z
2026-10-09T14:25:00Z,scarperia,0.00,0.000,21,ok,2026-10-09T14:41:38Z
2026-10-09T14:30:00Z,scarperia,0.00,0.000,21,ok,2026-10-09T14:41:38Z
2026-10-09T14:35:00Z,scarperia,0.00,0.000,21,ok,2026-10-09T14:51:43Z
2026-10-09T14:40:00Z,scarperia,0.00,0.000,21,ok,2026-10-09T14:51:43Z
2026-10-09T14:45:00Z,scarperia,0.00,0.000,21,ok,2026-10-09T15:02:06Z
2026-10-09T14:50:00Z,scarperia,0.00,0.000,21,ok,2026-10-09T15:02:06Z
2026-10-09T14:55:00Z,scarperia,0.00,0.000,21,ok,2026-10-09T15:11:39Z
2026-10-09T15:00:00Z,scarperia,0.00,0.000,21,ok,2026-10-09T15:11:39Z
2026-10-09T15:05:00Z,scarperia,0.00,0.000,21,ok,2026-10-09T15:21:49Z
2026-10-09T15:10:00Z,scarperia,0.38,0.037,21,ok,2026-10-09T15:21:49Z
2026-10-09T15:15:00Z,scarperia,0.45,0.021,21,ok,2026-10-09T15:31:43Z
2026-10-09T15:20:00Z,scarperia,0.00,0.000,21,ok,2026-10-09T15:31:43Z
2026-10-09T15:25:00Z,scarperia,0.00,0.000,21,ok,2026-10-09T15:41:55Z
2026-10-09T15:30:00Z,scarperia,0.00,0.000,21,ok,2026-10-09T15:41:55Z
2026-10-09T15:35:00Z,scarperia,0.00,0.000,21,ok,2026-10-09T15:51:46Z
2026-10-09T15:40:00Z,scarperia,0.00,0.000,21,ok,2026-10-09T15:51:46Z
2026-10-09T15:45:00Z,scarperia,0.00,0.000,21,ok,2026-10-09T16:02:13Z
2026-10-09T15:50:00Z,scarperia,0.00,0.000,21,ok,2026-10-09T16:02:13Z
2026-10-09T15:55:00Z,scarperia,0.00,0.000,21,ok,2026-10-09T16:11:57Z
2026-10-09T16:00:00Z,scarperia,0.00,0.000,21,ok,2026-10-09T16:11:57Z
2026-10-09T16:05:00Z,scarperia,0.00,0.000,21,ok,2026-10-09T16:22:00Z
2026-10-09T16:10:00Z,scarperia,0.00,0.000,21,ok,2026-10-09T16:22:00Z
2026-10-09T16:15:00Z,scarperia,0.00,0.000,21,ok,2026-10-09T16:31:53Z
2026-10-09T16:20:00Z,scarperia,0.00,0.000,21,ok,2026-10-09T16:31:53Z
2026-10-09T16:25:00Z,scarperia,0.00,0.000,21,ok,2026-10-09T16:41:46Z
2026-10-09T16:30:00Z,scarperia,0.00,0.000,21,ok,2026-10-09T16:41:46Z
2026-10-09T16:35:00Z,scarperia,0.00,0.000,21,ok,2026-10-09T16:51:33Z
2026-10-09T16:40:00Z,scarperia,0.00,0.000,21,ok,2026-10-09T16:51:33Z
2026-10-09T16:45:00Z,scarperia,0.00,0.000,21,ok,2026-10-09T17:01:45Z
2026-10-09T16:50:00Z,scarperia,0.00,0.000,21,ok,2026-10-09T17:01:45Z
2026-10-09T16:55:00Z,scarperia,0.00,0.000,21,ok,2026-10-09T17:11:30Z
2026-10-09T17:00:00Z,scarperia,0.00,0.000,21,ok,2026-10-09T17:11:30Z
2026-10-09T17:05:00Z,scarperia,0.00,0.000,21,ok,2026-10-09T17:21:33Z
2026-10-09T17:10:00Z,scarperia,0.00,0.000,21,ok,2026-10-09T17:21:33Z
2026-10-09T17:15:00Z,scarperia,0.00,0.000,21,ok,2026-10-09T17:31:43Z
2026-10-09T17:20:00Z,scarperia,0.00,0.000,21,ok,2026-10-09T17:31:43Z
2026-10-09T17:25:00Z,scarperia,0.00,0.000,21,ok,2026-10-09T17:41:36Z
2026-10-09T17:30:00Z,scarperia,0.00,0.000,21,ok,2026-10-09T17:41:36Z
2026-10-09T17:35:00Z,scarperia,0.00,0.000,21,ok,2026-10-09T17:51:32Z
2026-10-09T17:40:00Z,scarperia,0.00,0.000,21,ok,2026-10-09T17:51:32Z
2026-10-09T17:45:00Z,scarperia,0.00,0.000,21,ok,2026-10-09T18:01:49Z
2026-10-09T17:50:00Z,scarperia,0.00,0.000,21,ok,2026-10-09T18:01:49Z
2026-10-09T17:55:00Z,scarperia,0.00,0.000,21,ok,2026-10-09T18:11:35Z
2026-10-09T18:00:00Z,scarperia,0.00,0.000,21,ok,2026-10-09T18:11:35Z
2026-10-09T18:05:00Z,scarperia,0.00,0.000,21,ok,2026-10-09T18:21:29Z
2026-10-09T18:10:00Z,scarperia,0.00,0.000,21,ok,2026-10-09T18:21:29Z
2026-10-09T18:15:00Z,scarperia,0.00,0.000,21,ok,2026-10-09T18:31:31Z
2026-10-09T18:20:00Z,scarperia,0.00,0.000,21,ok,2026-10-09T18:31:31Z
2026-10-09T18:25:00Z,scarperia,0.00,0.000,21,ok,2026-10-09T18:41:33Z
2026-10-09T18:30:00Z,scarperia,0.00,0.000,21,ok,2026-10-09T18:41:33Z
2026-10-09T18:35:00Z,scarperia,0.00,0.000,21,ok,2026-10-09T18:51:28Z
2026-10-09T18:40:00Z,scarperia,0.00,0.000,21,ok,2026-10-09T18:51:28Z
2026-10-09T18:45:00Z,scarperia,0.00,0.000,21,ok,2026-10-09T19:01:43Z
2026-10-09T18:50:00Z,scarperia,0.00,0.000,21,ok,2026-10-09T19:01:43Z
2026-10-09T18:55:00Z,scarperia,0.00,0.000,21,ok,2026-10-09T19:11:27Z
2026-10-09T19:00:00Z,scarperia,0.00,0.000,21,ok,2026-10-09T19:11:27Z
2026-10-09T19:05:00Z,scarperia,0.00,0.000,21,ok,2026-10-09T19:14:21Z
2026-10-09T19:10:00Z,scarperia,0.00,0.000,21,ok,2026-10-09T19:26:23Z
2026-10-09T19:15:00Z,scarperia,0.00,0.000,21,ok,2026-10-09T19:26:23Z
2026-10-09T19:20:00Z,scarperia,0.00,0.000,21,ok,2026-10-09T19:36:28Z
2026-10-09T19:25:00Z,scarperia,0.00,0.000,21,ok,2026-10-09T19:36:28Z
2026-10-09T19:30:00Z,scarperia,0.00,0.000,21,ok,2026-10-09T19:46:29Z
2026-10-09T19:35:00Z,scarperia,0.00,0.000,21,ok,2026-10-09T19:46:29Z
2026-10-09T19:40:00Z,scarperia,0.00,0.000,21,ok,2026-10-09T19:56:21Z
2026-10-09T19:45:00Z,scarperia,0.00,0.000,21,ok,2026-10-09T19:56:21Z
2026-10-09T19:50:00Z,scarperia,0.00,0.000,21,ok,2026-10-09T20:06:21Z
2026-10-09T19:55:00Z,scarperia,0.00,0.000,21,ok,2026-10-09T20:06:21Z
2026-10-09T20:00:00Z,scarperia,0.00,0.000,21,ok,2026-10-09T20:16:37Z
2026-10-09T20:05:00Z,scarperia,0.00,0.000,21,ok,2026-10-09T20:16:37Z
2026-10-09T20:10:00Z,scarperia,0.00,0.000,21,ok,2026-10-09T20:26:27Z
2026-10-09T20:15:00Z,scarperia,0.00,0.000,21,ok,2026-10-09T20:26:27Z
2026-10-09T20:20:00Z,scarperia,0.00,0.000,21,ok,2026-10-09T20:36:29Z
2026-10-09T20:25:00Z,scarperia,0.00,0.000,21,ok,2026-10-09T20:36:29Z
2026-10-09T20:30:00Z,scarperia,0.00,0.000,21,ok,2026-10-09T20:46:21Z
2026-10-09T20:35:00Z,scarperia,0.00,0.000,21,ok,2026-10-09T20:46:21Z
2026-10-09T20:40:00Z,scarperia,0.00,0.000,21,ok,2026-10-09T20:56:19Z
2026-10-09T20:45:00Z,scarperia,0.00,0.000,21,ok,2026-10-09T20:56:19Z
2026-10-09T20:50:00Z,scarperia,0.00,0.000,21,ok,2026-10-09T21:06:25Z
2026-10-09T20:55:00Z,scarperia,0.00,0.000,21,ok,2026-10-09T21:06:25Z
2026-10-09T21:00:00Z,scarperia,0.00,0.000,21,ok,2026-10-09T21:16:26Z
2026-10-09T21:05:00Z,scarperia,0.00,0.000,21,ok,2026-10-09T21:16:26Z
2026-10-09T21:10:00Z,scarperia,0.00,0.000,21,ok,2026-10-09T21:26:23Z
2026-10-09T21:15:00Z,scarperia,0.00,0.000,21,ok,2026-10-09T21:26:23Z
2026-10-09T21:20:00Z,scarperia,0.00,0.000,21,ok,2026-10-09T21:36:22Z
2026-10-09T21:25:00Z,scarperia,0.00,0.000,21,ok,2026-10-09T21:36:22Z
2026-10-09T21:30:00Z,scarperia,0.00,0.000,21,ok,2026-10-09T21:46:22Z
2026-10-09T21:35:00Z,scarperia,0.00,0.000,21,ok,2026-10-09T21:46:22Z
2026-10-09T21:40:00Z,scarperia,0.00,0.000,21,ok,2026-10-09T21:56:22Z
2026-10-09T21:45:00Z,scarperia,0.00,0.000,21,ok,2026-10-09T21:56:22Z
2026-10-09T21:50:00Z,scarperia,0.00,0.000,21,ok,2026-10-09T22:06:27Z
2026-10-09T21:55:00Z,scarperia,0.00,0.000,21,ok,2026-10-09T22:06:27Z
2026-10-09T22:00:00Z,scarperia,0.00,0.000,21,ok,2026-10-09T22:16:26Z
2026-10-09T22:05:00Z,scarperia,0.00,0.000,21,ok,2026-10-09T22:16:26Z
2026-10-09T22:10:00Z,scarperia,0.00,0.000,21,ok,2026-10-09T22:26:16Z
2026-10-09T22:15:00Z,scarperia,0.00,0.000,21,ok,2026-10-09T22:26:16Z
2026-10-09T22:20:00Z,scarperia,0.00,0.000,21,ok,2026-10-09T22:36:22Z
2026-10-09T22:25:00Z,scarperia,0.00,0.000,21,ok,2026-10-09T22:36:22Z
